draw_id,draw_date,day_of_week,prize_1st,prize_2nd,prize_3rd,special_1,special_2,special_3,special_4,special_5,special_6,special_7,special_8,special_9,special_10,consolation_1,consolation_2,consolation_3,consolation_4,consolation_5,consolation_6,consolation_7,consolation_8,consolation_9,consolation_10,jackpot_1_prize,jackpot_1_winners,jackpot_2_prize,jackpot_2_winners,gold_jackpot_1_prize,gold_jackpot_1_winners,gold_jackpot_2_prize,gold_jackpot_2_winners,life_num_1,life_num_2,life_num_3,life_num_4,life_num_5,life_num_6,life_num_7,life_num_8,life_bonus_1,life_bonus_2,life_winner_1,life_winner_2,is_valid_jackpot,is_valid_gold_jackpot,is_valid_mgold,is_valid_life
455/21,02/01/2021,Sun,2919,8810,5151,6320,9792,6930,5296,5454,1373,8182,3468,3463,4948,8993,2847,9793,5140,6359,0906,8351,6766,8459,4027,9226664.77,0.0,333817.24,1.3709230708,7709871.2,0.05,128996.84,0.2,03,04,07,09,19,28,30,31,32,34,0.0,1.0,1,1,1,1
456/21,03/01/2021,Mon,5083,2070,9228,9118,8254,8312,6575,8766,3465,3605,8859,2924,4681,6984,2419,7102,6209,3776,2102,9417,5703,8891,9205,10070039.61,0.0,153340.88,2.1806773723,7381026.03,0.0,123260.44,0.225,11,14,16,17,27,31,32,35,19,26,0.0,0.0,1,1,1,1
457/21,06/01/2021,Thu,7484,2720,7505,0767,3466,5544,6289,8153,3723,5121,3750,8307,5043,5776,5727,1152,5146,5376,5431,8437,1738,4666,4737,10972889.58,0.0519108931,164154.54,0.0,7441415.83,0.0,116914.89,0.225,02,06,11,13,14,21,27,34,07,31,0.0,0.0,1,1,1,1
458/21,09/01/2021,Sun,2894,4636,4062,7192,5973,8447,9759,9346,9058,1390,5669,0465,3195,2831,2184,2674,7885,2197,1999,9482,6677,8934,4325,11328269.45,0.0,332334.97,0.1247874494,7502277.86,0.0,112164.34,0.0,04,07,09,19,21,26,28,33,03,13,0.0,0.0,1,1,1,1
459/21,10/01/2021,Mon,6473,1905,4693,1772,2349,2473,0697,0246,2772,8687,9860,3873,2017,2874,8003,9728,5178,0910,3993,9392,6746,2019,7830,12259538.99,0.0,460185.48,0.4272761911,7560459.96,0.0,132770.5,0.0,07,09,10,13,14,18,19,21,02,06,0.0,0.0,1,1,1,1
460/21,13/01/2021,Thu,2908,5845,4608,1325,2578,4907,3373,1035,2568,1037,6690,3640,4212,5949,6365,9184,4419,2357,4631,1694,1434,9593,6450,12791010.01,0.0,360190.28,0.210623672,7594589.62,0.0,144858.09,0.0,01,05,13,14,16,23,34,36,10,25,0.0,0.0,1,1,1,1
461/21,16/01/2021,Sun,6619,4623,6860,6138,7660,5278,2313,8010,2221,3722,6021,9274,7756,3469,5781,2778,8174,1892,2659,0171,5101,1591,4273,13221903.11,0.0,362669.88,1.1297269632,7621144.98,0.0,154263.11,0.1,04,06,07,11,12,17,21,31,03,26,0.0,0.0,1,1,1,1
462/21,17/01/2021,Mon,7035,8385,2216,2352,0949,7632,7643,0283,7604,7153,6905,1119,5576,5404,3603,9773,4082,2378,5153,0539,4456,3449,2196,13636812.72,0.0285714286,100000.0,0.0054214876,7646473.14,0.0,147807.19,0.0,05,11,13,14,16,20,21,24,09,36,0.0,0.0,1,1,1,1
463/21,20/01/2021,Thu,1134,0229,1868,7050,7298,6075,0038,5936,7398,4317,8672,9755,1516,0595,9487,0045,3067,2528,0516,9231,1702,7134,5498,13614585.43,0.0,141695.22,0.0027855153,7668823.38,0.0,155722.9,0.0,05,07,10,15,24,30,31,32,29,33,0.0,0.0,1,1,1,1
464/21,23/01/2021,Sun,6299,2973,4256,5836,6953,8411,4647,9651,1636,9313,3428,0468,4712,1278,6851,1826,6711,0957,2062,2689,8911,6926,9275,13832643.46,0.0,180947.45,0.005988024,7682856.23,0.0,160692.87,0.0,07,08,19,22,28,29,30,36,09,12,0.0,0.0,1,1,1,1
465/21,24/01/2021,Mon,6750,9924,7492,0886,4974,2895,5944,6885,3660,7437,3868,1902,0840,0747,6494,6757,4305,1783,2167,6098,0437,2049,9074,14042558.8,0.0,218030.36,0.0066542795,7696411.11,0.0,165493.56,0.0,04,07,08,10,11,23,30,34,18,29,0.0,0.0,1,1,1,1
466/21,26/01/2021,Wed,1065,6781,2039,2289,9208,9605,2040,1647,0330,6922,8196,1732,4225,0571,0039,3135,3826,0595,0306,6717,2804,4251,7630,14182126.55,0.0,241955.48,0.0041493776,7705106.68,0.0,168573.24,0.0,06,07,12,20,23,25,31,32,16,30,0.0,0.0,1,1,1,1
467/21,27/01/2021,Thu,6682,5586,1149,6700,7119,8149,4910,4228,6266,2359,3301,5333,9132,8728,5229,3909,3771,2227,8794,3822,3311,0993,1601,14332116.34,0.0,268222.39,0.0,7715390.4,0.0,172215.39,0.0,01,07,11,17,26,29,32,33,02,14,0.0,0.0,1,1,1,1
468/21,30/01/2021,Sun,2836,7770,9975,3508,9627,1275,7901,5690,6033,1603,0050,4768,7868,8107,9231,6265,3774,0531,8250,3149,9903,8215,2641,14495255.2,0.0,297884.0,0.080314348,7726120.02,0.0,176015.46,0.0,01,02,09,15,21,25,26,27,06,12,0.0,0.0,1,1,1,1
469/21,31/01/2021,Mon,1798,0532,6184,8682,4916,3204,1951,8505,4975,3477,7010,2211,0397,8003,4336,3771,9231,5903,3783,7048,6147,6643,4949,14647162.23,0.0,301579.1,0.0,7736555.81,0.0,179711.47,0.0,07,13,19,20,21,26,30,32,02,36,0.0,0.0,1,1,1,1
470/21,02/02/2021,Wed,1767,1889,6235,3346,6162,1914,5848,2190,4084,1037,8636,8277,5953,1985,0199,8640,5300,7777,8010,4958,3630,4416,8158,14777352.48,0.0,325250.06,0.0030959752,7744788.06,0.0,182627.06,0.0,01,06,11,19,23,26,33,34,21,30,0.0,0.0,1,1,1,1
471/21,03/02/2021,Thu,4503,4220,0344,8732,7345,3313,3569,4508,7906,3983,5363,3508,5495,7930,3107,5527,3163,8482,3463,7703,0659,2056,1277,14928488.14,0.0,351722.3,0.0174270574,7754612.42,0.0,186106.52,0.0,05,13,17,19,24,27,32,36,03,04,0.0,0.0,1,1,1,1
472/21,06/02/2021,Sun,1891,5143,5212,0542,6912,5328,5022,8555,0185,7502,8353,4298,5432,1931,8538,5061,5479,0412,2883,7432,7606,9780,2054,15087558.67,0.0,374514.74,0.0229655874,7765025.83,0.0,189794.6,0.0,05,07,14,19,20,28,30,34,15,33,0.0,0.0,1,1,1,1
473/21,07/02/2021,Mon,8100,1550,3743,5292,8573,7007,4442,2190,2603,2714,9149,3027,0493,0800,2799,8210,5935,4113,3804,9453,1087,3497,0791,15246162.45,0.0,394750.84,0.0260842881,7775458.05,0.0,193489.35,0.0,07,08,14,17,18,21,22,29,24,30,0.0,0.0,1,1,1,1
474/21,09/02/2021,Wed,6694,0825,5035,9309,1400,1936,3721,0496,4498,4254,4980,2917,2416,7094,5949,4476,4119,8461,2635,9042,4568,0118,5590,15394647.9,0.0,411451.4,0.0,7784665.25,0.0,196750.23,0.0,01,04,16,21,24,25,29,30,09,17,0.0,0.0,1,1,1,1
475/21,10/02/2021,Thu,8926,4223,9814,9072,5267,2990,1363,0072,3688,6004,3377,7752,3685,3866,0689,4391,8513,4071,6160,1527,2082,6570,6792,15563532.74,0.0,442157.74,0.0,7795799.58,0.0,200693.64,0.0,01,05,07,10,15,25,26,30,20,23,0.0,0.0,1,1,1,1
476/21,13/02/2021,Sun,3845,3479,2587,6990,9094,5118,2124,4799,9425,0381,1617,6761,0269,2926,0651,3778,1452,9658,7600,7511,2174,2661,5469,15756493.56,0.0,477241.53,0.0075341842,7808066.87,0.0,205038.3,0.0,05,06,09,16,24,26,31,36,10,14,0.0,0.0,1,1,1,1
477/21,14/02/2021,Mon,9701,2881,0361,4779,5494,4967,3270,5338,0197,8141,3428,8607,1037,6852,0681,8254,0351,6625,9365,6179,1770,8020,6396,15947634.84,0.0,508398.87,0.159910048,7820034.19,0.0,209276.73,0.05,02,03,13,16,17,22,33,34,01,11,0.0,0.0,1,1,1,1
478/21,16/02/2021,Wed,4210,1647,0122,6325,0325,6539,8544,0194,5041,4550,3191,2314,6469,6609,0030,6633,3321,9731,1932,3606,8663,9805,7329,16728908.85,0.0040160643,569150.6,0.0329307711,7852917.83,0.0,210459.18,0.0,01,03,09,13,16,33,35,36,20,25,0.0,0.0,1,1,1,1
479/21,17/02/2021,Thu,8119,4088,2271,4024,6525,4805,5316,6401,2617,3635,5680,0407,4955,5433,7408,2919,8466,2557,6379,0453,9280,2393,2021,17665900.15,0.0,732985.43,0.1342862248,7896398.83,0.0,225858.7,0.0,03,04,12,14,24,30,33,35,05,36,0.0,1.0,1,1,1,1
480/21,20/02/2021,Sun,2383,0601,9708,3450,3596,9425,2043,7177,9620,8567,2134,5792,9232,8373,8383,0878,6051,2455,0344,9790,6243,9187,4645,18930824.77,0.0285714286,864541.89,1.2091646932,7948134.05,0.0,244181.59,0.375,01,03,07,13,18,24,25,36,04,20,0.0,0.0,1,1,1,1
481/21,21/02/2021,Mon,1235,7648,7931,9464,8123,6481,6683,6786,4521,2267,3316,9003,8131,7684,0602,5600,5615,3283,8819,7500,7147,0570,6701,19669850.3,0.0066959776,232710.23,0.099966695,8000353.98,0.0,171108.05,0.0,01,05,06,07,18,25,26,32,11,14,0.0,0.0,1,1,1,1
482/21,24/02/2021,Thu,2538,8976,8513,7489,4197,9699,1693,6723,7485,1974,1750,0532,3005,5626,2846,9116,2956,6983,4008,4560,4415,2946,2201,20891126.82,0.016123922,455444.31,0.3350171609,8053399.76,0.0,189895.1,0.15,01,22,28,29,30,34,35,36,06,31,0.0,0.0,1,1,1,1
483/21,27/02/2021,Sun,8915,8120,9255,0555,7892,1407,6899,2262,7061,7039,4898,1252,6906,4529,7850,4513,0505,7494,2628,0188,4214,0300,9883,22013043.22,0.0042194093,568092.34,0.1200565592,8108963.51,0.0,181089.66,0.175,08,11,13,14,15,26,32,35,12,22,0.0,1.0,1,1,1,1
484/21,28/02/2021,Mon,4541,5650,2025,2608,7134,1365,3794,5074,3111,8856,3548,8968,3792,4200,4663,2741,0775,4107,5192,5059,0750,6815,0504,23426210.97,0.0938020352,773716.37,1.5154877254,8164190.07,0.0,168958.38,0.05,01,08,18,23,25,27,31,36,19,35,0.0,0.0,1,1,1,1
485/21,02/03/2021,Wed,2995,0295,1048,4348,3220,0422,4537,3283,5668,3485,3787,6789,7696,7188,8470,4937,0157,3415,5961,5050,9375,3502,3380,22468798.46,0.0114942529,225457.05,0.2877481657,8208050.63,0.0,176044.41,0.0,03,05,09,11,23,24,31,34,06,17,0.0,0.0,1,1,1,1
486/21,03/03/2021,Thu,2802,7189,4111,1130,4756,6731,8514,5694,6544,4428,5012,0404,4678,8473,8082,8981,4967,1770,8077,2683,7175,2413,6074,23653291.1,1.0413842033,422901.24,2.9132887867,8260485.78,0.0,194615.19,0.05,07,09,10,11,20,24,29,31,17,25,0.0,0.0,1,1,1,1
487/21,06/03/2021,Sun,5110,7868,2108,1346,9373,3685,0964,6528,6892,7008,6046,7688,5656,9964,2446,9157,9143,2805,3644,9029,3539,0234,4770,2737462.63,0.0,134084.12,2.4697160247,8320172.29,0.05,206023.4,0.15,07,15,20,21,23,29,32,33,10,18,0.0,0.0,1,1,1,1
488/21,07/03/2021,Mon,6906,5918,6028,9103,3968,6882,2887,1631,8160,2077,2532,5519,5362,6190,4940,1031,4251,5474,4678,0274,8592,2384,2327,3425392.4,0.0,125078.14,2.0344175282,7962736.44,0.0,195864.41,0.0,01,05,10,12,23,32,34,36,28,29,0.0,0.0,1,1,1,1
489/21,10/03/2021,Thu,1041,5436,8442,5167,7229,5861,8470,3003,1398,3801,3994,5533,5780,6142,1523,4559,1115,9130,6722,5565,8493,6665,8040,4118868.81,0.0015974441,126086.62,1.0276974292,8024060.41,0.0,217583.31,0.15,01,04,11,13,15,20,31,35,28,29,0.0,0.0,1,1,1,1
490/21,13/03/2021,Sun,5680,5518,9716,6519,1806,9175,7687,5204,0953,8692,9630,3952,9907,2143,5692,2416,3989,1250,7355,3227,5745,4321,0380,4838215.34,0.0,131986.58,0.0706432137,8085632.87,0.0,206752.72,0.1,01,02,04,09,13,16,17,23,25,31,0.0,0.0,1,1,1,1
491/21,14/03/2021,Mon,8909,2915,5836,9043,5604,2524,5873,7981,9576,0699,1933,9798,5856,1655,0242,6687,5347,3108,5546,1570,5024,5811,7607,5575352.79,0.0018518519,256687.61,0.0340361435,8145946.24,0.0,207438.44,0.0,06,09,10,22,25,26,31,35,15,29,0.0,0.0,1,1,1,1
492/21,17/03/2021,Thu,3751,7025,0941,0746,5802,6211,9085,5955,5506,8023,3209,8816,3549,8119,1564,1053,3045,2248,1483,3037,9325,9277,7601,6310419.22,0.0,383476.63,0.1350148728,8205556.91,0.175,228550.55,0.05,04,05,07,10,12,28,32,36,25,29,0.0,1.0,1,1,1,1
493/21,20/03/2021,Sun,0133,3921,9281,9506,4372,5999,1644,8227,5496,3774,7623,6593,4981,6879,2865,5204,8767,8314,6862,5899,6136,8438,2388,7118489.29,0.0336772911,478623.41,1.0770786491,6829555.09,0.05,238362.62,0.1,02,08,11,18,23,24,25,27,03,09,0.0,0.0,1,1,1,1
494/21,21/03/2021,Mon,8644,1907,6075,5783,7784,8260,9540,0769,6192,5786,2842,0856,4791,5755,9381,5882,9889,0714,0091,3699,2788,5910,2687,7677423.49,0.0,145211.94,1.1480390726,6546624.55,0.0,235261.83,0.25,07,12,13,15,18,20,27,36,01,28,0.0,0.0,1,1,1,1
495/21,24/03/2021,Thu,8011,2694,9244,2362,8236,8941,4080,8481,6569,6283,4012,2011,7874,2572,8191,2305,6743,6880,9915,1863,8691,2450,3921,8475794.2,0.0,145158.31,1.0633415006,6604557.77,0.0,196964.38,0.0,08,13,14,15,19,20,32,35,05,10,0.0,0.0,1,1,1,1
496/21,27/03/2021,Sun,5833,1989,1057,3588,3510,3087,1586,5736,1645,7567,4229,9511,3340,4261,7383,5989,3630,8629,4613,3588,2059,9548,8524,9335552.44,1.0,156319.68,2.054302243,6664274.17,0.0,218113.94,0.0,02,06,07,09,13,25,26,35,15,36,0.0,0.0,1,1,1,1
497/21,28/03/2021,Mon,2593,2694,9444,9097,1531,2543,8626,5053,1527,8967,4785,1798,1424,4785,0450,3759,3010,3534,7990,7294,4279,4376,7086,2676493.15,0.0,122998.76,0.0807876662,6722955.63,0.0,238896.96,0.2,04,10,15,17,22,23,27,32,05,30,0.0,0.0,1,1,1,1
498/21,30/03/2021,Wed,8992,5898,7227,6424,2323,1414,4912,2378,7896,3266,2716,1992,3774,9546,2265,1909,2308,1479,9463,4141,5780,1542,2593,3184488.96,0.0,205424.86,3.3739020742,6769765.4,0.0,207696.03,0.05,04,05,09,12,13,15,21,27,29,34,0.0,0.0,1,1,1,1
499/21,31/03/2021,Thu,8199,6710,1111,2696,4526,3470,0511,7501,6182,0934,2764,5710,5289,3596,1506,3716,2946,2428,1821,1346,6634,7858,2285,3770397.58,0.0,106528.84,0.0765443485,6824340.54,0.0,216639.92,0.525,03,05,08,14,15,17,19,36,12,16,0.0,0.0,1,1,1,1
500/21,03/04/2021,Sun,8985,0786,5185,2525,0409,3389,5502,5693,8893,7451,5412,7741,9210,0447,6032,7883,5342,2255,2925,7577,3862,0045,9558,4434637.37,0.0067567568,219145.53,3.148493537,6886648.37,0.0,124971.32,0.45,03,05,10,15,18,25,30,34,06,28,0.0,0.0,1,1,1,1
501/21,04/04/2021,Mon,6577,2992,3513,6040,0509,1667,0399,6205,4201,9216,2076,7711,0203,3030,4591,7248,6862,0682,0702,6073,7235,3441,7675,5089421.07,0.0,124499.54,0.1449769278,6947847.99,0.0,100000.0,0.0,06,07,10,14,25,30,32,36,03,05,0.0,0.0,1,1,1,1
502/21,06/04/2021,Wed,7439,6426,1896,7053,6901,5240,3140,2159,8569,3780,2371,0795,7416,5440,9772,0384,5267,1606,8355,6724,4589,7301,6989,5650328.37,0.0,208433.13,0.0048728425,6995324.03,0.0,107223.53,0.0,03,07,13,16,21,32,34,35,05,27,0.0,0.0,1,1,1,1
503/21,07/04/2021,Thu,6191,7410,1348,5482,5382,6081,4073,3104,0924,4331,8709,0692,1291,2589,6284,0485,1776,4095,1649,5188,6604,8782,4467,6292539.2,0.0,324183.08,1.1540312987,7050961.44,0.0,126928.44,0.275,04,06,07,15,20,21,32,36,23,24,0.0,0.0,1,1,1,1
504/21,10/04/2021,Sun,9824,2000,7666,8746,0872,3989,0061,8967,2350,5196,4110,1646,4369,7906,1533,2403,3018,9056,8526,4310,1861,9091,2885,6993861.25,0.0909090909,127513.1,0.104607721,7113290.06,0.0,114097.84,0.15,05,08,10,13,14,18,19,23,06,21,0.0,1.0,1,1,1,1
505/21,11/04/2021,Mon,9088,3621,9785,8293,3706,8061,3438,1760,4365,5421,5566,4539,3119,4093,4394,9857,5741,8321,5272,6380,1610,5301,3963,7071419.66,0.0,243876.79,1.0702304276,7173883.01,0.0,118443.16,0.1,06,17,19,20,22,23,27,33,07,14,0.0,0.0,1,1,1,1
506/21,14/04/2021,Thu,8599,6167,4607,9731,8153,7852,3140,1744,9340,8437,4873,4158,5998,1163,9596,5704,4071,8222,0599,0584,5467,7373,6501,7779137.17,0.0,128675.91,6.2107416339,7234929.38,0.0,128219.43,0.0,10,14,17,23,25,31,32,35,01,28,0.0,1.0,1,1,1,1
507/21,17/04/2021,Sun,1426,0111,8889,4457,0684,2555,3892,2217,3007,7382,2557,7469,9901,2217,5173,9282,2828,3606,1052,7442,4343,3194,2602,8516035.94,0.1153728917,133981.6,1.035239835,7295527.08,0.0,149681.12,0.225,01,02,06,08,11,13,24,32,05,14,0.0,0.0,1,1,1,1
508/21,18/04/2021,Mon,3891,1241,4836,4862,4075,7150,5363,7579,0946,4636,1290,3414,6194,8932,9546,1376,8210,0785,1919,2924,4135,4196,5948,8280281.66,0.014084507,135775.53,0.146713519,7354746.11,0.0,136976.28,0.125,02,05,09,13,17,19,29,31,30,33,0.0,0.0,1,1,1,1
509/21,21/04/2021,Thu,1777,6740,1985,6917,7550,1442,5268,4175,0998,6886,9225,0290,1950,8060,9640,3336,6140,3734,0342,9372,5674,4573,3685,8911535.69,0.0,251833.19,1.2750710032,7414034.04,0.0,140852.05,0.0,05,06,11,19,20,23,26,33,15,34,0.0,0.0,1,1,1,1
510/21,24/04/2021,Sun,8294,4630,2474,8619,7917,5658,5287,6607,5569,0111,2341,4731,6131,5932,7435,0543,7794,5195,4571,3701,1924,4819,2147,9699563.92,0.0,143277.86,1.018060954,7473864.89,0.0,162042.14,0.0,01,07,11,15,18,19,24,27,29,36,0.0,0.0,1,1,1,1
511/21,25/04/2021,Mon,2571,8756,7394,2807,5684,1608,1684,7774,2288,4552,6267,0026,1312,2059,1896,7874,7944,6199,0061,4274,6396,5827,1020,10495941.15,0.0,144795.86,0.0289904386,7530998.78,0.0,182277.06,0.1,01,03,08,09,20,26,28,30,07,32,0.0,1.0,1,1,1,1
512/21,28/04/2021,Thu,4871,2926,9344,7670,5614,4504,7186,4186,8258,0670,8884,6182,1085,6458,3729,9069,9484,1572,3604,3780,7810,6914,1751,11297705.0,0.0,286373.41,0.0220773577,7587572.73,0.0,184085.96,0.0,05,07,16,17,25,26,34,36,21,31,0.0,0.0,1,1,1,1
513/21,01/05/2021,Sun,5044,7704,2671,6876,4311,1563,6294,1254,1690,0357,3335,7362,3943,8070,2789,6753,2699,7844,3084,8328,9383,7200,6045,12150568.36,0.1069523471,435117.12,0.0998133375,7656077.17,0.05,208347.95,0.35,02,07,08,10,13,25,30,36,22,26,0.0,0.0,1,1,1,1
514/21,02/05/2021,Mon,4324,8929,4456,1957,2920,8405,4329,5894,7216,3196,3176,2103,6577,4010,5759,9625,0681,6642,5100,5747,3502,0448,4039,11682248.17,0.0526315789,542816.01,0.1237694971,7335345.91,0.0,157410.22,0.175,06,14,16,19,25,29,30,31,04,33,0.0,1.0,1,1,1,1
515/21,05/05/2021,Thu,5763,0962,9419,6315,4497,9818,7989,5334,1198,4311,6625,7112,3120,0754,7050,4853,0456,9463,2132,7588,7239,1451,6852,11879522.02,0.0,623291.77,1.0622148629,7397159.93,0.0,151755.89,0.275,01,18,20,22,23,25,28,34,14,29,0.0,0.0,1,1,1,1
516/21,08/05/2021,Sun,1251,3013,6890,8137,7738,3723,9640,5993,1900,9613,6642,9416,5277,5113,3077,1634,1094,2941,7414,5034,8996,6039,9617,12725694.99,0.001001001,153849.63,4.1251771082,7461989.29,0.0,132983.42,0.0,04,07,11,16,19,20,26,30,06,29,0.0,0.0,1,1,1,1
517/21,09/05/2021,Mon,1127,9776,6290,1799,1291,6720,4928,9145,4364,7166,1522,7854,9423,4430,0720,4046,6659,2393,2677,2390,3817,3631,4128,13558255.29,0.0,153690.68,0.1145349822,7523695.2,0.0,154837.6,0.05,03,06,08,10,11,14,26,27,19,31,0.0,1.0,1,1,1,1
518/21,12/05/2021,Thu,9748,1601,0632,7926,2884,6593,4453,0370,7371,8013,2538,7471,4929,6274,8882,5455,8315,0449,5155,0393,7868,5320,2435,14413282.43,0.0,291547.2,1.0544237789,7586415.86,0.0,169309.29,0.05,03,08,13,14,24,31,33,34,25,28,0.0,0.0,1,1,1,1
519/21,15/05/2021,Sun,1267,0694,7465,4191,8977,1098,1978,3106,5238,7281,5518,2976,8005,6828,8751,8360,6055,8491,9036,1790,9771,0432,8671,15290278.03,0.0,159453.75,0.1634411784,7649373.13,0.0,183141.2,0.0,04,07,09,11,21,22,30,32,19,25,0.0,0.0,1,1,1,1
520/21,16/05/2021,Mon,2611,1817,5058,9392,9882,3561,8484,0390,5360,3289,9030,9609,0843,4893,9995,6109,2209,4072,0030,7479,7805,9321,0262,16198445.35,0.0397255327,298513.77,2.059164376,7709204.18,0.0,204331.36,0.225,08,11,14,18,23,29,30,32,24,28,0.0,0.0,1,1,1,1
521/21,19/05/2021,Thu,5003,8722,8984,2056,6732,4282,6600,6850,1011,4750,6155,5944,8311,6469,4894,6890,5494,3532,2076,9817,2290,2664,6833,16466459.19,0.0092592593,165728.31,0.0586587326,7769349.65,0.0,179658.32,0.15,02,05,06,14,18,24,27,28,12,26,0.0,0.0,1,1,1,1
522/21,22/05/2021,Sun,1303,1470,2572,7819,7084,5439,2971,4467,8016,2981,6255,5648,4481,7828,3366,5407,8417,0461,6892,0064,0169,3391,9107,17341026.07,0.0,342740.37,0.1415860631,7827848.35,0.0,173427.86,0.15,04,10,18,21,24,30,31,34,12,20,0.0,1.0,1,1,1,1
523/21,23/05/2021,Mon,8801,5862,1740,2468,0685,3399,0330,0784,4351,3270,6633,6635,1281,5542,9764,2196,2442,6234,7868,4617,6606,4439,4865,18402961.4,0.005988024,487292.26,0.1739703217,7883421.01,0.0,167095.66,0.15,04,05,06,08,12,16,18,27,33,36,0.0,0.0,1,1,1,1
524/21,25/05/2021,Wed,7781,9329,2353,7088,0587,7766,6832,1183,9573,7708,9134,3306,9426,6776,1892,3470,6092,4596,2958,0396,6309,6442,6676,19187857.59,0.0245685752,565262.16,0.0601892947,7926492.54,0.05,157285.81,0.1,05,10,13,14,16,17,33,35,18,31,0.0,1.0,1,1,1,1
525/21,26/05/2021,Thu,7486,6329,6568,1155,4675,3835,3023,0970,1951,9824,2913,5279,0770,1811,0686,8657,8599,9483,8466,2129,9372,9416,7455,19777784.12,0.0,724211.22,0.1321871131,7581009.36,0.0,159563.58,0.0,03,04,05,06,11,16,18,21,28,36,0.0,0.0,1,1,1,1
526/21,29/05/2021,Sun,4634,4612,2607,6791,0538,5978,4690,9254,4851,4984,3834,7766,6079,4918,6721,8929,0959,0989,4033,1616,4269,1176,6001,20796394.19,0.0023866348,813681.66,0.1002890749,7626783.2,0.0,175775.15,0.1,02,09,10,17,29,31,35,36,06,22,0.0,0.0,1,1,1,1
527/21,30/05/2021,Mon,3725,5241,2070,6714,2468,4082,1502,8519,8613,6206,4808,8609,9310,3344,0176,2454,0922,0941,2144,6117,5500,5654,1433,21819455.44,0.0070577216,927113.67,0.090189716,7672201.83,0.0,174283.39,0.05,01,03,04,10,15,16,21,27,35,36,0.0,0.0,1,1,1,1
580/21,15/09/2021,Thu,7137,1028,9161,5119,2138,0023,0343,3119,6139,8006,2414,0047,3428,1988,5101,1331,8527,2219,8546,4410,2683,7348,7683,23297568.0,0.2073088398,1140244.5,1.3813699316,7697157.95,0.0,174407.85,0.0,03,09,12,16,21,24,33,36,11,31,0.0,0.0,1,1,1,1
581/21,18/09/2021,Sun,2552,1225,4071,1473,3921,1549,5685,6344,0674,1816,4379,4051,7211,0589,7395,4137,5928,7008,0169,6772,1455,1941,5267,19166336.44,0.049867374,127010.95,0.1964408733,7724465.91,0.0,184079.42,0.05,11,14,15,19,29,31,32,36,16,18,0.0,0.0,1,1,1,1
582/21,19/09/2021,Mon,5498,3603,3203,5769,3225,8491,6965,8447,9457,3304,0565,7874,9174,7496,3540,7183,0139,2655,7304,4118,1408,0349,8162,18922379.46,0.0,231482.25,1.181666714,7752980.09,0.0,184974.22,0.85,01,11,13,14,21,31,33,34,07,24,0.0,0.0,1,1,1,1
583/21,22/09/2021,Thu,4851,7868,5669,0295,6500,5515,0248,4391,9165,9236,8744,1242,4476,7444,5966,2035,4267,6180,7345,1130,0050,0976,7003,19651291.93,0.0,132529.54,0.0084070718,7782779.68,0.0,100000.0,0.05,01,09,10,22,29,31,33,34,02,30,0.0,0.0,1,1,1,1
584/21,25/09/2021,Sun,2708,9488,1860,1638,0792,0191,3291,5940,8721,0514,6809,2498,5504,4809,4066,5644,6104,4387,8792,8896,5196,8808,6760,20423431.05,0.0033444816,271804.28,0.0687650696,7814294.75,0.0,100000.0,0.0,01,03,06,08,11,17,27,28,31,36,1.0,0.0,1,1,1,1
585/21,26/09/2021,Mon,2372,7397,2798,7767,5348,6070,3791,6160,6276,0922,1993,9487,2364,5015,7067,8322,4829,5619,5348,7696,8325,7888,1969,21131505.73,0.0,394273.73,0.2773275297,7845104.54,0.0,100000.0,0.05,10,13,16,18,20,26,28,33,07,27,0.0,0.0,1,1,1,1
586/21,28/09/2021,Wed,0259,4505,9841,4966,7791,6527,1723,6134,3691,7497,6636,6174,6598,7858,2119,2915,0001,0209,4387,9742,8519,1930,9153,21782212.88,0.0,403241.16,0.2561204167,7869582.09,0.0,100000.0,0.05,03,09,18,21,25,27,30,32,15,17,0.0,2.0,1,1,1,1
587/21,29/09/2021,Thu,7766,3586,9923,8369,8464,4400,5639,0328,3717,6866,2002,3905,5109,9483,7384,6035,4603,8804,0781,1209,1015,6438,6422,22554482.37,0.0031555774,440375.51,0.3240154716,7900022.41,0.0,100000.0,0.0,07,14,16,20,23,24,33,34,09,28,0.0,0.0,1,1,1,1
588/21,02/10/2021,Sun,2201,4550,1801,2388,8947,7634,1981,7970,0623,7780,5849,9073,9883,4861,6327,6237,4032,3917,9983,6728,0543,1119,7176,23469505.34,0.0,476995.28,1.4757815707,7941553.11,0.0,100000.0,0.15,09,11,15,16,19,23,29,30,08,27,0.0,0.0,1,1,1,1
589/21,03/10/2021,Mon,9488,4320,1268,1255,6376,6143,1972,4546,6026,6361,3731,3601,3261,1963,8556,8042,9230,8476,5616,8123,2119,9802,7385,24519742.08,0.0,190952.14,1.2628671687,7983617.02,0.0,100000.0,0.05,02,09,11,25,26,30,31,33,16,17,0.0,0.0,1,1,1,1
590/21,05/10/2021,Wed,6060,7635,0111,1543,7008,9846,9495,0384,0276,7579,0037,6426,1042,0641,9764,4055,7228,3348,0951,2917,1279,6667,2308,25410058.87,0.0039525692,161875.78,0.228524124,8016458.88,0.0,100000.0,0.0,07,12,15,16,19,23,29,30,04,08,0.0,0.0,1,1,1,1
591/21,06/10/2021,Thu,1630,4144,9254,1530,4134,0459,4109,4181,2336,9001,1735,1651,6369,5769,6011,3991,8712,1820,4919,6222,1643,0466,5191,26397636.19,0.0,322703.69,0.1298475526,8057392.81,0.0,100558.97,0.0,03,09,11,17,19,20,22,30,23,29,0.0,0.0,1,1,1,1
592/21,09/10/2021,Sun,1193,6330,2493,5217,7856,8128,4382,3937,8200,0106,3218,6759,1473,5833,1807,0087,3933,9178,9387,1839,2352,5987,7537,28648005.38,0.1522311097,689959.44,1.9020841159,8109710.94,0.0,119088.31,0.0,08,13,19,22,23,28,29,35,01,12,0.0,0.0,1,1,1,1
593/21,10/10/2021,Mon,8080,6740,0839,4961,6363,9214,0986,0625,9947,2591,6220,8773,8512,7052,0403,5407,0349,2701,9399,8352,8300,3855,1407,25559867.02,0.0142516025,231450.78,1.476396299,8160360.92,0.0,137026.85,0.15,02,03,13,14,19,27,28,34,09,16,0.0,0.0,1,1,1,1
594/21,13/10/2021,Thu,7075,4429,7253,3983,1191,6469,7490,1901,4345,3137,0306,7671,0857,0621,7369,3837,5226,0372,9391,3924,9896,9000,7406,26435910.88,0.0,225511.44,2.3601774257,8211392.45,0.0,134546.49,0.0,08,09,12,13,23,24,30,33,01,26,0.0,0.0,1,1,1,1
595/21,16/10/2021,Sun,6941,0642,0997,8511,5907,9836,7560,4318,9111,4211,2893,4680,0751,9200,3949,7693,6056,9088,3528,5018,6019,0394,8362,28710916.58,0.0644609022,413637.4,0.8123142351,8262890.67,0.1,152785.44,0.0,05,09,10,20,26,30,32,33,19,35,0.0,0.0,1,1,1,1
596/21,17/10/2021,Mon,6810,1911,6769,0318,7604,8953,6937,1145,3948,5362,3757,6588,1807,6249,6800,9971,8935,6740,9462,6630,8612,3559,7828,28183573.18,1.197718562,318249.89,0.420754143,7486129.91,0.1,170326.72,0.425,05,22,26,27,28,29,34,36,09,13,0.0,0.0,1,1,1,1
597/21,20/10/2021,Thu,3618,7330,4133,3164,1558,2949,8566,1038,9786,6163,1014,3808,1874,0530,8940,3441,0757,9824,9185,7924,7465,8810,3419,2603038.59,0.0,293988.31,0.288926629,6785799.22,0.0,115037.84,0.1,01,04,09,21,24,29,31,35,08,10,0.0,0.0,1,1,1,1
598/21,23/10/2021,Sun,8578,5297,6115,0857,5005,3906,6047,7103,0901,4176,5393,7812,2999,5286,5623,3002,4029,4307,8413,6965,7992,8690,6820,3169221.79,0.0,311989.66,1.2563958917,6837193.49,0.0,121736.2,0.05,10,12,13,16,28,29,34,36,09,20,0.0,1.0,1,1,1,1
599/21,24/10/2021,Mon,6212,5149,4968,3916,8730,1202,5566,4054,2394,2673,4114,6911,6187,2824,3676,2180,3889,8276,5178,3747,5968,4369,1235,3716166.6,0.0,100000.0,1.0129032258,6887223.73,0.05,133368.43,0.05,02,12,21,26,27,28,31,33,07,29,0.0,0.0,1,1,1,1
600/21,26/10/2021,Wed,3610,6090,5349,8520,1069,6255,5285,2100,6920,2245,5112,2505,0456,6012,2927,4806,8319,1046,8059,4059,8987,6135,4807,4160385.43,0.1111111111,100000.0,1.0469176214,6582829.24,0.0,140854.88,0.25,11,19,20,22,28,30,31,32,12,21,0.0,0.0,1,1,1,1
601/21,27/10/2021,Thu,7309,3501,4989,0696,0595,6200,1318,9106,3259,3390,9164,2568,0797,2285,2158,4618,6295,6446,2254,7592,3959,0386,7088,4201100.44,0.0,100000.0,0.0139681223,6630469.23,0.0,122513.66,0.1,06,10,12,14,15,33,35,36,21,25,0.0,0.0,1,1,1,1
602/21,30/10/2021,Sun,2124,3423,8962,9095,8670,6616,1852,8654,3293,6750,4939,6758,2998,6949,0709,5791,8961,6187,0541,8413,2700,5086,4355,4749697.2,0.0212765957,189798.98,0.0464812639,6681876.56,0.0,128469.05,0.0,01,09,10,14,16,19,25,27,06,28,0.0,0.0,1,1,1,1
603/21,31/10/2021,Mon,3639,0693,8123,9904,0202,5617,0326,3204,2218,7698,8681,3578,4412,7307,5333,5988,9591,6593,8832,6161,8504,3199,4135,5207373.65,0.0,282564.85,1.1843237477,6732829.09,0.0,146514.74,1.15,02,11,21,23,29,31,33,35,03,26,0.0,0.0,1,1,1,1
604/21,02/11/2021,Wed,3361,0778,9361,2021,8967,1643,0249,4835,0936,6339,9715,9947,4144,9144,1460,6766,0718,8575,6352,5766,3840,6315,4179,5679861.11,0.0,100000.0,0.1568516541,6773844.0,0.0,100000.0,0.0,03,07,11,15,19,24,27,30,22,26,0.0,0.0,1,1,1,1
605/21,03/11/2021,Thu,1318,2294,4708,7566,0710,8178,4619,9169,9102,2313,2794,4206,4352,2884,2380,0588,2868,0892,5203,2188,8609,2976,2699,6236420.58,0.012987013,171414.27,1.1351286655,6822938.5,0.0,100000.0,0.225,05,16,25,27,28,31,33,36,11,14,0.0,0.0,1,1,1,1
606/21,06/11/2021,Sun,9470,8317,5158,6742,9204,4792,6701,7886,6477,0567,3403,3486,4335,6089,9595,6554,3959,0806,9435,5046,0804,7978,7636,6758359.31,0.0,109623.86,0.0253525139,6875800.74,0.0,100000.0,0.1,09,10,20,25,26,29,34,35,27,32,0.0,0.0,1,1,1,1
607/21,07/11/2021,Mon,8881,7342,4777,9850,0773,3353,7458,7118,1149,3828,2711,6467,6771,7057,6666,2444,1936,6568,3787,9929,7739,2302,9047,7389636.58,0.0114942529,221622.31,0.133333333,6927401.72,0.0,100000.0,0.175,07,09,13,14,17,30,35,36,31,34,0.0,0.0,1,1,1,1
608/21,10/11/2021,Thu,7762,2968,9727,0807,1686,9136,4171,2295,4313,6914,8876,0772,9477,8782,6473,8478,3578,1446,4630,8670,3671,3013,4222,7945069.25,0.0,335098.45,1.1258551684,6976150.9,0.05,100000.0,0.05,02,06,14,24,26,27,34,36,01,21,0.0,0.0,1,1,1,1
609/21,13/11/2021,Sun,5691,4449,2699,5997,2714,8407,9579,5667,7031,0381,0077,8334,1034,5428,2370,0405,2173,6878,0662,5397,9940,6246,1523,8617511.02,0.0,122262.14,0.0630706637,6677773.75,0.0,100000.0,0.0,01,03,07,13,14,19,22,28,34,35,0.0,0.0,1,1,1,1
610/21,14/11/2021,Mon,0156,0590,6894,4860,5132,0681,0191,3096,4557,7030,8885,2026,9818,5081,4934,4640,4496,8665,0311,3129,9979,0695,7569,9309620.74,0.0,240389.12,0.0277265117,6727883.79,0.0,100000.0,0.0,06,09,13,16,21,30,34,36,11,31,0.0,0.0,1,1,1,1
611/21,17/11/2021,Thu,3856,5584,6108,2096,2901,4559,1924,9801,7710,8829,6114,8845,9086,2986,1998,2719,6969,0280,2289,8222,0677,1048,5106,10023132.33,0.001345895,363453.34,1.1947303421,6777723.76,0.0,100000.0,0.0,01,05,19,22,28,30,32,36,11,17,0.0,0.0,1,1,1,1
612/21,20/11/2021,Sun,4275,6024,5993,5993,2014,1196,0068,5437,4837,8437,4221,2279,1387,4882,8880,8580,5181,0589,0396,7424,4714,2608,4669,10754931.46,0.0,135507.13,0.0688645202,6828560.46,0.0,102440.86,0.05,04,15,18,21,23,25,30,36,14,20,0.0,0.0,1,1,1,1
613/21,21/11/2021,Mon,1185,6976,9155,7688,2035,2806,3739,7096,6443,0243,5327,5342,7756,3430,1148,8567,6749,8080,1770,3358,7003,1838,0096,11508328.28,0.0,263156.74,1.0999226808,6877297.76,0.05,114579.95,0.0,07,10,15,21,27,28,33,34,06,20,0.0,1.0,1,1,1,1
614/21,24/11/2021,Thu,6184,8434,6376,1139,0098,2104,8174,3684,5889,8764,6058,0235,8148,7995,4609,2270,4890,9777,1097,2971,2284,9208,6417,12262383.04,0.0,137100.87,0.1771127635,6581066.72,0.0,131450.27,0.0,02,07,10,11,21,22,29,36,01,26,0.0,0.0,1,1,1,1
615/21,27/11/2021,Sun,7896,8494,0127,7331,3057,1991,0981,9438,3889,4212,0278,9040,3996,3732,8342,0237,8286,8701,3202,7260,9513,2786,3982,13062845.53,0.0105263158,258357.2,0.035385856,6630435.45,0.0,148935.03,0.05,02,09,10,12,17,19,32,33,18,22,0.0,0.0,1,1,1,1
616/21,28/11/2021,Mon,5899,4977,5846,0771,3256,2645,4774,4557,1527,7390,0699,9800,7989,7796,3613,1374,9996,0360,9166,6306,2042,1291,4426,13728146.65,0.006993007,395179.51,0.151265936,6678685.08,0.0,158576.69,0.0,02,03,07,10,12,16,24,33,25,27,0.0,0.0,1,1,1,1
617/21,30/11/2021,Wed,3059,4801,6363,6096,0697,5229,4453,0986,4735,8251,0406,4496,6059,6944,9449,3888,9076,4080,7952,2767,1676,0103,3076,14327085.83,0.0,461755.08,0.1320501289,6718078.57,0.0,172528.55,0.0,04,11,16,20,27,28,30,32,19,34,0.0,0.0,1,1,1,1
618/21,01/12/2021,Thu,4502,0668,4648,1646,6043,8813,7665,9171,0452,2138,9847,5730,8717,3917,1387,6342,9572,8162,7184,9625,1107,2657,0552,15110508.5,0.0055865922,543220.75,0.1866364018,6763702.13,0.0,188686.89,0.1,11,13,21,25,26,31,33,35,10,36,0.0,0.0,1,1,1,1
619/21,04/12/2021,Sun,2251,5487,3935,6087,3654,4429,1508,6947,9746,4454,6432,6735,6470,3281,3715,2611,7422,8293,2599,3127,8276,0013,9505,15883370.6,0.0,597704.77,1.0403440249,6813226.29,0.0,187358.01,0.0,04,12,15,20,31,32,35,36,09,25,0.0,0.0,1,1,1,1
620/21,05/12/2021,Mon,4466,0674,9176,4893,6438,5867,0982,8767,6092,2006,7330,0708,4583,2961,9582,2037,8924,5252,4308,7222,7996,7591,0839,16732643.59,0.0,154413.27,0.1248527409,6861922.01,0.0,204604.41,0.1,02,03,08,12,15,19,25,29,14,27,0.0,0.0,1,1,1,1
621/21,07/12/2021,Wed,0455,1283,4663,5739,1159,2509,5065,8327,9051,0360,4744,7341,8357,8737,1628,8589,3972,3322,8633,6973,8772,3672,3493,17430820.55,0.0212765957,262075.62,0.0529178231,6899464.39,0.0,197440.23,0.125,07,19,23,25,26,27,31,36,20,33,0.0,0.0,1,1,1,1
622/21,08/12/2021,Thu,5180,5176,3854,1829,1984,6342,0079,0944,4362,8124,0645,6959,5139,4008,9669,0521,7094,0023,2595,3913,4101,9305,6381,17879467.49,0.0,397209.96,1.082643462,6945373.26,0.0,189019.59,0.0,01,03,10,13,23,26,30,35,21,36,0.0,0.0,1,1,1,1
623/21,11/12/2021,Sun,4339,9603,1662,2232,6855,5622,1249,1983,9701,6286,3667,6717,9895,0670,7801,3471,9983,7571,7103,6185,5406,8369,1013,18772569.7,0.0,162382.22,0.2450280336,6994506.76,0.0,206421.04,0.05,04,11,15,18,23,29,30,36,06,32,1.0,0.0,1,1,1,1
624/21,12/12/2021,Mon,2682,3265,8850,2969,4996,2198,1770,9834,9316,1814,5587,0287,4957,2521,6421,5996,6294,4793,2178,3154,0168,6664,5490,19698686.46,0.0221751557,290978.89,0.124642272,7043488.79,0.0,213447.79,0.2,01,05,14,17,19,22,24,26,09,33,0.0,0.0,1,1,1,1
625/21,15/12/2021,Thu,2487,1340,5813,8095,9923,1616,4616,3094,6633,8455,9603,9038,7094,3429,5647,0949,6116,9728,4756,7727,0884,7448,4987,20210300.23,0.0093457944,427153.39,1.3034379015,7092744.46,0.0,188202.95,0.0,08,09,14,26,27,29,31,34,06,10,0.0,1.0,1,1,1,1
626/21,18/12/2021,Sun,7188,8095,1856,0194,7296,9489,5375,4137,9532,3851,4067,5129,7884,2167,7064,5618,2462,8947,7982,0153,3370,3950,3046,20946266.39,0.0,168154.09,0.241165599,7139175.46,0.0,204647.26,0.0,03,06,10,12,19,24,29,31,01,25,0.0,0.0,1,1,1,1
627/21,19/12/2021,Mon,0328,1510,7463,1223,6583,5825,9093,1660,6680,3683,7463,1485,8648,3903,0410,8352,7645,7886,7592,0756,5903,9156,5562,21889135.9,0.0224404546,299031.93,1.2451431106,7185350.64,0.05,221000.97,0.225,01,03,12,14,16,17,29,35,06,26,0.0,0.0,1,1,1,1
628/21,22/12/2021,Thu,9325,5628,8799,7102,8666,2692,7975,1686,0257,6619,6529,2713,3236,2760,2167,1390,5661,4046,8233,8440,9469,0086,8745,22389915.64,0.0019880716,180360.35,0.2591972898,6874798.63,0.0,188529.16,0.0,03,06,11,16,17,20,26,31,02,36,0.0,1.0,1,1,1,1
629/21,25/12/2021,Sun,9268,0816,5540,8210,2463,5357,7331,9040,5810,3041,8191,8130,8009,0324,2632,9119,3504,0168,0136,1654,4334,9154,6363,23421997.06,0.0,329355.84,0.110121664,6924676.41,0.0,206194.21,0.05,04,05,06,13,23,30,31,32,02,18,0.0,0.0,1,1,1,1
630/21,26/12/2021,Mon,3787,3032,3808,4978,9167,8949,1744,6404,4537,4475,0912,7769,3197,3474,2859,3763,0077,2066,8544,7750,9677,8211,5304,24530934.84,0.0285714286,494711.67,1.4857508549,6973441.24,0.0,213155.38,0.125,07,10,14,17,18,23,29,34,24,25,0.0,0.0,1,1,1,1
631/21,28/12/2021,Wed,2465,0031,3370,1701,0892,8587,9194,0424,1301,2661,2929,8532,3477,9986,3688,8773,5596,1056,1252,9332,6101,0660,6954,24785594.94,0.0,173735.27,0.096385777,7013021.24,0.0,200528.88,0.0,05,11,23,27,29,30,32,36,19,25,0.0,0.0,1,1,1,1
632/21,29/12/2021,Thu,6265,6325,4561,9907,9027,3138,0887,1013,7917,1700,9559,0138,5625,3441,1156,7277,7858,9643,9800,2312,4239,8065,3207,25922056.59,1.0269762154,363619.05,0.1299443013,7059620.34,0.0,217032.73,0.05,02,03,04,12,22,28,30,36,01,29,0.0,1.0,1,1,1,1
633/22,01/01/2022,Sun,7005,9468,4573,0881,4059,9004,6041,5710,8823,0411,9547,5920,9330,0248,0864,9082,1790,4923,8594,6626,4537,2940,5180,2670389.01,0.0,438257.74,0.0224565391,7112264.98,0.0,224826.07,0.0,02,07,08,19,21,25,29,36,20,30,0.0,0.0,1,1,1,1
634/22,02/01/2022,Mon,5180,1291,1595,6326,6308,0484,0741,7173,4159,5249,8973,1799,9608,7444,9880,7396,1418,9785,2942,6113,9066,9456,5119,3290029.41,0.0,541077.88,0.1327215355,7161286.02,0.0,242187.69,0.0,04,07,08,14,17,29,31,32,06,09,0.0,0.0,1,1,1,1
635/22,05/01/2022,Thu,2544,9925,1590,6170,6630,6997,8582,8124,0522,5795,1616,2716,8946,4915,6675,5030,9841,7415,7707,5963,1057,2732,6826,3883234.63,0.0,577120.69,0.0396488247,7210223.9,0.0,259519.86,0.075,07,10,19,21,24,26,27,28,29,35,0.0,0.0,1,1,1,1
636/22,08/01/2022,Sun,0960,3300,3844,0138,3663,0466,6466,2529,4791,2341,3766,2623,4592,5258,2739,1818,8305,2097,3893,3259,5245,4185,7180,4508487.91,0.0,667920.95,2.3674685603,7260565.0,0.0,257885.01,0.05,03,18,20,22,27,28,31,32,11,26,0.0,0.0,1,1,1,1
637/22,09/01/2022,Mon,8035,6130,6375,5788,0115,4890,7755,2286,3242,7005,7495,8739,8524,7566,0526,8109,6426,3902,7389,0526,4720,5673,0235,5141333.04,0.0,115062.75,0.0647926849,7311585.05,0.0,263060.36,0.1,03,04,05,07,11,21,22,25,17,32,0.0,1.0,1,1,1,1
638/22,12/01/2022,Thu,0302,5940,0813,5556,2195,9883,2547,9915,1406,9647,9070,0746,3419,3115,5415,1179,6185,4413,7899,0649,9990,7607,5797,5768576.77,0.0049261084,221651.85,1.1911485557,7361512.53,0.0,254436.97,0.05,04,07,11,16,18,29,31,36,05,28,0.0,0.0,1,1,1,1
639/22,15/01/2022,Sun,6329,7539,1537,3739,6790,1910,0277,1000,5031,8953,6850,7118,8635,3981,6023,5574,1604,6939,1636,2676,6030,1316,5691,6388819.97,0.0,117938.15,0.0748836673,7411715.23,0.0,259495.24,0.0,05,06,10,17,19,32,33,36,29,30,0.0,0.0,1,1,1,1
640/22,16/01/2022,Mon,7988,6745,3789,6134,9596,5836,0971,0947,3968,6337,1419,0675,9332,6084,0130,1622,0915,9819,5386,3086,1099,9290,9477,7050950.12,0.0,229493.81,0.2174242318,7460950.11,0.0,276932.59,0.225,02,08,10,11,16,19,20,33,04,05,0.0,0.0,1,1,1,1
641/22,19/01/2022,Thu,2927,6124,5680,8506,6744,7980,1584,7631,8324,1001,3219,2456,2547,8034,2625,4258,0789,4354,9829,2833,3638,3465,3083,7715326.94,0.0,300392.08,0.2311548575,7509136.97,0.0,231688.94,0.05,05,07,10,14,16,18,22,23,12,36,0.0,0.0,1,1,1,1
642/22,22/01/2022,Sun,6974,4097,9052,0600,9513,4569,4950,0571,1418,3396,8170,9525,0392,2983,1851,3136,7583,4907,5810,4400,6361,4203,6350,8435018.3,0.0,361807.97,0.0262027041,7559014.56,0.0,237769.47,0.05,08,11,19,24,28,29,33,35,06,22,0.0,0.0,1,1,1,1
643/22,23/01/2022,Mon,6512,5609,1141,9385,4799,3876,0443,9291,1628,6053,1862,9316,9131,5710,7857,0464,6809,9196,8620,3320,0252,1118,5530,9170270.26,0.1111111111,486009.81,0.0691766362,7607904.72,0.0,243196.27,0.05,03,08,15,17,28,31,33,36,20,32,0.0,0.0,1,1,1,1
644/22,25/01/2022,Wed,6811,9914,6572,6654,5635,8113,6077,0813,1509,1818,6160,2066,2195,0207,5092,7830,9371,5168,7413,9707,6738,0119,9536,8783165.24,1.0,567264.54,0.106690917,7653878.74,0.0,247318.92,0.0,01,14,17,18,23,27,31,32,16,25,0.0,0.0,1,1,1,1
645/22,26/01/2022,Thu,4058,2041,7844,3656,4998,2310,7082,7823,7711,0930,0147,3828,2932,8780,5796,2992,7520,2819,9903,3846,4851,5315,8198,2608826.93,0.0,617438.38,0.0218610398,7707751.17,0.0,266398.74,0.125,01,07,09,23,26,28,29,33,11,19,0.0,0.0,1,1,1,1
646/22,29/01/2022,Sun,0049,0112,1189,7000,1673,7608,9731,4812,4908,9224,2013,4366,2338,0696,9635,3666,9250,8592,8279,7907,6015,4034,7851,3272314.7,0.0038022814,724574.67,0.100526472,7776255.41,0.0,257360.82,0.2,10,16,18,19,22,25,26,36,08,27,0.0,0.0,1,1,1,1
647/22,30/01/2022,Mon,0668,1568,3452,7139,6876,0881,9877,5474,0156,1167,7913,8183,6961,2152,3985,2252,2572,2745,7698,7853,8100,9690,5289,3973600.02,0.0032051282,781504.39,0.0671026866,7843557.99,0.0,229724.99,0.15,11,12,15,17,19,22,31,36,08,24,0.0,0.0,1,1,1,1
648/22,02/02/2022,Thu,8842,6836,5112,2857,4431,9268,9972,7913,5949,9114,0542,5243,5598,3563,3843,8722,8647,2129,6257,0208,9793,3703,8875,4779066.42,0.0,877827.4,0.21431084,7919529.8,0.05,222172.92,0.0,04,12,22,26,27,28,29,32,09,19,0.0,0.0,1,1,1,1
649/22,05/02/2022,Sun,8442,8612,9101,2616,7414,5985,4751,8175,6938,7509,3260,6634,8959,9772,0043,0465,4539,2452,2909,6292,1921,7578,1406,5614599.55,0.0021881838,841614.6,0.0395639279,7598068.23,0.0,248563.62,0.475,04,09,14,16,19,25,32,35,29,34,0.0,0.0,1,1,1,1
650/22,06/02/2022,Mon,8284,1688,1431,5830,4747,7024,3615,4547,9102,0045,6684,2456,9841,2184,1183,7380,1790,9324,8229,1851,2940,4331,6008,6426027.94,1.0630576581,958083.23,1.0425852559,7666598.8,0.0,154767.14,0.0,01,07,08,11,19,23,30,33,27,28,0.0,0.0,1,1,1,1
651/22,08/02/2022,Wed,0294,8566,1845,9051,5083,7050,3058,0506,4926,6996,1291,4011,9632,0543,8674,3127,5725,5270,0540,2115,9415,0496,2302,2562435.23,0.0,102260.95,1.0431795664,7721333.13,0.0,174152.21,0.2,04,06,14,15,21,23,30,32,12,20,0.0,0.0,1,1,1,1
652/22,09/02/2022,Thu,6968,6976,4699,6199,5251,4629,8955,5872,9958,9290,9599,4103,9513,4288,6864,5665,6140,4916,0682,2746,7726,2564,1675,3179298.07,0.037037037,112156.88,3.4203618295,7780536.91,0.0,160289.78,0.1,05,07,12,16,19,21,27,28,18,32,0.0,0.0,1,1,1,1
653/22,12/02/2022,Sun,4489,8893,5815,2924,3912,0014,0865,1092,7228,0994,1309,7415,8921,8180,8990,6830,4554,0702,5641,6832,8110,3632,5441,3703712.95,0.1111111111,116757.58,0.1351741352,7847988.38,0.0,168149.86,0.2,04,05,06,12,18,21,29,30,14,33,0.0,0.0,1,1,1,1
654/22,13/02/2022,Mon,9171,1508,5089,6980,6014,8579,6883,5000,5847,8003,4436,0614,1779,0354,7899,0087,3212,2008,2903,2786,2829,9717,1489,3937806.27,0.1111111111,218359.89,0.020072531,7912803.48,0.0,157475.24,0.0,02,07,08,09,20,28,29,35,10,18,0.0,1.0,1,1,1,1
655/22,15/02/2022,Wed,2301,2217,6790,7556,6492,2051,7672,6894,2793,0996,4241,9095,6286,0828,5599,3550,0424,6821,1871,3270,1050,6980,7406,4046494.68,0.0,313290.02,1.2617713752,7963786.3,0.0,175531.66,0.05,04,08,10,12,15,25,34,35,17,36,0.0,1.0,1,1,1,1
656/22,16/02/2022,Thu,7384,9206,6332,1269,9353,3002,8461,9352,6646,9342,4375,5025,6958,6528,6683,7521,4700,8940,6812,0201,5349,3937,7074,4635617.97,0.0,107113.33,0.0066225166,8019656.75,0.0,186542.53,0.0,02,10,19,23,27,30,35,36,18,20,0.0,1.0,1,1,1,1
657/22,19/02/2022,Sun,2041,0689,1991,6167,2077,7501,6675,1810,8721,3397,4227,0428,4573,0570,2953,6305,9651,1864,3779,8821,8518,8977,5252,5250771.99,0.0,218250.16,1.1097506601,8080920.92,0.0,208240.26,0.05,05,06,08,09,15,18,27,29,20,32,0.0,0.0,1,1,1,1
658/22,20/02/2022,Mon,9463,8237,6882,1283,8220,4049,4177,8049,9867,7047,5278,2619,0290,3606,4334,0963,1611,2114,3305,4489,3844,2132,5302,5872662.68,0.0,113071.04,0.0,8139931.45,0.0,218727.81,0.125,10,12,22,26,29,31,33,36,18,34,0.0,0.0,1,1,1,1
659/22,23/02/2022,Thu,8184,9626,7026,9146,0559,1468,2322,3663,4732,6137,0808,4934,0792,8973,3160,1565,9644,8216,9670,0532,3861,7819,4347,6488725.41,0.0285714286,225082.45,1.0933161997,8198690.33,0.05,212197.27,0.0,08,11,12,16,19,24,25,31,33,36,0.0,0.0,1,1,1,1
660/22,26/02/2022,Sun,7484,0949,8714,1322,1333,5466,4522,5847,9769,4075,8292,7232,7774,3383,4394,7168,9328,4292,2541,8066,1864,3012,2899,6938013.95,0.0049261084,115396.49,0.0514861333,7850286.88,0.0,233989.53,0.0,03,18,20,23,25,28,32,33,13,34,0.0,0.0,1,1,1,1
661/22,27/02/2022,Mon,8661,1284,7303,2711,9634,8591,9219,6634,7142,7956,6589,2553,4307,3043,0927,7553,2612,5240,3431,1819,5579,2466,3819,7542475.46,0.0,225571.34,0.0376125746,7908728.96,0.1,254687.77,0.1,02,05,11,15,16,22,25,26,03,19,0.0,0.0,1,1,1,1
662/22,02/03/2022,Thu,7660,5307,8771,7782,4825,9676,9385,8960,6744,9403,5409,4820,9232,8904,0698,8105,4427,0247,4781,4058,8391,8567,5566,8178272.68,0.0,332686.52,0.11466983,7175831.05,0.0,249751.8,0.25,10,14,15,17,27,31,33,35,18,36,0.0,0.0,1,1,1,1
663/22,05/03/2022,Sun,7331,4087,7529,6752,5757,5982,9841,3593,6889,8700,1841,3990,0192,0415,6898,5792,2625,1100,7376,1523,5574,9849,8386,8837001.22,0.0,414306.25,0.019875993,7235990.58,0.0,208620.35,0.15,05,07,13,18,28,31,34,35,17,23,0.0,0.0,1,1,1,1
664/22,06/03/2022,Mon,1226,5965,2851,1369,2359,6409,7089,9311,8193,0648,6134,1780,0200,5249,0579,9828,7926,1748,5715,2406,3140,1579,6597,9511821.25,0.0,528766.05,0.059165591,7295596.3,0.0,198437.66,0.225,01,03,04,12,17,24,25,29,20,33,0.0,0.0,1,1,1,1
665/22,09/03/2022,Thu,7895,2124,3412,4690,2529,4518,5614,3598,5185,0532,8509,1104,3569,8117,2696,9279,8397,1973,8260,0611,4371,6849,6203,10251587.42,0.0068723717,631984.23,1.2156569005,7347309.74,0.0,172104.37,0.175,06,09,15,16,23,25,26,32,05,21,0.0,0.0,1,1,1,1
666/22,12/03/2022,Sun,4701,8468,6383,5305,1289,0560,3474,6047,7940,6259,2323,5199,5838,5043,4137,2453,3423,1213,5579,7550,5990,1579,6952,10932834.19,0.0,136672.64,0.2615059153,7400285.04,0.0,160748.19,0.05,02,05,14,20,21,25,29,35,23,30,0.0,0.0,1,1,1,1
667/22,13/03/2022,Mon,6686,2928,1434,0208,9511,8001,0558,8394,0977,8477,6598,0179,2008,9111,3463,7159,3208,8817,7556,2785,9116,9362,9579,11683612.27,0.1145732689,237437.05,1.1149935672,7451091.64,0.0,170704.78,0.05,02,05,09,12,14,17,31,35,01,10,0.0,0.0,1,1,1,1
668/22,16/03/2022,Thu,9743,8026,4124,1708,6290,0020,4570,6031,8866,4930,0299,7969,9858,3571,4717,9617,7125,3200,5116,4946,1517,6680,0775,11180892.67,0.0,151983.65,1.0345594039,7506138.21,0.1,181665.2,0.15,02,05,11,17,19,21,26,36,15,22,0.0,0.0,1,1,1,1
669/22,19/03/2022,Sun,0488,7765,3943,1724,3601,0626,6442,9055,3792,2064,9429,6859,6038,1861,2363,3706,9343,3240,2992,9980,4284,1137,2191,11966060.16,0.0,142757.73,1.0347531333,6807882.52,0.0,172958.92,0.1,01,08,11,12,13,17,19,22,07,16,0.0,0.0,1,1,1,1
670/22,20/03/2022,Mon,3447,6876,5605,8710,4461,7332,7415,6248,2529,3475,7993,4502,2652,9278,7153,0006,3774,4053,0238,0536,8042,6694,8202,12806500.45,0.0021052632,152807.33,0.0536472359,6859664.27,0.0,174002.4,0.0,02,07,10,12,15,27,30,34,24,25,0.0,0.0,1,1,1,1
671/22,23/03/2022,Thu,3608,5811,8842,0048,9365,0200,3401,1968,3177,2877,7601,8680,0725,6631,2812,9244,3325,9095,0050,4623,4698,3380,8703,13627684.05,0.0,298817.76,3.2198068552,6912065.17,0.0,192561.05,0.15,03,04,08,16,26,30,32,33,01,36,0.0,1.0,1,1,1,1
672/22,26/03/2022,Sun,2136,6724,7933,1609,6805,1491,2875,0806,0203,5004,5986,6467,1007,8845,4269,3891,9021,4574,0116,4423,2229,9895,8688,14508838.72,0.0,160209.94,0.1575640784,6965620.21,0.0,182644.3,0.05,06,08,11,22,28,32,34,35,14,16,0.0,0.0,1,1,1,1
673/22,27/03/2022,Mon,6112,9506,8819,7577,2827,4058,2290,2698,1491,8628,6963,9449,1138,5899,7603,2823,8506,5366,7776,1840,6169,9451,8295,15408855.48,0.091594378,298606.02,1.585409055,7018185.45,0.0,192128.94,0.3,01,05,06,07,12,14,15,28,32,36,0.0,0.0,1,1,1,1
674/22,29/03/2022,Wed,2714,7642,0340,4657,5069,4643,9404,2842,9577,9857,3459,9496,5809,5695,0282,4918,9117,7109,3980,2873,5182,3735,6556,14758323.83,0.0,138333.25,0.0555984556,7060784.56,0.0,149577.44,0.05,01,05,11,14,15,18,22,34,12,28,0.0,0.0,1,1,1,1
675/22,30/03/2022,Thu,4510,3396,1492,8958,9199,7368,7566,8098,6715,4099,1348,5506,1490,5885,7538,6443,8219,9066,9872,4956,1626,6645,8177,15608487.98,0.0,285217.43,1.2666838302,7109921.63,0.0,159501.28,0.15,01,02,08,09,13,16,30,35,05,14,0.0,0.0,1,1,1,1
676/22,02/04/2022,Sun,2459,3962,2784,1205,2150,1481,5357,0011,7088,9814,7601,7055,4003,7383,8724,2774,7606,8549,6641,1137,3302,5547,7298,16602675.1,0.0,180761.3,2.0138105539,7164311.83,0.0,154839.29,0.2,01,03,07,15,22,23,26,35,13,20,0.0,1.0,1,1,1,1
677/22,03/04/2022,Mon,8928,0329,2703,3419,4669,1863,1754,5818,7766,9932,8856,7769,3079,1368,6085,2388,6899,2316,0054,9820,8286,8715,3917,17640351.44,1.0,188668.43,0.2237998983,7218150.01,0.0,142939.12,0.05,03,07,08,13,14,19,26,30,10,28,0.0,0.0,1,1,1,1
678/22,06/04/2022,Thu,1893,7161,2766,9988,5009,5020,2532,1086,9410,4835,7513,4667,2435,0955,1415,4302,3350,1357,9236,5505,8570,4293,4125,2603834.17,0.0,256232.48,0.1043969642,7273123.32,0.05,155261.88,0.05,03,04,09,13,21,22,23,25,15,20,0.0,0.0,1,1,1,1
679/22,09/04/2022,Sun,1672,1014,2009,8146,6339,5448,4823,5301,6546,7706,9316,0978,8467,4126,3189,7654,3678,4320,3097,1180,2219,1820,0001,3199336.88,0.0,337755.81,0.0349386658,6967078.81,0.0,167902.92,0.1,01,10,11,12,16,21,23,36,08,33,0.0,0.0,1,1,1,1
680/22,10/04/2022,Mon,4241,1318,1473,9585,8721,3373,9948,4436,1321,6800,4239,7138,0306,1897,4266,8021,5026,9593,9590,1801,0983,6624,0555,3797044.82,0.0,434629.24,1.1447333859,7023346.05,0.0,171040.61,0.0,06,10,15,17,25,28,29,33,19,23,0.0,0.0,1,1,1,1
681/22,13/04/2022,Thu,2106,3350,1201,7184,5086,6315,4980,4077,5337,4429,0973,7008,7759,2390,6217,1734,9905,6792,6549,2336,3371,3604,5398,4370751.5,0.1111111111,104310.31,1.2410410144,7078233.83,0.0,190480.03,0.05,09,17,19,23,26,30,33,34,15,24,0.0,0.0,1,1,1,1
682/22,16/04/2022,Sun,6109,1452,8354,3072,2294,4742,4770,7698,4547,1667,2436,1119,7876,7787,2065,7928,3971,7479,9828,8456,6610,9265,3625,4469867.93,0.0041841004,106319.18,0.0346424943,7133958.95,0.0,200692.01,0.05,06,09,24,26,27,29,32,34,02,17,0.0,0.0,1,1,1,1
683/22,17/04/2022,Mon,5163,8586,1641,4830,1969,4906,1722,0735,0305,2377,8217,0877,9322,3436,8073,7523,3419,3390,5454,1518,4278,0432,7647,5031654.59,1.006993007,208179.48,0.0223545579,7186505.97,0.0,209267.81,0.05,04,05,13,14,22,24,35,36,09,28,0.0,0.0,1,1,1,1
684/22,20/04/2022,Thu,9046,7472,5907,0912,5258,5121,1613,8884,1454,9535,8791,1885,3540,1582,0278,1151,7597,3466,3430,3491,4741,8900,8281,2515861.72,0.0,297318.76,0.0253342716,7239644.62,0.0,217624.36,0.375,02,07,15,22,29,31,32,35,01,36,0.0,0.0,1,1,1,1
685/22,23/04/2022,Sun,6991,3390,8903,2778,5903,0096,8659,9279,9130,3485,2383,1645,1749,1188,0044,2404,0931,1841,9496,1052,6041,6641,5075,3064891.05,0.0166666667,389609.92,0.0599875192,7295633.48,0.0,155844.61,0.0,01,08,09,14,17,20,30,36,13,29,0.0,0.0,1,1,1,1
686/22,24/04/2022,Mon,5684,4802,7208,2953,2036,3102,3231,5434,1849,8271,8118,8700,6232,0514,2570,9587,5599,0899,6803,0818,2532,7927,4789,3584926.51,0.0,470077.64,0.0084033613,7350979.03,0.0,175446.16,0.15,08,09,15,25,28,30,31,35,12,32,0.0,1.0,1,1,1,1
687/22,27/04/2022,Thu,5424,4908,0685,4679,5888,0043,2198,0304,2096,3198,7092,9293,8121,7906,4036,6127,6845,3479,7125,3215,9678,3014,8140,4185842.46,1.0,575384.86,0.1111111111,7408824.73,0.0,169616.26,0.1,06,08,11,18,19,21,26,30,10,33,0.0,0.0,1,1,1,1
688/22,30/04/2022,Sun,4974,4661,8301,2419,4599,9012,4621,8181,6919,2338,9943,8605,9415,8650,8105,6203,9646,2610,9903,3972,0289,1728,2456,2591022.99,0.0,618911.94,1.0395119267,7470229.28,0.0,174402.08,0.1,05,06,12,20,21,26,29,32,19,24,0.0,0.0,1,1,1,1
689/22,01/05/2022,Mon,5753,0066,5254,0768,8751,1201,0303,3802,3706,5663,7839,0129,7288,6805,0849,1162,2519,1935,5358,7394,4063,3312,9610,3159428.96,0.0049019608,103346.54,0.2702068728,7536648.58,0.0,180485.37,0.1,03,08,16,21,28,29,33,35,17,27,0.0,0.0,1,1,1,1
690/22,04/05/2022,Thu,0736,5444,9879,5278,2126,0470,0869,7899,2112,0966,7086,1534,3291,4496,1349,3076,0581,6263,2191,5667,4069,8996,9399,3721991.23,0.0,180521.53,3.8151275729,7607565.65,0.0,187553.29,0.125,03,05,10,11,20,24,26,32,04,22,0.0,0.0,1,1,1,1
691/22,07/05/2022,Sun,1023,9379,9422,7265,9780,5213,8498,4170,1369,1158,6476,7083,4303,1777,5823,4176,1668,4251,5442,9504,2371,2480,2571,4313537.24,0.0,107553.82,0.0310336596,7676390.85,0.0,188484.72,0.1,02,15,17,26,27,33,34,35,14,23,0.0,0.0,1,1,1,1
692/22,08/05/2022,Mon,0722,0488,0458,1193,1819,1984,0835,3940,5300,3153,1022,6698,6960,2637,9820,2674,7344,0087,3083,4406,6162,8338,0400,4907070.68,1.0,212131.2,2.0131603336,7742848.76,0.0,193173.43,0.075,01,06,09,13,14,21,23,33,26,29,0.0,0.0,1,1,1,1
693/22,11/05/2022,Thu,5152,1401,8280,4483,8957,8714,8107,0289,1813,8920,8896,8807,8587,4290,0745,6703,2923,0079,0360,0922,2895,2980,6990,2522171.27,0.1111111111,100000.0,0.0828169958,7809351.22,0.0,202238.37,0.125,08,09,12,14,27,29,31,35,15,30,0.0,0.0,1,1,1,1
694/22,14/05/2022,Sun,9807,8661,6422,7607,7205,1420,7751,9061,4912,5073,1823,9047,2205,1192,1475,4195,8417,3805,1605,9504,2211,9187,1440,2778967.35,0.0,184301.68,0.0328017706,7878398.18,0.0,201412.7,0.1,01,16,21,24,25,31,34,36,12,17,0.0,0.0,1,1,1,1
695/22,15/05/2022,Mon,8493,4018,6812,3666,3444,8426,8108,2657,4094,3759,2600,6346,3241,1549,8951,9257,8877,9587,1566,3714,6726,2200,9664,3333795.31,0.0,279134.07,0.089668616,7945682.34,0.0,205101.24,0.15,02,05,06,08,09,15,22,27,24,26,0.0,1.0,1,1,1,1
696/22,18/05/2022,Thu,0833,9324,9980,5716,1538,2848,2446,5359,3310,6089,0167,7279,1846,1181,1682,5590,3486,5223,9925,7703,6156,1511,1250,3886352.7,0.0,354569.48,0.0078445409,8012431.31,0.0,197976.31,0.05,01,07,19,21,22,25,26,34,02,33,0.0,0.0,1,1,1,1
697/22,21/05/2022,Sun,4250,6525,6815,6559,9983,0757,8499,3564,6867,5400,2014,5614,0264,2921,9944,7522,5959,1748,9355,7437,2311,8400,1733,4464494.03,0.0,456904.66,0.0975980541,8080797.94,0.0,212290.67,0.1,07,13,15,19,24,29,34,35,10,26,0.0,1.0,1,1,1,1
698/22,22/05/2022,Mon,0360,8066,1979,4114,2196,7208,5211,7502,2873,6887,4463,1338,3198,7152,7106,9549,3643,5823,0622,0577,1099,8647,6427,5057439.1,0.1166977033,520119.85,0.2787040656,8147119.43,0.125,214550.46,0.1,01,06,11,18,21,24,35,36,12,22,0.0,0.0,1,1,1,1
699/22,25/05/2022,Thu,9569,6424,4199,8810,3448,6012,9971,5629,4851,2646,3987,9692,9260,2576,0183,2048,6378,0538,9611,2114,8460,0300,8287,5061373.91,0.0,483183.31,0.0478447934,7194951.79,0.0,216549.14,0.05,01,03,05,10,11,14,15,33,26,30,0.0,0.0,1,1,1,1
700/22,28/05/2022,Sun,8613,4931,7548,9497,1812,1159,8617,0450,5882,5050,1210,9594,1269,4445,9828,3267,9097,2444,7366,3540,6471,4821,3268,5688294.27,0.0243535188,574051.02,1.0335842881,7265175.46,0.0,230592.56,0.05,03,04,10,14,18,32,34,35,21,28,0.0,0.0,1,1,1,1
701/22,29/05/2022,Mon,5100,8730,3848,0614,5890,3430,0560,8267,1469,2307,1543,3659,9614,6620,7374,1687,5259,2962,9076,4892,8584,0229,7594,6160135.18,0.0,110976.53,0.0171614301,7332286.17,0.0,242831.31,0.3,02,06,19,22,28,33,35,36,05,14,0.0,0.0,1,1,1,1
702/22,31/05/2022,Wed,1082,1101,9114,3845,4503,9913,8478,2809,7555,4928,3968,5991,9143,3819,9111,0528,3645,6538,9405,6926,3246,7927,1445,6681830.61,0.0476190476,203925.73,1.0816869192,7386755.77,0.0,189273.24,0.65,05,15,19,21,24,29,34,35,09,31,0.0,0.0,1,1,1,1
703/22,01/06/2022,Thu,3645,8907,5488,6337,5683,3757,7905,3365,8303,3432,9659,4131,6390,8907,3072,9065,8227,0216,8190,0436,6077,1895,8980,6935375.32,0.0,103950.39,1.2379573731,7446277.74,0.0,100000.0,0.05,07,16,20,23,29,30,31,32,03,33,0.0,0.0,1,1,1,1
704/22,04/06/2022,Sun,6771,7007,1090,8282,0481,8062,6088,5477,1366,5861,8311,1963,7858,7355,9636,2489,2186,2355,4389,5401,8291,4021,2753,7552953.27,0.0434782609,112286.9,0.2113660197,7514067.2,0.0,106335.1,0.05,02,06,21,23,24,30,33,34,14,27,0.0,0.0,1,1,1,1
705/22,05/06/2022,Mon,9935,2212,2617,2715,8634,0283,5649,4795,4430,5676,7059,4850,6328,6618,0524,6015,0321,6880,9864,5817,0230,0711,4717,7858812.73,0.0,203871.21,0.1598358552,7579866.96,0.0,124322.42,0.35,08,10,16,18,28,32,33,35,07,26,1.0,0.0,1,1,1,1
706/22,08/06/2022,Thu,5425,0775,5255,2916,0102,1258,7404,4128,5118,4128,7801,4412,3281,8908,6289,4812,1654,7802,1882,8467,6311,8581,6537,8496114.89,0.0,287158.4,1.0,7646440.9,0.0,104387.84,0.1,09,18,22,23,25,28,34,35,11,24,0.0,0.0,1,1,1,1
707/22,11/06/2022,Sun,9007,0471,6306,8090,0726,6500,6578,8384,3070,2301,8206,1295,0042,4861,0489,7006,1112,5976,8957,6386,4063,3887,8095,9157178.43,0.0,120193.37,2.1501434309,7714747.93,0.0,118141.13,0.1,03,05,10,13,19,21,24,27,30,33,0.0,0.0,1,1,1,1
708/22,12/06/2022,Mon,1073,7106,4931,1677,6885,7095,8806,0464,9117,0640,4866,7806,7303,8780,8875,6440,2903,2333,5196,2884,9379,6288,0358,9830583.66,0.0,122437.32,0.0389573646,7781508.98,0.0,129971.56,0.1,03,07,08,13,23,28,29,31,14,16,0.0,0.0,1,1,1,1
709/22,14/06/2022,Wed,6669,6159,9001,1891,8679,0525,0772,7347,7577,0747,3397,9106,6539,6222,1553,6279,0349,7244,9011,0117,8856,9558,0251,10379887.06,0.0,217540.83,0.0326755187,7831848.3,0.0,134802.91,0.05,05,06,08,11,12,13,15,18,17,23,0.0,1.0,1,1,1,1
710/22,15/06/2022,Thu,1386,1840,2636,7162,0980,5840,7861,4726,5327,0994,0428,3267,8580,5021,4183,9540,5439,9836,1759,2702,6719,8120,7800,11111669.95,0.0183238045,343484.02,1.0221233131,7892778.64,0.0,149642.26,0.05,01,05,08,17,27,30,31,34,19,33,0.0,1.0,1,1,1,1
711/22,18/06/2022,Sun,5925,1469,6311,0374,1278,8614,3055,5177,0799,0486,9119,3285,5729,5969,9634,2898,6475,7417,9757,5776,5187,3018,4636,11716864.0,1.0,147054.93,0.028764121,7962162.59,0.0,166733.63,0.05,04,16,17,22,23,24,27,30,11,32,0.0,0.0,1,1,1,1
712/22,19/06/2022,Mon,3561,3477,4957,4574,0234,0188,9394,7078,0570,2646,5193,0144,4911,3156,3062,3872,3226,2890,5627,4142,2062,9518,0377,2609002.08,0.0,253552.67,0.0046888951,8029723.56,0.0,182324.79,0.05,01,05,06,23,25,31,32,33,10,35,0.0,0.0,1,1,1,1
713/22,22/06/2022,Thu,8116,8082,5419,8918,6296,0299,9590,9306,0570,9842,4960,7695,6207,4194,4299,7438,5078,5337,1832,0428,1043,9972,0754,3155931.76,0.0,351805.55,0.0212765957,8091273.05,0.0,195007.33,0.175,01,02,03,12,14,29,30,34,25,32,0.0,0.0,1,1,1,1
714/22,25/06/2022,Sun,7102,2624,8362,6543,8982,1291,3789,3905,2433,6721,2898,1336,8723,9965,3546,4329,0138,4408,9639,3650,5040,9084,9619,3732689.76,0.0,449185.42,0.1130528587,8154692.05,0.0,183341.95,0.15,05,10,16,19,21,22,35,36,07,34,0.0,0.0,1,1,1,1
715/22,26/06/2022,Mon,3932,1855,3657,9175,0770,1582,7339,7745,4810,8586,4162,0223,1347,3331,9346,0834,3669,4055,9331,3130,0315,6823,9982,4321459.12,0.0,505452.7,0.0444572686,8215723.97,0.0,177456.13,0.175,03,05,07,08,11,13,16,20,28,33,0.0,1.0,1,1,1,1
716/22,28/06/2022,Wed,1576,5014,7822,1453,4821,5877,2056,8307,8383,1708,0345,3776,9707,1290,6666,1828,0141,8704,8266,0527,7693,3248,1024,4818123.28,0.0,573284.24,2.0078740157,8264124.48,0.0,163543.16,0.05,16,22,27,30,31,32,34,35,08,23,0.0,0.0,1,1,1,1
717/22,29/06/2022,Thu,4962,5938,3800,6664,7746,7275,8637,2541,6872,6764,5218,8635,4145,6903,3127,4375,3509,9287,5577,7589,1910,6322,4752,5374921.42,0.0470899471,101236.03,1.5626293558,8321156.0,0.0,175564.66,0.0,03,05,06,09,12,29,31,35,02,07,0.0,0.0,1,1,1,1
718/22,02/07/2022,Sun,7350,4623,4235,3814,2447,5778,5593,9950,0630,1486,7509,6172,9259,1627,0069,9233,8487,0931,8101,7001,0858,9868,8508,5730582.78,0.0,110684.75,0.0,8384529.27,0.0,198009.36,0.05,04,08,17,20,31,32,34,35,15,25,0.0,0.0,1,1,1,1
719/22,03/07/2022,Mon,4135,1385,6013,8878,2210,1281,8278,4956,4419,5113,2327,7185,4434,0499,6028,0863,2777,2262,3590,4912,5447,3856,8071,6351298.87,0.0297539577,223542.22,0.1151271754,8446996.69,0.0,210232.77,1.15,08,14,18,22,25,27,28,34,02,12,0.0,0.0,1,1,1,1
720/22,06/07/2022,Thu,5816,5740,0482,8110,2666,7607,2914,5132,0606,0479,8865,2635,2255,6455,3917,4239,6659,7018,5471,4771,2356,5718,0371,6782718.64,0.0,310605.72,0.1205371172,8508576.87,0.0,100000.0,0.0,02,04,07,10,14,16,21,33,01,36,0.0,0.0,1,1,1,1
721/22,09/07/2022,Sun,9630,0340,1002,2169,9882,5067,7751,8341,1680,2825,3266,6438,0414,1558,5605,7063,3420,9090,9685,8265,7779,0705,0843,7442060.95,0.0,393046.62,0.0268157105,8571066.46,0.0,100000.0,0.0,05,07,08,11,14,20,26,30,06,18,0.0,1.0,1,1,1,1
722/22,10/07/2022,Mon,5609,5795,4344,9560,4133,7589,2894,8194,6565,4085,9881,9408,4330,5659,3208,8411,9534,5475,2925,0689,5752,3827,6567,8109036.55,0.0,503775.08,1.1503486811,8630922.85,0.0,100000.0,0.0,05,11,14,15,18,26,28,32,21,34,0.0,0.0,1,1,1,1
723/22,13/07/2022,Thu,3873,6629,6502,0249,6300,4104,1004,5108,0896,8392,5501,7676,5044,1815,1506,8854,8238,5880,9081,7405,9287,3836,2961,8764404.01,0.0,119157.72,0.0,8690869.73,0.0,100000.0,0.05,02,08,12,15,18,28,29,31,03,10,0.0,0.0,1,1,1,1
724/22,16/07/2022,Sun,8313,6236,5194,6293,9456,9969,4553,9659,7958,2828,9698,9668,3885,5529,1370,1355,4087,8395,1495,7352,8349,5584,8483,9454797.95,0.025210084,244683.89,1.15363227,8751208.45,0.0,102741.67,0.0,05,12,13,23,24,29,33,34,19,26,0.0,0.0,1,1,1,1
725/22,17/07/2022,Mon,4241,6292,5134,5279,1513,2885,1978,8796,6605,0151,4355,5854,4543,7583,6458,2964,5140,6203,8484,5016,9084,0148,3816,9920048.23,0.1111111111,127928.46,0.1741697355,8810364.91,0.0,123692.92,0.0,01,18,19,20,21,32,34,35,05,22,0.0,0.0,1,1,1,1
726/22,19/07/2022,Wed,9816,6905,4312,1406,4263,5342,5283,9656,3279,5500,9436,2955,1142,7773,2844,4535,5094,8675,8085,8822,4859,1845,7692,9388956.08,1.0,209490.0,0.0409343715,8854676.72,0.0,139386.68,1.15,05,08,16,17,20,26,28,34,02,03,0.0,0.0,1,1,1,1
727/22,20/07/2022,Thu,7564,5194,7146,3192,3453,4107,8516,9297,5860,4335,8385,3561,8306,4740,8970,1574,3263,7864,4383,4227,3106,8953,2194,2531766.87,0.0,297599.55,0.2480726739,8908757.65,0.0,100000.0,0.0,01,02,04,11,12,13,17,28,32,35,0.0,0.0,1,1,1,1
728/22,23/07/2022,Sun,9772,6965,4648,1310,8118,5612,8370,3651,1306,8242,8095,1173,2704,6002,0825,6144,2484,4806,7136,8584,0696,8339,1594,3074355.37,0.0,322425.7,2.0439269745,8967333.57,0.05,100000.0,0.1,04,16,18,20,21,31,33,35,06,32,0.0,0.0,1,1,1,1
729/22,24/07/2022,Mon,5112,7496,5924,3077,9846,9887,6134,8779,5828,1154,6200,4207,0002,7463,6909,2921,2764,9274,9146,8257,9848,2416,3619,3608884.67,0.0,100000.0,0.1262929596,8576326.1,0.0,100000.0,0.0,04,09,11,12,18,30,34,36,01,17,0.0,0.0,1,1,1,1
730/22,26/07/2022,Wed,5971,6050,9305,7506,4823,4286,0721,6099,7417,8785,2534,8165,5222,8960,0907,8155,5440,1024,5384,4375,5751,4452,4473,4049340.7,0.0,164640.77,0.0,8621063.01,0.0,100000.0,0.475,12,13,14,17,18,20,25,31,05,24,1.0,0.0,1,1,1,1
731/22,27/07/2022,Thu,2617,9151,3298,4269,2275,3738,8445,3678,7806,2188,1086,7979,2964,1313,3259,2612,3482,2206,2913,2252,8515,0556,1210,4563319.66,0.0,258091.49,1.0044444444,8675021.38,0.0,100000.0,0.1,02,18,24,25,30,32,33,35,09,19,0.0,0.0,1,1,1,1
732/22,30/07/2022,Sun,8473,1298,3767,0378,0093,1590,6214,3006,4381,9778,6165,3743,0340,0008,7964,6082,0516,6839,8535,8356,5032,9343,3456,5144485.08,0.0,105666.44,0.0107526882,8735183.88,0.0,100000.0,0.1,10,18,19,23,25,30,33,35,03,12,0.0,0.0,1,1,1,1
733/22,31/07/2022,Mon,1154,8885,4129,5956,0060,9756,0513,9079,0838,5203,6515,9521,0844,6072,4955,4642,8594,7891,0561,9684,4722,3889,9993,5732990.36,0.0,211531.2,0.1387038056,8793781.98,0.0,100000.0,0.05,08,10,15,16,17,19,20,25,05,28,0.0,0.0,1,1,1,1
734/22,02/08/2022,Wed,0405,6425,4356,8156,8974,1415,2828,0605,5062,9566,2333,5843,7985,8532,1787,2973,7966,9003,8036,0057,5390,7266,8640,6232868.28,0.0120481928,273077.92,3.2850891787,8839566.51,0.0,100000.0,0.0,02,09,10,11,15,16,20,27,19,24,0.0,0.0,1,1,1,1
735/22,03/08/2022,Thu,8263,4278,5255,2790,6043,3335,1086,0314,3439,3055,2282,7080,4410,0990,2571,3022,5787,7276,1803,9841,6287,9439,9498,6731280.51,0.0,104274.01,3.1301748302,8894139.67,0.05,100000.0,0.075,02,14,18,28,29,30,33,35,20,23,0.0,0.0,1,1,1,1
736/22,06/08/2022,Sun,5433,2077,6709,3883,7736,9940,7063,7222,8931,0757,8714,6689,6684,5688,2950,3888,7082,2063,7683,1396,6665,1306,3134,7374077.28,0.0,116872.14,0.1209512948,8513615.78,0.05,105504.48,0.05,02,06,07,19,23,27,30,31,17,18,0.0,1.0,1,1,1,1
737/22,07/08/2022,Mon,0453,8539,4110,9113,5700,5766,6487,1729,9324,4776,0367,1085,6718,4639,4407,8349,3786,5791,1685,4665,9780,1779,5605,8025431.17,0.0,221164.28,0.0041841004,8151964.63,0.0,122906.42,0.0,03,06,07,17,24,26,27,34,19,29,0.0,0.0,1,1,1,1
738/22,09/08/2022,Wed,9305,6665,7405,4881,0788,7178,1350,1759,9419,7602,6030,5397,5228,2752,4809,0763,6000,9954,5546,3891,4200,9502,9308,8561023.45,0.0,317619.33,0.0517241379,8203118.72,0.0,141023.49,0.05,07,17,18,22,25,28,30,31,03,36,0.0,0.0,1,1,1,1
739/22,10/08/2022,Thu,3282,3303,0717,3099,8964,1350,0570,5028,4445,7549,6247,4880,6687,7714,2045,1889,8526,6096,1002,6254,5507,9917,0962,9203903.41,0.0,418078.01,0.1280602637,8263896.21,0.0,155497.68,0.15,03,05,08,09,10,25,30,32,20,24,0.0,0.0,1,1,1,1
740/22,13/08/2022,Sun,4656,9896,8762,6952,7661,6286,9921,6051,0569,9062,6414,4828,1070,2368,8735,4371,1404,3644,5375,6832,6015,1193,6669,9922281.92,0.0,495153.11,0.1917597807,8333347.09,0.075,156770.22,0.1,03,10,16,18,19,27,31,34,12,29,0.0,0.0,1,1,1,1
741/22,14/08/2022,Mon,1576,5191,9640,1576,8949,8142,7463,8973,9548,9064,3188,5609,3973,6802,9611,4263,0483,6530,7606,0029,3779,0898,3703,10661778.87,0.0,534656.65,1.1799626677,7776153.93,0.0,165108.49,0.075,02,15,16,18,26,30,34,35,21,29,0.0,0.0,1,1,1,1
742/22,16/08/2022,Wed,5982,2062,7354,1074,2984,5688,2681,7995,2419,6669,0321,1077,3525,7482,3912,9674,8396,9440,5433,8678,2152,2610,1812,11260224.3,0.0064516129,108808.26,0.1495726496,7826927.66,0.0,170707.71,0.0,01,06,09,14,24,33,34,36,16,29,0.0,1.0,1,1,1,1
743/22,17/08/2022,Thu,2914,8449,4236,4737,5957,9693,3148,0562,6658,0360,9298,0536,7004,5315,2279,7222,2568,1510,3318,1707,1052,6315,3518,11874596.03,0.0,217445.95,1.0263692576,7886333.6,0.0,191747.31,0.175,06,10,15,17,22,23,25,33,13,21,0.0,1.0,1,1,1,1
744/22,20/08/2022,Sun,6392,5350,7717,8389,4047,7213,4196,1617,0744,8063,8883,0404,0582,8931,2737,3924,4018,5682,4878,9732,3253,5266,8604,12602576.8,0.0,132360.14,0.0518741684,7950980.2,0.0,181087.2,4.175,02,13,16,17,19,26,27,32,10,18,0.0,0.0,1,1,1,1
745/22,21/08/2022,Mon,6416,8547,4392,5665,1795,6777,6368,8501,0774,5657,2956,2195,2295,9111,3369,9741,2921,7396,2376,9273,7008,5174,8895,13358433.85,0.0055248619,262922.63,0.0066225166,8013568.4,0.0,100000.0,0.0,01,06,10,13,21,22,27,28,17,25,0.0,1.0,1,1,1,1
746/22,24/08/2022,Thu,2515,9933,6190,5860,4979,5560,8042,1906,1443,3180,5262,1557,4552,2492,3218,7290,6490,3592,2814,1985,2494,7357,4219,14067121.62,1.0344827586,403452.56,1.4711215981,8078177.78,0.0,100000.0,0.0,02,05,08,09,12,13,14,20,34,35,0.0,1.0,1,1,1,1
747/22,27/08/2022,Sun,5538,8359,0359,8829,3702,9191,0398,4821,1239,9450,0534,5075,0641,3047,5306,0169,9583,8253,0216,4088,4596,9384,3594,2563015.72,1.0,102366.5,1.0107988753,8143210.68,0.0,100000.0,0.2,05,07,10,13,15,32,33,35,18,31,0.0,0.0,1,1,1,1
748/22,28/08/2022,Mon,0426,7049,7933,8957,3468,6692,2491,1735,2208,8377,1665,7885,5447,6571,2971,3294,9135,6198,6326,4670,5909,2480,4770,2542942.13,0.0363636364,100000.0,0.0105263158,8206575.23,0.0,100000.0,0.275,02,09,16,19,21,23,25,31,04,17,0.0,0.0,1,1,1,1
749/22,31/08/2022,Thu,1082,4194,3982,9223,2252,6261,7804,9605,1799,4151,1278,7252,4923,4468,2462,3000,3866,9265,6824,7973,0355,2192,9675,3005604.08,0.0,198597.32,0.042910527,8276562.69,0.0,100000.0,0.05,08,09,12,16,23,30,31,34,02,32,0.0,0.0,1,1,1,1
750/22,03/09/2022,Sun,1302,2949,7863,7900,2552,2970,0775,6347,4804,5009,4776,4892,2650,0042,0437,0524,3562,0070,0116,6304,9672,5703,1864,3571002.29,1.0,292875.08,0.0,8344387.59,0.0,100000.0,0.05,06,10,11,14,15,18,25,29,17,30,0.0,0.0,1,1,1,1
751/22,04/09/2022,Mon,0314,0877,6250,2025,5785,1435,8498,9647,3008,5985,5061,7041,6045,7349,5539,5771,6038,0954,0789,8973,1935,5322,8669,2549601.66,0.0,392802.66,0.0368903826,8409647.6,0.0,104944.7,0.05,06,09,14,17,19,20,33,35,04,30,0.0,0.0,1,1,1,1
752/22,06/09/2022,Wed,2601,2396,6873,3658,1110,5639,3525,0260,8399,0269,8123,4632,7795,8728,7785,6484,5802,5515,6104,5093,3005,9962,9979,3003984.79,0.0021413276,460927.14,0.1393267749,8461785.55,0.0,118162.99,0.0,01,10,16,20,25,28,31,34,15,26,0.0,0.0,1,1,1,1
753/22,07/09/2022,Thu,8739,2863,9596,6485,6980,9144,0705,4412,2573,9618,5675,6578,8680,5657,8617,5810,3783,6763,5488,0323,4659,0216,1300,3515982.22,0.0,490967.64,0.1373831554,8521440.38,0.05,139290.74,0.05,01,06,12,13,17,27,34,36,10,25,0.0,0.0,1,1,1,1
754/22,10/09/2022,Sun,1394,6848,8123,9134,0198,3234,8322,2584,2096,2738,7301,4529,3262,0061,2844,3126,9359,9075,5139,8293,3257,7385,5715,4102330.37,0.0015174507,530125.72,1.114750187,8163018.43,0.0,156285.6,0.05,01,11,12,15,18,21,27,33,10,17,1.0,0.0,1,1,1,1
755/22,11/09/2022,Mon,8953,2128,1311,8846,7395,3149,8209,9365,9584,9528,2544,0367,5386,0040,8363,3094,8517,8747,8399,8516,3151,0371,9880,4667198.97,0.0,103835.22,0.0256410256,8227835.91,0.0,171427.51,0.225,01,05,10,13,23,32,33,35,17,34,0.0,0.0,1,1,1,1
756/22,14/09/2022,Thu,9255,3151,4158,2308,8098,1805,2057,9442,0053,2289,0160,6953,4513,2939,7107,1972,3688,0097,8677,3868,9744,6267,9276,5246343.09,0.0,206471.71,0.1094099821,8293316.89,0.0,156047.5,0.0,11,12,20,22,24,26,27,30,19,31,0.0,0.0,1,1,1,1
757/22,17/09/2022,Sun,7721,1772,3653,9819,0206,7886,7534,0384,2758,1249,7721,5608,7880,4191,0584,3232,7025,4168,4898,3346,6887,8978,0336,5876659.92,0.4318205994,298484.7,1.5125717731,8358426.02,0.0,179106.98,0.1,08,09,12,13,15,22,23,31,27,36,0.0,0.0,1,1,1,1
758/22,18/09/2022,Mon,0681,0265,7980,4429,7573,5814,7407,5863,2694,7838,6102,4343,6983,1959,6597,9656,6640,7536,2214,9716,6306,8665,9603,3960733.23,0.0,113042.93,0.0184479986,8420599.41,0.0,183216.02,1.05,03,04,05,06,16,17,29,32,08,36,0.0,0.0,1,1,1,1
759/22,21/09/2022,Thu,4682,8298,2871,2126,6216,1298,6864,7502,4588,2922,9548,6085,1588,8079,3090,1996,6306,7198,2200,1221,2894,8479,3430,4578585.55,1.0084033613,223294.3,3.2012649624,8484994.75,0.0,100000.0,0.0,01,02,04,08,21,23,30,34,22,28,0.0,0.0,1,1,1,1
760/22,24/09/2022,Sun,0352,7725,0359,4526,8949,6032,9866,6479,4059,7557,1656,8044,2942,6227,8429,1666,8436,0126,4166,0323,0213,2175,8805,2594767.33,0.0,108139.52,2.2297724558,8551733.62,0.0,100000.0,0.1,02,14,18,21,22,23,26,31,04,19,0.0,0.0,1,1,1,1
761/22,25/09/2022,Mon,6338,9743,1633,3322,8530,8924,4776,3060,3349,8383,7380,6567,0986,2681,2194,4364,4230,7332,6926,7500,5117,5505,4602,3180673.23,0.0,106528.35,0.0303030303,8617118.96,0.0,100000.0,0.0,01,02,03,05,06,13,15,19,25,29,0.0,0.0,1,1,1,1
762/22,27/09/2022,Wed,6459,6869,5659,7893,0986,2439,2356,9478,0493,0162,8010,4329,3892,6470,8670,0594,7144,0342,6629,1029,8584,0298,3813,3677001.32,0.0,193541.69,2.0362050164,8669412.34,0.0,100000.0,0.175,01,04,06,15,16,20,23,25,08,22,0.0,1.0,1,1,1,1
763/22,28/09/2022,Thu,1255,1039,4374,9871,4470,5051,0828,2170,3643,3493,3836,0183,8402,5811,2208,2732,8716,9501,9731,6483,1466,0906,4086,4237371.38,0.0,101885.47,0.0411500204,8729506.33,0.0,100000.0,0.0,04,08,14,25,27,28,31,34,24,36,0.0,0.0,1,1,1,1
764/22,01/10/2022,Sun,9018,9463,1221,4736,0172,9648,4646,0951,5082,4063,0283,0311,0385,4955,7262,2644,3048,3006,9975,4270,2418,5228,2936,4848288.58,0.0,208768.74,0.0944502537,8794752.48,0.05,105012.54,0.0,02,16,19,21,29,30,34,36,22,23,0.0,0.0,1,1,1,1
765/22,02/10/2022,Mon,1419,1777,3551,5166,1002,1509,5573,6119,0576,7647,6045,3657,3061,6624,1429,6499,8604,5578,0053,4459,6568,3156,1940,5478168.6,0.0526315789,303574.12,1.1734850961,8418655.03,0.0,127551.77,0.125,01,11,14,15,24,25,26,36,20,21,0.0,0.0,1,1,1,1
766/22,05/10/2022,Thu,6638,2049,5366,0799,6082,7599,7894,7854,2349,6386,6666,2850,5064,5203,9394,5776,8687,5925,4579,9172,0785,9232,0033,5818899.65,0.0,114373.77,4.6355618133,8483686.94,0.0,134639.94,0.05,01,02,03,06,10,17,32,35,23,28,0.0,0.0,1,1,1,1
767/22,08/10/2022,Sun,6255,3202,7845,6011,8003,5028,1423,8565,1239,6035,2990,6263,4943,5938,8156,5881,8744,6401,7296,0488,3642,9666,7224,6485327.42,0.0,121168.69,0.1111111111,8549014.66,0.0,151044.84,0.05,08,09,12,14,21,26,27,34,10,20,0.0,0.0,1,1,1,1
768/22,09/10/2022,Mon,2936,8048,8921,7444,4908,0846,9836,8104,6450,0741,3866,0704,1559,1356,9484,0042,5854,9007,0735,4128,8601,5702,8889,7164688.88,0.0093457944,231225.77,0.0393241167,8613292.19,0.05,166257.56,0.1,04,06,08,10,13,17,18,31,01,28,0.0,0.0,1,1,1,1
769/22,12/10/2022,Thu,1433,6009,1399,5294,6270,1155,2370,8795,7641,2108,5588,7753,0518,2639,1698,0799,8596,8045,1857,4755,5722,1229,5538,7809873.16,0.0,351613.75,0.0606602031,8245993.52,0.0,172073.9,0.05,02,05,07,12,20,25,32,36,27,31,0.0,0.0,1,1,1,1
770/22,15/10/2022,Sun,5056,1821,1728,6978,6904,1493,5944,5347,3399,9109,3286,3392,4772,9798,1070,1507,5855,4743,1930,4926,2166,0032,1863,8560727.77,0.0285714286,466803.81,2.1205519965,8311349.76,0.0,186617.2,0.3,09,17,20,24,25,28,29,31,11,33,0.0,0.0,1,1,1,1
771/22,16/10/2022,Mon,3522,5958,4258,3351,8127,0964,0377,3014,6163,6352,4849,2230,8535,6801,5174,9791,5780,9557,9390,7803,8537,2480,4984,9075379.09,0.0,138044.28,0.0469156831,8375026.16,0.0,153184.1,0.25,03,09,10,13,14,21,27,29,31,33,0.0,0.0,1,1,1,1
772/22,18/10/2022,Wed,2807,8349,7203,3501,8808,1399,6193,6375,8270,4572,5687,6864,0518,5713,2622,2658,5429,6699,5285,8279,3190,4787,5244,9721431.06,0.0,249031.84,1.0764912281,8424494.48,0.0,132408.1,0.05,01,05,06,12,14,17,26,32,21,23,0.0,0.0,1,1,1,1
773/22,19/10/2022,Thu,0680,1332,3260,0266,1807,1008,0318,4204,4134,9759,7523,4073,2693,4930,5808,6312,6309,1325,8138,9288,1050,6215,5984,10460481.21,0.0,134372.76,0.0226871125,8482059.81,0.0,146175.41,0.15,01,02,10,12,13,18,31,32,07,30,0.0,0.0,1,1,1,1
774/22,22/10/2022,Sun,8461,2551,5245,7951,8795,7915,4219,7736,2695,5165,5580,9119,0433,7971,9734,7771,0456,9276,4998,5435,9590,1913,9426,11270594.06,0.0,278617.48,0.0770524915,8544453.37,0.0,146346.82,0.1,04,09,16,21,22,24,25,29,14,31,0.0,0.0,1,1,1,1
775/22,23/10/2022,Mon,7683,5684,8553,1663,5621,5508,6524,3529,7378,8482,8556,3708,9639,7744,8601,0384,2433,6658,8372,5993,1614,8846,6383,12102971.82,0.0,408490.72,1.2910688996,8606961.97,0.0,153850.6,0.05,04,16,19,23,26,27,33,36,15,25,0.0,1.0,1,1,1,1
776/22,25/10/2022,Wed,4087,8630,4008,5498,0915,7031,0204,3751,1278,1618,4429,2222,4202,4370,3545,9300,5482,9789,1383,6726,0010,1644,5854,12790349.83,0.0,124977.82,1.0206851671,8652737.19,0.0,162370.13,0.1,03,04,17,23,27,30,33,36,08,10,0.0,0.0,1,1,1,1
777/22,26/10/2022,Thu,0815,0293,6557,0759,8155,3302,0917,2759,0658,4162,3810,0241,8685,0348,8822,4493,0980,0151,5005,1607,1598,1195,6999,13587384.09,0.0057471264,144915.32,0.014709687,8708159.37,0.05,165761.81,0.0,01,03,05,06,07,09,20,24,13,17,0.0,0.0,1,1,1,1
778/22,29/10/2022,Sun,8239,1483,3336,8993,8624,1353,9335,1814,7000,3889,9484,1938,3370,7564,7628,4534,6470,7704,1295,5268,5875,3781,0229,14396538.46,1.0,304100.53,1.1534211454,8334111.6,0.0,187493.55,0.3,02,17,22,25,28,34,35,36,03,08,0.0,0.0,1,1,1,1
779/22,30/10/2022,Mon,6954,2677,4966,9306,7476,1663,5496,4741,7904,5028,1433,0709,3030,8621,3516,2417,0292,9031,1040,7087,4886,3349,9747,2653418.76,0.0,118803.41,0.4257556001,8395845.62,0.0,153109.61,0.0,03,06,07,10,12,23,24,25,16,34,0.0,0.0,1,1,1,1
780/22,02/11/2022,Thu,7947,2327,7915,2900,6529,1357,7448,6150,7325,0018,1325,5679,4936,7362,2470,1685,4698,1326,4362,3479,1249,2634,8581,3264299.97,0.037037037,179291.5,0.1406935863,8456887.63,0.0,174728.66,0.0,04,06,09,13,16,23,25,35,21,24,0.0,0.0,1,1,1,1
781/22,05/11/2022,Sun,9474,1544,0203,6576,4260,7291,2483,0665,3923,3501,2263,8542,7490,4644,2438,6342,3859,0105,7004,1589,7546,9172,7969,3780240.82,0.0,269855.59,0.2742239522,8519441.97,0.0,196883.32,0.05,01,05,14,18,26,30,33,35,22,32,0.0,0.0,1,1,1,1
782/22,06/11/2022,Mon,7740,9131,6615,1983,5834,2038,8743,7889,9510,9827,2494,3497,4821,9647,2610,3201,7870,7311,1543,5155,7200,9843,2385,4409356.73,0.0,310239.43,0.030533861,8579658.52,0.0,208365.85,0.05,06,08,15,19,22,23,26,31,07,20,0.0,0.0,1,1,1,1
783/22,09/11/2022,Thu,6616,4682,4567,7913,7896,2314,1245,0689,5343,1482,3448,7826,6568,4591,5750,7540,8462,2478,7210,7771,7148,9293,1827,5060326.14,0.0,419124.7,0.3529411765,8639742.02,0.0,219227.13,0.05,02,04,12,16,18,23,24,35,14,33,0.0,0.0,1,1,1,1
784/22,12/11/2022,Sun,0647,5634,1759,0342,0543,4115,7892,3562,4545,5550,3266,8038,1024,7316,4268,2597,9260,4512,4409,2526,8848,2478,3551,5728776.12,0.0,392734.7,1.0324530285,8700379.12,0.0,229741.41,0.0,03,08,12,18,23,25,34,35,10,32,0.0,0.0,1,1,1,1
785/22,13/11/2022,Mon,9788,4891,3030,9558,1963,9871,3516,9842,2882,6598,2068,8984,1081,2447,4082,7053,5109,1568,4003,8784,6752,7352,4173,6390220.5,0.0046511628,120262.62,0.5007729654,8759468.26,0.0,250668.81,0.05,03,07,15,17,18,25,29,34,05,35,0.0,0.0,1,1,1,1
786/22,15/11/2022,Wed,7667,6669,5556,0963,6617,8263,9351,3781,8945,8761,6861,9938,8048,3011,5284,4671,7646,2625,6991,4409,3752,2289,8536,6921884.71,0.0526315789,162108.56,0.1427877556,8806131.32,0.0,254661.87,0.1,02,04,06,16,19,22,23,25,27,29,0.0,0.0,1,1,1,1
787/22,16/11/2022,Thu,7588,9202,5917,1539,4974,4171,1287,8235,1250,6412,7849,6945,0140,3120,1231,7799,4876,2458,2867,5374,1369,3461,9750,7207466.89,0.0,257123.61,0.0164623325,8861776.84,0.125,248903.47,0.15,02,03,05,11,14,18,23,28,21,29,0.0,0.0,1,1,1,1
788/22,19/11/2022,Sun,4875,9517,1118,9850,6550,7394,7660,3870,1628,5542,1052,7165,6882,1345,1060,0050,1883,2512,5774,9101,1127,0617,6640,7958003.27,1.0,389351.92,1.2445445532,7827309.58,0.0,237512.38,0.05,07,16,21,28,30,31,33,36,13,15,0.0,1.0,1,1,1,1
789/22,20/11/2022,Mon,0613,0813,1210,7895,2692,0366,0817,0276,2865,8022,3374,4462,4144,9213,6625,4820,9366,0410,1450,8659,0054,9186,9918,2584082.13,0.0,106196.75,0.012987013,7890424.65,0.05,247990.02,1.825,06,11,12,13,16,19,20,24,08,36,0.0,0.0,1,1,1,1
790/22,22/11/2022,Wed,1096,4552,5528,6791,8899,7348,0766,7529,7927,1923,3616,9042,5721,4946,7224,8744,0879,4526,6598,0066,4475,2554,0400,3024256.23,0.0,184849.23,0.0041841004,7543037.91,0.0,100000.0,0.05,07,08,10,14,18,25,34,35,17,19,0.0,1.0,1,1,1,1
791/22,23/11/2022,Thu,9474,4555,3611,2265,5195,8247,7682,2446,6767,3735,8802,6262,6553,5791,8483,9510,1706,7731,3115,9358,1881,4769,2306,3547178.3,0.0,279152.54,1.249262917,7599284.56,0.0,100000.0,0.0,07,13,14,15,27,28,31,33,12,32,0.0,0.0,1,1,1,1
792/22,26/11/2022,Sun,8144,4101,8987,1919,8233,5631,8818,4015,6072,5060,0419,5007,3635,9162,0850,2005,2566,1422,4499,3128,8925,1316,8481,4155529.7,0.0,110609.35,1.2431047138,7663794.35,0.0,100000.0,0.05,03,04,08,09,10,11,15,24,20,26,0.0,1.0,1,1,1,1
793/22,27/11/2022,Mon,7505,7675,7498,7475,3258,3909,5588,2733,8692,3584,9585,9177,6910,4848,4171,1339,7592,3493,2226,0697,9831,4906,7606,4748724.34,0.0,107853.57,0.0,7724672.22,0.0,100000.0,0.05,01,08,09,15,16,28,33,36,05,14,0.0,0.0,1,1,1,1
794/22,29/11/2022,Wed,7656,8074,8385,3701,6066,4277,4701,9404,0057,8083,7499,2973,2918,3099,7468,6633,7282,6572,4207,9537,4693,8454,2540,5235310.72,0.0,196323.82,1.1196687371,7771236.08,0.0,100000.0,0.0,04,05,10,20,25,27,32,36,09,29,0.0,0.0,1,1,1,1
795/22,30/11/2022,Thu,6636,9223,7072,3776,7602,9073,8941,0362,6163,7883,9963,1202,2569,2210,5718,4886,1538,0162,1133,9226,0214,2560,6059,5800952.14,0.0212765957,102843.9,1.0425901782,7826934.07,0.0,102240.03,0.05,06,10,12,21,22,25,32,35,19,23,0.0,0.0,1,1,1,1
796/22,03/12/2022,Sun,1951,5591,3031,9650,9020,4558,1649,7149,9419,0922,7628,5106,4779,5646,5628,7926,3082,3489,4311,0530,2684,8708,7604,6312467.87,0.014084507,115443.68,0.2491772473,7889328.82,0.0,119226.17,0.05,04,06,13,16,26,29,30,36,15,21,0.0,1.0,1,1,1,1
797/22,04/12/2022,Mon,8902,1052,3264,0811,1010,5979,1188,8604,2487,6005,5000,9471,4280,0713,8182,6741,1545,4199,5761,8002,4266,8148,0502,6866454.35,0.0,203567.65,0.1111111111,7950715.55,0.05,135005.99,0.15,07,10,11,20,21,25,27,28,16,34,0.0,0.0,1,1,1,1
798/22,06/12/2022,Wed,4427,4024,1390,5312,9891,3004,0559,0973,9418,2718,4664,1893,9311,9389,1409,9526,9569,2294,9527,7658,8943,2665,4480,7387068.95,0.0,275606.22,0.1195144725,7599730.76,0.0,131241.9,0.05,02,06,13,14,26,33,34,35,07,16,0.0,0.0,1,1,1,1
799/22,07/12/2022,Thu,7827,0129,6193,7928,4772,6852,8257,8854,6266,7154,9042,1331,3052,5171,7054,0360,6451,7888,0978,5888,6347,8757,1841,8003151.34,0.0,354682.27,1.0340989818,7656078.19,0.0,144636.18,0.0,03,04,08,09,17,23,28,29,12,18,0.0,2.0,1,1,1,1
800/22,10/12/2022,Sun,9155,1256,8253,4657,2330,8875,0923,9868,4161,9794,1699,7093,4134,3167,3888,2367,5530,0943,9778,0106,1978,4090,6351,8682550.61,0.0,123527.14,0.1203106332,7717702.92,0.0,166461.6,0.3,03,17,18,21,26,29,31,33,07,30,0.0,0.0,1,1,1,1
801/22,11/12/2022,Mon,1321,1410,6116,9134,5321,5690,0370,4840,7010,9692,8921,4924,4144,1151,9786,0966,5708,6753,9063,1268,8095,5285,3227,9366407.82,0.0,233003.19,1.3023113091,7778202.61,0.05,137950.09,0.45,02,07,17,20,21,27,31,32,03,06,0.0,0.0,1,1,1,1
802/22,14/12/2022,Thu,8900,6145,7465,9670,0239,3727,6198,0045,8660,6885,1748,5171,9057,7636,9999,5265,6348,9911,3686,8396,5991,6419,7646,10089706.19,0.0105263158,131508.8,2.0504045629,7451168.27,0.05,100000.0,0.05,06,12,19,23,24,26,33,36,07,21,0.0,1.0,1,1,1,1
803/22,17/12/2022,Sun,2178,3432,4946,2811,4017,6263,9658,8966,7706,8852,1677,0458,4488,6766,4902,1598,4718,3863,9410,2459,3814,2252,8811,10849915.32,0.0052356021,157530.29,0.0665104187,7142458.13,0.0,115399.82,0.05,04,06,08,15,22,24,28,30,09,16,0.0,0.0,1,1,1,1
804/22,18/12/2022,Mon,0125,9229,9108,3349,5860,8934,0833,6915,3177,3811,8359,7357,9432,6711,7245,5389,2882,2526,2537,5832,3464,5259,1710,11700205.05,0.0225280759,311979.35,0.1948913854,7204493.91,0.0,131600.83,0.275,02,07,19,27,28,33,34,35,09,31,0.0,0.0,1,1,1,1
805/22,20/12/2022,Wed,5393,9131,8427,6274,7818,9883,4535,2889,5239,0998,7533,3090,7666,4301,6292,4928,9049,6638,1242,5889,8587,1004,5092,12218146.12,0.007751938,393272.58,0.3616123348,7254167.16,0.0,113003.21,0.0,05,08,10,12,28,30,33,35,19,32,0.0,0.0,1,1,1,1
806/22,21/12/2022,Thu,8634,4244,7578,6370,9449,6655,5391,4456,2339,0582,5063,5126,7930,4816,6914,3895,6204,6955,5842,1813,8172,4236,0089,13036773.69,0.0,417122.52,1.097684643,7312890.0,0.0,133800.88,0.225,01,04,10,18,28,32,33,34,15,23,0.0,1.0,1,1,1,1
807/22,24/12/2022,Sun,3719,3787,3045,5144,3632,1146,7991,6031,5844,8803,8589,1231,1961,7343,8314,0378,8335,7371,7310,1545,1446,3282,3545,14037822.12,1.0,182008.81,1.2042293141,7378111.2,0.05,126794.86,0.05,01,13,19,23,31,33,34,35,08,10,0.0,0.0,1,1,1,1
808/22,25/12/2022,Mon,9489,7164,6218,6732,1251,9345,1762,0192,6417,9511,8859,7316,7994,0052,9721,6173,8156,8184,1547,4677,8000,7922,1574,2678841.76,0.0,123425.78,1.1089392193,7072986.39,0.0,143044.14,0.175,01,03,07,10,12,15,17,36,05,11,0.0,0.0,1,1,1,1
809/22,27/12/2022,Wed,6944,4476,6224,8663,0033,9004,1281,7168,9856,4793,4156,8106,9788,7428,3090,7038,4150,7143,7845,9478,8291,2464,0644,3176569.51,0.0,100000.0,1.079243934,7124583.01,0.0,136285.22,0.125,01,04,08,12,14,26,30,34,16,20,0.0,0.0,1,1,1,1
810/22,28/12/2022,Thu,3676,1267,9104,0569,7771,8564,7784,9016,1660,8398,4790,1218,0890,4406,6732,4009,9075,1657,0609,8347,4678,7022,3223,3753083.39,0.0,104820.71,0.0101522843,7185319.51,0.0,140760.41,0.05,07,10,13,15,22,25,26,32,28,29,0.0,0.0,1,1,1,1
811/22,31/12/2022,Sun,9378,3034,8594,5366,9166,1482,9874,6451,4639,7285,9027,6167,8896,5535,5926,6738,9732,2913,0714,9617,5362,2901,7255,4444606.26,0.0,229487.97,0.0188679245,7258830.57,0.0,159757.56,0.1,04,07,19,23,25,29,32,34,26,31,0.0,0.0,1,1,1,1
812/23,01/01/2023,Mon,5758,4270,2643,3186,0166,9519,4977,1828,3382,7751,5188,9987,8631,7949,3424,9309,3865,8116,9132,3587,0165,8830,7933,5134706.17,0.0,350630.72,2.2576884215,7328394.5,0.0,168419.03,0.1,09,17,19,21,23,25,28,31,01,29,0.0,0.0,1,1,1,1
813/23,04/01/2023,Thu,6252,6602,4686,8697,5442,1455,8962,0187,8846,1154,6620,6458,7449,9760,5502,8386,4702,0513,5757,1771,3170,7744,8715,5792730.19,0.0,119640.73,1.7760397958,7394447.7,0.0,174970.97,0.125,01,04,05,07,11,24,25,27,34,36,0.0,0.0,1,1,1,1
814/23,07/01/2023,Sun,9932,5542,7317,3910,3498,0993,4737,7660,5127,5495,1143,8811,7125,9519,5527,2286,2890,7949,4299,4180,9774,3921,8512,6495978.26,0.0,127863.29,2.123769339,7462733.74,0.0,177284.24,0.05,02,08,09,11,12,15,29,35,04,17,0.0,0.0,1,1,1,1
815/23,08/01/2023,Mon,6399,1899,1012,6979,9572,9130,8697,6836,9214,0924,0476,0181,1886,0427,8810,4981,1643,3214,2105,8244,8522,1555,2966,7228796.61,1.0150753769,133239.7,2.3635526639,7529413.8,0.0,192035.89,0.2,01,02,09,19,29,31,32,35,28,36,0.0,1.0,1,1,1,1
816/23,11/01/2023,Thu,3690,4838,5719,9564,6849,8725,0054,0194,7885,6800,0970,8264,9061,2788,1390,5548,3858,9164,8318,9888,6367,3089,5552,2613051.95,0.0093457944,111463.99,1.0244809882,7597821.41,0.0,177856.41,0.075,05,13,18,21,23,25,28,33,27,30,0.0,0.0,1,1,1,1
817/23,14/01/2023,Sun,0749,9522,4095,4587,2624,4622,1845,1446,9025,2438,1363,5298,5805,8120,3454,3555,3295,9269,0752,5415,5727,6365,8650,3220662.3,0.0,114914.8,0.0028818444,7667798.57,0.0,189300.76,0.0,02,04,05,14,17,23,31,32,15,36,0.0,0.0,1,1,1,1
818/23,15/01/2023,Mon,6310,0133,5339,8456,3417,6363,9532,9772,1162,4136,4369,4372,3939,8337,5503,0843,6294,7555,0155,9291,6229,0284,6614,3858458.14,0.0105490397,230546.51,0.3883021129,7736192.52,0.0,213523.62,0.125,05,12,15,16,22,23,31,32,13,24,0.0,0.0,1,1,1,1
819/23,18/01/2023,Thu,1995,2049,2831,1759,6037,7253,7947,5298,0365,5954,2426,9103,3456,9612,2072,0815,4453,4103,1576,6934,6531,3378,7165,4521211.01,0.023255814,268925.89,0.0437354064,7810146.31,0.0,213025.14,0.05,03,11,14,20,21,25,29,36,12,22,0.0,0.0,1,1,1,1
820/23,21/01/2023,Sun,5408,3310,6551,4943,7581,9256,4491,3035,8240,3729,5084,3605,9158,4348,4731,9641,5731,6908,6656,1737,1678,3522,1103,5255283.54,0.0,409749.21,0.4599255736,7892898.03,0.0,231681.78,0.2,05,06,09,16,21,26,27,35,12,30,0.0,0.0,1,1,1,1
821/23,22/01/2023,Mon,1165,4868,6500,4315,6165,9591,8141,3982,7105,4992,8228,7597,6395,6451,5315,6988,8266,6932,5914,9460,7135,0152,8818,6094856.56,0.0188679245,373944.71,1.1959487411,7969754.7,0.0,212565.49,0.05,01,19,23,29,31,33,34,35,05,21,0.0,0.0,1,1,1,1
822/23,24/01/2023,Wed,2487,5468,2133,1857,0974,1609,3683,9188,4102,2940,7870,1255,0545,6846,1867,7961,8023,8909,2773,6406,0796,5451,8784,6691338.06,0.0,129359.78,1.3620071457,8032059.16,0.05,224003.38,0.05,06,07,14,24,28,29,30,31,09,11,0.0,0.0,1,1,1,1
823/23,25/01/2023,Thu,4716,2894,8054,9002,7790,0414,6014,3822,7545,1429,2965,6816,2774,9169,9620,7296,1525,5556,2019,2646,1571,7250,5015,7501915.55,0.0,147377.73,0.0101528022,7702095.57,0.0,238175.49,0.25,01,06,14,15,20,26,30,35,28,29,0.0,0.0,1,1,1,1
824/23,28/01/2023,Sun,0741,5934,1702,1715,7438,1575,8847,2552,2382,4761,0128,0301,2868,7766,4794,8541,2981,9567,3028,9222,7679,7418,6086,8353891.68,0.0016583748,300786.18,0.0189143555,7777301.51,0.0,205267.06,0.0,07,10,14,16,17,22,25,35,28,31,0.0,0.0,1,1,1,1
825/23,29/01/2023,Mon,3923,2339,8692,9963,8330,4469,2114,9848,1714,7884,8947,4362,7879,9011,2368,8028,4747,1191,3924,7412,6762,2742,9683,9212534.92,4.9163150952,453732.84,0.3162769129,7849594.87,0.0,230870.96,0.05,01,11,13,17,19,24,27,34,07,23,0.0,0.0,1,1,1,1
826/23,31/01/2023,Wed,5777,6618,4933,8596,3747,1199,4890,4191,1949,1465,0222,2466,0928,0012,9910,1288,5069,1153,1384,4962,7887,5666,6252,2608175.04,0.0265486726,420804.9,2.1779045726,7907775.78,0.0,239933.15,0.0,06,09,18,29,30,31,32,33,12,25,0.0,0.0,1,1,1,1
827/23,01/02/2023,Thu,1501,4806,7432,1746,1416,6862,6884,1856,7512,2601,3872,1496,6090,6929,2374,8799,8589,1708,5323,0776,9858,9503,8980,3200906.12,0.0,120359.03,0.2657004831,7973293.78,0.0,263137.44,0.175,05,07,08,09,14,17,23,33,18,26,0.0,0.0,1,1,1,1
828/23,04/02/2023,Sun,2783,8686,5332,4365,9518,1812,2411,8642,0623,2676,2801,3969,1476,8442,9099,6664,9205,0176,9797,4365,6466,2439,2626,3935947.24,1.0431848853,222023.42,0.3251219882,8047403.99,0.0,243335.76,0.15,04,06,10,12,14,17,21,34,15,36,0.0,0.0,1,1,1,1
829/23,05/02/2023,Mon,9823,7817,7870,3484,5580,8301,5393,7468,8978,8471,2022,6395,5380,9975,5691,6886,9968,2218,3232,2945,7089,3898,1623,2741752.99,0.0175438596,284702.9,0.0274754683,8121595.58,0.0,233111.59,0.375,09,16,22,24,28,29,35,36,03,33,0.0,0.0,1,1,1,1
830/23,08/02/2023,Thu,4212,8758,8031,8220,0168,5344,9703,0203,5436,4937,0008,9881,7464,1519,1990,1622,6469,2274,8952,2621,3696,1304,4504,3361076.26,0.0,398230.42,0.1295480554,8192381.17,0.0,170764.64,0.0,03,05,06,09,12,16,25,34,01,23,0.0,0.0,1,1,1,1
831/23,11/02/2023,Sun,5076,1138,7026,8934,8428,5535,1556,8448,3602,7551,2931,1259,3723,2669,3321,6227,5819,4641,5589,5790,1186,2358,5951,4050795.02,0.0,472043.85,1.5459631124,8264161.52,0.0,196186.85,0.1,05,06,07,08,09,12,29,31,24,35,0.0,0.0,1,1,1,1
832/23,12/02/2023,Mon,8289,2668,8538,3707,3340,2005,6530,1137,4046,6666,1599,3844,1473,2777,8414,3765,0899,3570,3455,2832,2414,4703,1936,4734526.39,0.1311292325,124314.8,2.215715945,8333523.3,0.0,201133.79,0.35,05,14,28,29,30,33,34,35,06,21,0.0,0.0,1,1,1,1
833/23,15/02/2023,Thu,2241,0083,8908,8238,0227,6360,2548,6545,7686,7807,0357,5362,4100,8071,5375,9342,9413,3718,4135,3225,6665,0143,8786,4802285.64,0.0,125198.92,0.0588461544,8403237.12,0.0,155427.27,0.1,01,02,12,17,21,23,33,36,15,35,0.0,0.0,1,1,1,1
834/23,18/02/2023,Sun,0976,6151,8750,2929,2475,9460,6425,5289,7579,7022,2849,0574,3597,6986,4312,4319,8971,1914,3346,5837,3988,4661,0356,5523442.31,0.0,248950.85,0.0188679245,8474080.73,0.0,164974.98,0.2,03,04,09,13,16,18,29,34,12,24,0.0,0.0,1,1,1,1
835/23,19/02/2023,Mon,5761,5106,3989,5126,1168,7941,8106,1604,4316,3737,3509,6056,8925,2366,4359,5207,7779,7031,0245,3007,4852,7644,4678,6252646.09,0.0217391304,376836.17,1.0282257425,8542314.7,0.0,156146.18,0.3,11,12,20,23,31,32,33,36,01,16,0.0,0.0,1,1,1,1
836/23,22/02/2023,Thu,6011,7268,2198,8190,8988,8615,7054,8061,6620,9975,3273,1697,3541,0325,0791,7451,2881,5677,6764,8815,8617,5627,8567,6840110.85,0.0593095971,131525.79,1.0319796202,8611151.97,0.05,133682.2,0.25,08,16,20,24,27,31,35,36,26,30,0.0,0.0,1,1,1,1
837/23,25/02/2023,Sun,4464,2570,9315,7554,8314,3593,9705,1964,6539,0901,6754,0436,7769,0850,9999,4085,9677,7082,7640,2583,2793,3548,1689,7185096.41,0.0,136485.42,1.123087159,8251218.79,0.0,125274.47,0.05,03,06,09,16,18,25,27,30,07,19,0.0,0.0,1,1,1,1
838/23,26/02/2023,Mon,2378,7391,7641,0923,7427,7215,7796,9829,8205,3624,0206,3916,2564,6737,8005,1670,9349,1403,1684,9285,7159,8755,1966,7923332.54,0.0,134224.75,1.0084033613,8319194.96,0.0,143085.64,0.05,11,17,20,22,23,27,34,36,12,14,0.0,0.0,1,1,1,1
839/23,01/03/2023,Thu,6543,7425,0275,8902,4125,4311,3650,0826,0605,1841,5038,8417,2853,5975,9598,4302,3161,4931,6690,2645,8996,4982,8058,8641467.84,0.0081300813,130570.06,0.0223272021,8384969.37,0.0,159226.46,0.05,05,09,16,18,21,26,31,33,04,30,0.0,0.0,1,1,1,1
840/23,04/03/2023,Sun,6247,8117,1205,8073,4155,5353,1976,7668,5647,9005,1486,7558,3897,7865,1298,4430,8736,4121,2547,8055,1984,8836,4324,9324022.88,0.0,264529.51,1.1160372195,8452070.18,0.05,175030.01,0.125,07,08,12,19,25,31,33,34,14,36,0.0,0.0,1,1,1,1
841/23,05/03/2023,Mon,4851,5135,7960,1271,0135,6867,2224,3981,2243,8453,1355,3995,4116,3574,8098,5886,8519,3645,0428,5222,7208,4611,4564,10118530.66,0.0,144455.96,1.1880489331,8094997.15,0.0,176359.97,0.15,05,12,14,25,26,32,35,36,11,22,0.0,0.0,1,1,1,1
842/23,07/03/2023,Wed,4573,3616,9923,4503,9941,1289,9218,0155,7959,4220,8519,1293,4334,3674,1582,5241,2926,5341,4088,5948,3035,4213,8464,10790917.38,0.0169491525,122252.13,2.2743699632,8146273.41,0.0,168066.31,0.1,05,10,16,19,20,22,23,29,02,25,0.0,0.0,1,1,1,1
843/23,08/03/2023,Thu,8092,2569,4970,9510,0974,4098,4526,6893,1339,1861,0749,3348,2468,1595,7395,0282,2514,7057,7861,4711,6847,5812,4036,11371419.16,0.0,138799.76,2.7755036454,8207321.56,0.0,172880.9,0.075,03,08,15,22,23,25,29,35,27,28,0.0,0.0,1,1,1,1
844/23,11/03/2023,Sun,2940,9856,0283,9133,7879,7936,4294,7873,0231,5517,5067,4290,5524,1491,6093,0923,0538,3725,8613,9494,5004,3698,9200,12190277.28,0.0,148883.3,0.6463785742,8271403.86,0.0,182610.65,0.05,04,06,14,15,19,26,27,30,01,02,0.0,0.0,1,1,1,1
845/23,12/03/2023,Mon,0616,0962,5217,7903,4050,3159,6496,8149,6462,8314,6885,0365,9931,1423,1841,7929,7094,5084,4041,5546,5407,6243,1809,13023524.12,0.0,204147.75,1.1126867793,8334166.49,0.0,195708.55,0.05,01,10,14,15,20,22,24,29,31,33,0.0,0.0,1,1,1,1
846/23,15/03/2023,Thu,8505,0373,8267,5581,6774,0658,8950,9475,8508,7459,0761,2097,9293,7276,1279,9788,3831,1077,2704,5121,1990,0161,1831,13860673.81,0.0769230769,152209.04,1.1139442718,8395682.91,0.0,207710.19,0.075,01,02,08,09,17,18,21,32,06,25,0.0,0.0,1,1,1,1
847/23,18/03/2023,Sun,6495,1268,0457,0064,0711,4679,7657,1577,5862,9297,9650,5767,3575,0226,2814,7378,5661,0176,9183,2570,0481,3963,2622,13649506.77,0.0062111801,155461.57,1.091954023,8458101.02,0.0,214238.35,0.05,01,02,04,15,18,19,26,33,07,16,0.0,0.0,1,1,1,1
848/23,19/03/2023,Mon,2732,4728,9325,4938,2014,7264,7397,7645,3452,1838,7593,3435,4895,6873,6532,3140,4122,2910,8926,0055,0708,1712,8975,14444285.0,0.0,159919.6,0.0682678678,8519856.03,0.0,225398.0,0.15,02,05,08,19,20,27,30,31,03,06,0.0,0.0,1,1,1,1
849/23,22/03/2023,Thu,2021,5985,9386,4680,1880,1762,1224,6893,1841,1479,3697,4706,5910,5611,3732,1674,7296,5587,1875,4555,0658,8619,9468,15420578.34,0.1111111111,326510.11,2.3746233418,8581376.61,0.0,213376.84,0.1,06,07,15,16,22,28,34,36,17,19,0.0,0.0,1,1,1,1
850/23,25/03/2023,Sun,8438,6961,2660,3197,5717,3266,1571,2866,6100,2086,3779,9036,7891,8940,1213,9527,7335,1381,7342,7095,9554,0817,3549,14737969.15,0.0188679245,187416.08,0.3319637382,8643704.63,0.0,214113.67,0.175,05,09,12,13,18,21,22,25,15,28,0.0,0.0,1,1,1,1
851/23,26/03/2023,Mon,2609,1693,6574,0545,3013,7008,8598,8133,2659,2885,0113,2500,5729,0645,5630,6043,6686,2110,6300,1326,1721,3169,2956,15552519.72,0.02,323859.92,0.1901124956,8706291.04,0.0,198809.8,0.1,03,06,07,11,26,30,33,36,05,19,0.0,1.0,1,1,1,1
852/23,29/03/2023,Thu,3887,9410,5785,7843,1221,9307,9031,7036,9641,5553,2998,9915,3810,7199,1660,8871,8653,1355,5396,3552,6604,5640,6065,16318042.03,1.0,458030.59,1.2231252629,8767600.16,0.0,200642.47,0.05,06,08,12,13,16,25,33,36,03,35,0.0,2.0,1,1,1,1
853/23,01/04/2023,Sun,0200,7507,1943,6782,2726,1104,2987,7181,8856,7896,3258,7864,6231,4834,4895,7564,1810,6131,2222,3929,4374,0468,0267,2690727.59,0.1111111111,125586.84,1.4561403509,8832521.39,0.0,213603.29,0.0,01,05,07,21,22,24,28,32,08,18,0.0,0.0,1,1,1,1
854/23,02/04/2023,Mon,2895,3484,3672,0265,7128,1750,4183,3406,1719,1919,5463,8656,7830,6515,3037,7243,6785,6867,1040,6714,7572,2852,7432,3056907.87,0.0,120936.37,1.117690112,8896641.31,0.0,236312.43,0.05,08,11,21,22,24,25,27,28,04,14,0.0,1.0,1,1,1,1
855/23,05/04/2023,Thu,1810,9061,3025,2300,0421,9339,1024,3585,2661,2038,9202,8430,2769,7386,1028,9652,6401,6310,0394,1334,3436,6729,5963,3696823.33,0.0,116348.27,0.0,8960719.65,0.0,247191.22,0.05,09,13,14,17,26,30,33,34,22,23,0.0,0.0,1,1,1,1
856/23,08/04/2023,Sun,7233,5954,3724,3597,7193,5586,0873,3619,6369,7712,1658,4608,1420,2693,7379,8639,3846,5459,4852,8248,0349,7655,3098,4374218.54,0.0,239511.04,0.0,9025627.02,0.05,257819.69,0.25,02,06,13,20,25,26,28,34,18,35,0.0,0.0,1,1,1,1
857/23,09/04/2023,Mon,1852,4519,3043,0322,3276,0835,9083,6495,8701,0595,8031,7058,7266,6393,0749,0904,0068,4006,5939,6944,7896,9059,6153,5065550.53,0.0,365207.77,1.0,8637995.94,0.0,215907.57,0.1,09,11,13,18,19,20,30,33,14,27,0.0,0.0,1,1,1,1
858/23,12/04/2023,Thu,0391,8495,7126,4589,4048,8249,6837,4080,6141,5093,3317,7349,2948,9776,0914,1186,7646,5280,7055,0077,8934,7581,4684,5729126.03,0.1111111111,120650.09,0.2236232655,8699309.02,0.0,216031.86,0.0,02,10,15,16,27,29,30,31,05,06,0.0,1.0,1,1,1,1
859/23,15/04/2023,Sun,7474,7117,6132,1453,1574,2225,3719,9199,6339,5713,4882,6546,9988,5967,7274,7092,3452,8939,7156,7511,7279,3861,2162,5780366.45,0.1093365598,218726.28,3.1371423082,8762117.59,0.0,238276.56,0.15,09,14,15,21,22,24,27,28,01,02,0.0,0.0,1,1,1,1
860/23,16/04/2023,Mon,0927,8488,5555,8274,5638,7335,4723,3662,9475,2218,7947,8086,1675,3525,9965,0453,6333,3215,2570,3994,0764,3982,6485,5842145.12,0.0,126142.56,2.028173096,8823270.68,0.0,224193.47,0.375,03,04,12,19,24,27,32,35,14,36,0.0,3.0,1,1,1,1
861/23,19/04/2023,Thu,2238,2800,2457,6681,5216,9169,2202,4280,2284,5036,4289,9601,0695,9952,1178,3932,0430,0886,6973,1619,1116,9327,7873,6531532.64,0.0,125343.19,1.0695807315,8884645.14,0.0,161857.71,0.1,02,09,12,26,28,29,31,33,10,36,0.0,0.0,1,1,1,1
862/23,22/04/2023,Sun,7292,5616,2414,2330,7246,4332,0227,4458,9575,1313,7511,0214,8087,6773,0876,9839,0822,7452,5350,1301,6016,4841,7361,7256597.01,0.0,131829.89,0.0600810529,8947254.32,0.0,167846.03,0.0,05,08,12,13,18,23,33,34,22,29,0.0,0.0,1,1,1,1
863/23,23/04/2023,Mon,5662,5223,7233,6399,1833,5006,0480,5253,6060,7851,0508,0773,2959,7325,3097,9588,6157,4149,6037,6026,8457,6059,3554,7983424.95,0.0,256059.95,1.2203461797,9008225.45,0.0,189439.97,1.3,01,03,14,15,24,28,30,35,08,25,0.0,0.0,1,1,1,1
864/23,26/04/2023,Thu,4991,4955,2621,7874,8074,8446,9562,5091,7287,0332,3301,4738,6966,1894,6530,5094,4581,3263,0581,9875,3963,3170,1315,8771922.96,0.0,143363.28,0.1323877069,9070892.65,0.0,100000.0,0.05,01,02,09,10,15,25,28,30,34,35,0.0,0.0,1,1,1,1
865/23,29/04/2023,Sun,8757,3569,9153,1981,9609,1273,9890,6202,8973,7201,6561,4098,5896,8914,5295,2231,5193,8523,3305,6527,8977,2628,3554,9597977.86,0.0169491525,274575.54,0.036058257,9134665.28,0.0,100000.0,0.15,05,15,19,29,32,33,35,36,16,22,0.0,0.0,1,1,1,1
866/23,30/04/2023,Mon,4849,3559,7206,2304,0660,4451,8792,7151,1527,9621,7587,5294,3432,5832,4275,6368,2379,7364,5712,1040,7697,5541,7094,10293507.59,0.0,420712.53,0.068156035,9197078.44,0.0,100000.0,0.25,01,03,06,17,20,25,26,33,05,16,0.0,0.0,1,1,1,1
867/23,03/05/2023,Thu,5258,4392,4343,1079,7835,8617,8895,5747,3207,9565,6536,9921,1010,8290,7582,2685,4637,1799,5702,6994,2418,7315,2052,11173355.76,0.0,552010.83,1.3015786203,9257906.22,0.0,100000.0,0.05,02,06,10,17,20,24,26,36,08,22,0.0,0.0,1,1,1,1
868/23,06/05/2023,Sun,5001,8125,1793,0079,3454,4370,3343,3580,6764,4363,4766,6507,3468,8937,4104,4903,4384,2389,8870,3002,5807,1072,2931,12192472.21,0.0107526882,185293.9,0.1678049549,9322112.87,0.05,100000.0,0.0,03,04,05,09,11,13,18,19,17,27,0.0,0.0,1,1,1,1
869/23,07/05/2023,Mon,7235,8120,4533,1960,3987,1189,1181,9050,0355,1209,1386,4669,5854,3744,9266,5362,9661,2874,4826,7296,1969,7606,8074,13131635.62,0.0,348794.36,1.3657170977,8919533.55,0.0,100000.0,0.3,03,08,12,16,20,22,26,31,32,33,0.0,1.0,1,1,1,1
870/23,10/05/2023,Thu,2090,4127,6904,7968,5747,5645,8530,5653,6827,1719,1665,7516,7084,6517,3594,3080,9337,0811,3304,2071,3546,0796,7803,14215868.83,0.0089197893,197133.31,0.033944973,8984543.48,0.0,100000.0,0.0,03,05,17,18,20,23,25,36,04,16,0.0,0.0,1,1,1,1
871/23,13/05/2023,Sun,9235,6201,7658,4751,7378,0771,2866,0381,5118,1749,8748,1997,9869,0969,0929,7155,0824,2903,9247,9350,6860,2066,0170,15211348.84,0.0,394493.01,1.1437452624,9048898.83,0.0,100000.0,0.15,01,08,09,10,19,27,31,33,07,18,0.0,0.0,1,1,1,1
872/23,14/05/2023,Mon,2496,9984,3669,3154,2290,1162,4943,2223,2894,1409,8939,8904,7432,4125,4236,8272,7517,8802,1934,6490,3482,8449,9106,16378546.0,0.0110610777,212217.67,0.0361598145,9112964.9,0.0,107174.3,0.05,01,02,04,08,19,24,31,32,21,22,0.0,0.0,1,1,1,1
873/23,17/05/2023,Thu,6778,5171,6903,8357,7452,1052,9533,1408,9476,3238,6905,4620,1826,3469,3366,2251,2897,6760,8882,2737,6585,5517,2668,17386787.43,0.0203582375,420799.52,1.1462258602,9176964.64,0.0,124482.15,0.0,05,07,13,18,32,33,34,36,04,20,0.0,0.0,1,1,1,1
874/23,20/05/2023,Sun,0721,8066,4254,4203,0507,5169,2219,5782,1217,4993,2954,0895,9722,8414,5935,0222,1558,1711,8745,8202,6159,4360,3585,18271570.87,0.0218477232,225226.87,1.2699842876,9242752.71,0.0,147782.09,0.1,03,09,11,22,24,27,32,35,01,02,0.0,2.0,1,1,1,1
875/23,21/05/2023,Mon,6006,4962,2625,2648,8231,8986,2468,5923,9529,2270,1926,3714,3977,4733,6764,6603,2394,6771,2544,0071,3267,6158,5376,19150353.12,0.0255730484,232359.0,3.110231041,9306913.82,0.05,155727.61,0.05,01,06,07,20,32,33,35,36,12,19,0.0,1.0,1,1,1,1
876/23,24/05/2023,Thu,3592,7298,9354,7668,9892,3777,6832,7789,6040,1513,3043,9181,5545,9713,8962,8836,2529,6492,0744,0492,1554,8338,0484,19962369.67,0.0,236681.72,0.1510419602,8906222.26,0.0,170839.57,0.0,04,05,07,15,17,30,34,36,10,25,0.0,1.0,1,1,1,1
877/23,27/05/2023,Sun,4849,4451,4598,1338,9888,6991,4418,3296,0146,6141,0967,4751,5027,8982,3009,2258,2913,7499,7256,5702,6147,7930,7902,21356077.62,0.1323877069,454334.3,1.292889947,8971149.83,0.0,193834.75,0.05,07,11,12,14,19,28,29,33,04,31,0.0,0.0,1,1,1,1
878/23,28/05/2023,Mon,8993,7821,1924,8235,2258,7905,6304,5581,0451,8594,4369,9899,5454,0040,5386,7303,4162,5050,1237,7658,6497,7391,3441,19906329.06,0.0481294237,250460.65,1.419949238,9034687.24,0.0,206645.84,0.05,04,10,11,13,23,24,26,32,02,29,0.0,0.0,1,1,1,1
879/23,30/05/2023,Wed,0696,8402,2626,6219,4924,0869,0304,4439,3679,1030,5627,6420,2183,8051,9474,0548,5760,3991,1847,0856,2760,1720,9414,20112391.13,0.0457355972,211662.22,2.1255520542,9085259.61,0.0,214224.6,0.2,02,10,14,23,25,27,28,36,04,20,0.0,0.0,1,1,1,1
880/23,31/05/2023,Thu,2978,3965,2665,9779,8308,3209,4215,9737,5280,2800,2009,1799,8561,8268,0202,2733,1140,0809,7118,3501,6020,4563,8076,20507125.87,0.0062111801,239015.81,0.1542525226,9144632.29,0.0,192407.5,0.15,01,10,12,17,21,22,28,35,13,32,0.0,0.0,1,1,1,1
881/23,03/06/2023,Sun,0040,1992,9238,9037,5116,4914,6496,6318,4158,8751,5291,1971,2076,1907,6062,3158,5245,4923,7977,0193,8435,5234,6423,21756358.22,0.1178225205,452438.99,2.663573488,9207722.42,0.0,185890.79,0.05,01,12,19,20,24,29,30,34,11,23,0.0,0.0,1,1,1,1
882/23,04/06/2023,Mon,0133,1477,9234,5060,3384,3864,2419,7343,8905,9343,8946,8182,8454,8325,6127,6803,3269,7381,2759,2893,9016,9653,0509,20559527.23,0.0034364261,248465.09,0.1129738298,9270370.61,0.0,198784.15,0.2,05,12,13,17,18,20,31,33,14,15,0.0,0.0,1,1,1,1
883/23,07/06/2023,Thu,9599,4889,6916,0068,1641,0440,1241,8241,8714,8890,1070,4697,1901,8083,7348,2250,0811,0026,5712,8111,4534,5727,4503,21863301.32,0.0,470290.57,2.1314060098,9333983.65,0.0,181556.94,0.125,03,10,11,20,24,26,28,32,12,22,0.0,0.0,1,1,1,1
884/23,10/06/2023,Sun,8611,6714,6872,2566,3798,3307,6637,8231,9316,1465,5033,4682,4656,0606,5550,6728,5086,0908,8823,6136,8478,6300,6365,23307770.89,0.0046232815,262630.83,2.2682828642,9402957.35,0.0,183290.5,1.1,01,03,07,14,18,26,29,35,06,33,0.0,0.0,1,1,1,1
885/23,11/06/2023,Mon,4948,6658,6255,5532,6532,6985,5613,1452,4865,2606,1940,1947,2524,4189,8822,2800,0824,8783,9698,1659,4691,4881,9850,24696310.91,0.0093762566,272054.26,1.2300467251,9471322.79,0.0,100000.0,0.05,06,07,08,16,18,28,31,36,14,35,0.0,2.0,1,1,1,1
886/23,14/06/2023,Thu,1750,1503,3343,6379,9848,4758,9452,9627,4106,3111,1984,4967,5895,8049,6819,0726,5822,3144,5083,3735,3079,1134,2184,26003935.18,0.0026954178,279851.5,0.5089321294,9540331.53,0.0,100000.0,0.075,01,07,10,11,17,20,28,33,21,27,0.0,0.0,1,1,1,1
887/23,17/06/2023,Sun,0022,0429,5947,2774,4813,9811,6442,4275,7344,0486,8527,5219,8595,2988,5246,9171,7622,2594,3445,3020,5449,1699,2977,27561961.93,0.0053475936,433447.58,0.1657093368,9610998.52,0.0,100000.0,0.05,06,10,14,15,19,22,24,36,17,28,0.0,0.0,1,1,1,1
888/23,18/06/2023,Mon,7681,6736,0651,1382,2497,1679,4636,3539,7909,7151,4349,9092,9215,2721,6303,4714,3546,1401,8403,5580,6002,7184,8219,29164638.02,1.005988024,679815.14,2.216462012,9680019.14,0.0,100000.0,0.1,04,15,17,25,27,30,31,33,03,14,0.0,0.0,1,1,1,1
889/23,21/06/2023,Thu,7301,8315,0521,2942,9401,9066,0068,1820,4028,6283,7430,1519,4213,4837,4697,3076,6119,9964,7983,6559,7935,3369,0324,2705172.27,0.0,128213.14,0.0630268595,9748241.43,0.0,100000.0,0.1,03,10,13,19,26,28,31,35,08,20,0.0,0.0,1,1,1,1
890/23,24/06/2023,Sun,9265,1128,8874,6097,9838,8201,8958,7417,1653,5978,6276,8346,7902,7679,5688,3286,2984,5184,9136,2230,7614,5079,0332,3357188.94,0.0,238680.76,0.4208086874,9820475.2,0.0,110370.9,0.05,03,12,19,20,21,26,30,36,06,34,0.0,0.0,1,1,1,1
891/23,25/06/2023,Mon,1375,8128,8201,6109,6615,8289,6516,5294,2897,3139,3426,9452,5851,8945,6665,7975,1768,3688,3205,5272,3601,2229,5762,4006873.94,0.0172859025,256366.37,1.5914526796,9889227.33,0.0,129202.06,0.1,02,07,11,15,16,19,22,29,08,24,0.0,0.0,1,1,1,1
892/23,28/06/2023,Thu,0229,1580,9485,2773,2344,9253,0239,2980,4232,0918,3310,5981,8734,6159,9088,3082,6295,3078,8171,0963,7708,7319,2001,4597322.57,0.0,119947.47,1.0077799466,9961963.82,0.0,142042.69,0.1,01,02,12,19,20,23,27,29,07,32,0.0,0.0,1,1,1,1
893/23,01/07/2023,Sun,5418,0410,9764,1978,1739,6117,0297,3139,4302,7887,0928,0221,5069,1948,9865,5402,5800,4106,8366,2341,5170,9477,2989,5276109.28,0.0,123415.77,0.0212765957,10034307.67,0.0,153460.2,0.1,07,09,13,19,21,24,28,31,02,11,0.0,0.0,1,1,1,1
894/23,02/07/2023,Mon,7359,2396,0416,4802,4770,6463,2941,5704,0230,2493,3277,1221,9454,4956,0218,2699,5081,5742,0526,4959,9520,8316,0016,5961654.14,0.0,245434.42,0.0,10104366.01,0.0,162926.51,0.05,02,05,16,20,27,28,29,34,14,19,0.0,0.0,1,1,1,1
895/23,04/07/2023,Wed,6584,4481,6539,9457,2050,4963,7772,6566,3946,7346,8988,7941,8286,4115,6494,5089,9354,7619,9395,8227,9141,9917,5101,6549028.68,0.0,352229.79,0.0,10159773.93,0.0,174403.82,0.1,01,02,03,04,09,20,30,31,15,29,0.0,1.0,1,1,1,1
896/23,05/07/2023,Thu,0027,3043,0506,3537,6757,4701,9333,6644,1762,8505,5696,0845,9003,7972,0806,7938,7732,4239,1718,8313,2609,2089,0869,7232698.34,0.0434782609,476533.37,0.005988024,10223056.71,0.0,179376.09,0.1,07,08,10,15,16,22,27,36,26,32,0.0,0.0,1,1,1,1
897/23,08/07/2023,Sun,6689,7084,8693,8819,7265,7416,5530,1313,1409,6402,4490,2579,7335,7254,6091,3343,5051,9522,0002,0877,1582,0082,8981,7658352.38,0.0,608247.01,2.1703151929,10294176.73,0.0,186626.82,0.0,02,15,18,19,20,25,28,33,04,23,0.0,0.0,1,1,1,1
898/23,09/07/2023,Mon,1537,9110,6145,1880,1452,1809,3120,3260,7273,0368,5676,3220,1514,7308,4110,3228,2607,0258,0971,9077,0995,8675,7632,8411127.26,0.0028011204,136868.16,0.0101010101,10362749.67,0.0,210913.07,0.05,01,12,13,16,20,26,32,34,06,33,0.0,0.0,1,1,1,1
899/23,12/07/2023,Thu,3324,6348,2957,0554,4086,1637,2416,2086,5583,1112,6133,7600,0037,6826,5228,9403,0511,9463,0226,1841,8676,0378,3229,9137622.99,0.0434782609,271859.53,0.226873385,10430787.42,0.0,224464.12,0.125,04,06,12,13,15,18,22,32,16,30,0.0,0.0,1,1,1,1
900/23,15/07/2023,Sun,0603,6279,3781,6746,9039,2204,3711,0806,5762,3315,0010,8156,1326,2959,6999,2282,1192,9737,0067,9403,1642,0675,7363,9524139.16,0.0526315789,352691.68,2.1006275207,10499940.9,0.0,220897.96,0.05,04,07,10,11,16,22,27,29,18,23,0.0,0.0,1,1,1,1
901/23,16/07/2023,Mon,1405,7251,9786,3554,3079,8673,1883,7400,7485,5613,0315,7462,5961,4383,4623,2850,0538,0898,4694,2049,1555,7842,5098,9830385.46,0.0015576324,146821.24,2.039671741,10566741.15,0.0,233511.48,0.1,04,08,16,23,25,28,30,35,13,33,0.0,1.0,1,1,1,1
902/23,19/07/2023,Thu,9544,2952,2451,3174,6483,2444,0528,7450,9608,4137,3570,9761,2881,5752,9525,4502,2039,3223,1787,8340,1226,7582,8687,10630803.01,0.0285714286,148314.49,0.0183170344,10634533.18,0.0,234170.01,0.175,03,05,06,12,17,20,22,35,21,24,0.0,0.0,1,1,1,1
903/23,22/07/2023,Sun,1337,7273,3389,1711,1096,4339,4481,3670,5388,1947,1611,1404,8399,5377,3032,3174,8447,4709,3677,1201,8591,1980,2505,11220427.23,0.012987013,308027.17,2.359500123,10703001.38,0.0,217439.41,0.05,04,05,12,19,20,21,26,33,17,25,0.0,0.0,1,1,1,1
904/23,23/07/2023,Mon,2634,0636,2275,8080,1373,7398,0860,9523,2211,9037,6103,5725,0859,1990,0474,8456,8240,9789,2306,2937,6870,0073,0855,11991146.57,0.0,166625.31,0.2965703277,10770059.23,0.0,230317.09,0.0,18,20,22,24,27,30,33,34,13,25,0.0,0.0,1,1,1,1
905/23,26/07/2023,Thu,7932,7621,9207,2304,9810,3559,1190,3462,8837,8433,2900,6690,5828,0082,8999,0057,3467,4648,4325,3843,9399,0136,2127,12904221.95,1.0,283222.9,0.1936628555,10835066.19,0.0,253340.39,0.25,13,18,19,20,21,31,33,34,14,35,0.0,0.0,1,1,1,1
906/23,29/07/2023,Sun,7479,8625,2324,5930,8527,4875,1756,9880,9246,0105,2565,9211,5188,1959,0508,5574,5319,0008,3641,0163,1630,2309,1806,2673001.09,0.0,350736.98,1.0169491525,10902475.69,0.0,213879.49,0.0,10,11,15,16,19,26,33,35,18,23,0.0,0.0,1,1,1,1
907/23,30/07/2023,Mon,6191,2193,6913,2354,7524,2242,8727,3156,9850,9539,4047,5700,2363,6135,6621,5301,5131,1082,1790,3036,1285,4826,3844,3311723.79,0.0,116131.4,2.0071942446,10969337.12,0.05,237559.58,0.1,01,03,08,11,15,16,30,32,27,28,0.0,0.0,1,1,1,1
908/23,02/08/2023,Thu,6925,9063,9383,1005,6803,6110,1102,3035,7017,6193,1783,6769,5657,3906,0718,2947,2682,8386,6681,6780,1022,7345,0231,3939648.15,1.0049261084,114168.07,2.1111111111,10489763.57,0.05,238203.33,0.0,03,10,11,12,17,20,26,29,16,36,0.0,1.0,1,1,1,1
909/23,05/08/2023,Sun,2070,4830,3835,6103,5212,8099,2622,9823,2686,4036,9695,9362,6393,6877,0043,2055,1965,4776,8000,9784,4928,9224,9883,2617041.32,0.0,112189.33,1.1261294261,10036620.53,0.0,263471.4,0.2,09,10,16,20,22,27,29,31,23,33,0.0,0.0,1,1,1,1
910/23,06/08/2023,Mon,0355,8941,9281,4192,2831,6323,2850,1775,7056,4849,6017,9732,1200,8596,4230,4301,5758,5364,4384,4422,9446,7146,1982,3231279.07,0.0016528926,111679.59,0.1198067633,10106729.36,0.0,235607.33,0.0,09,18,21,22,23,24,27,31,07,33,0.0,0.0,1,1,1,1
911/23,09/08/2023,Thu,1582,2812,0527,0664,8289,9395,3307,0549,6543,6717,1044,5200,1403,0085,7331,0513,8608,2025,6956,2808,2444,2063,1778,3837752.53,0.0074074074,209538.61,0.4302880058,10184316.45,0.0,263086.09,0.35,03,04,08,23,29,32,33,36,25,27,0.0,0.0,1,1,1,1
912/23,12/08/2023,Sun,2484,2877,4414,4874,5056,1713,0021,3870,2210,4865,1308,1063,3765,4672,1043,1744,2082,0995,8060,1201,5990,3509,2784,4463440.46,0.0,238306.79,0.0028011204,10266551.2,0.0,200130.77,0.05,02,07,09,10,15,17,26,29,20,28,0.0,0.0,1,1,1,1
913/23,13/08/2023,Mon,8988,7563,9931,8813,9420,6105,6865,1780,3345,8308,0917,6569,9415,0908,1756,7336,4458,4015,9503,8996,1271,5823,1943,5104203.22,0.0,354141.58,1.0526315789,10342656.46,0.05,217078.18,0.1,02,07,09,20,24,28,31,33,13,35,0.0,0.0,1,1,1,1
914/23,16/08/2023,Thu,7811,2594,5338,8081,9852,2925,8305,6438,6690,2703,0230,6054,5551,9745,8739,8778,0224,9805,1971,3946,6457,3816,9007,5744691.92,0.0425901782,116452.49,0.1999755412,9900770.77,0.0,222020.38,0.275,10,14,16,20,23,27,28,32,05,18,0.0,0.0,1,1,1,1
915/23,19/08/2023,Sun,7739,3456,7730,6083,6546,5948,9497,0684,4980,4814,8247,9469,5690,8031,3799,8265,5194,5492,9526,5786,2575,5895,6128,6181144.35,0.0,217004.82,0.0,9979181.15,1.125,188735.12,0.0,05,07,11,14,17,30,32,35,18,21,0.0,0.0,1,1,1,1
916/23,20/08/2023,Mon,6882,5612,2103,2438,4961,1889,1135,5268,1112,8648,0151,0017,4056,4577,5552,4724,1264,2317,9951,1202,3377,5646,8183,6861617.19,0.0526315789,340727.16,1.1625691955,2072030.02,0.125,214245.75,0.5,03,04,12,15,16,17,19,31,10,36,0.0,0.0,1,1,1,1
917/23,23/08/2023,Thu,2534,6681,9652,1459,0732,4815,3254,7727,1471,2606,8139,0737,1020,6098,6723,4068,5619,0755,2137,4564,0446,2360,4530,7186673.78,0.0,124762.61,0.3246269674,2070874.5,0.05,132224.25,0.0,01,03,10,15,16,18,20,27,02,06,0.0,0.0,1,1,1,1
918/23,26/08/2023,Sun,1433,8280,0708,0483,3568,3971,7165,4574,0541,2757,5708,7321,0183,4599,1124,1421,6211,8943,9839,8745,6125,6006,9679,7889504.7,0.0,212048.74,0.0490543735,2070470.18,0.0,157182.44,0.0,05,11,12,27,28,29,31,34,10,26,0.0,0.0,1,1,1,1
919/23,27/08/2023,Mon,1195,1001,0793,2732,7312,5920,6600,8357,8319,6641,7844,7330,0516,0367,8623,2169,5198,5659,7163,1104,6690,7561,3096,8606818.41,0.0,332067.5,0.1506642708,2139037.58,0.0,181466.73,0.0,01,05,06,16,21,23,30,31,03,13,0.0,0.0,1,1,1,1
920/23,29/08/2023,Wed,6392,7146,1566,7204,5566,5564,6806,2602,6541,9663,0597,8330,4969,0453,8955,4655,5272,6615,9615,5881,5947,8137,1575,9222982.48,0.0,394066.63,0.0193201091,2193310.77,0.0,200688.48,0.1,02,06,08,09,16,26,29,34,21,35,0.0,1.0,1,1,1,1
921/23,30/08/2023,Thu,6952,7328,8996,4412,6081,6359,1063,0756,3911,3242,1696,5801,8533,4765,1910,3482,8655,7470,6324,8732,5010,5331,9050,9950043.95,0.0,518646.22,0.0869542053,2257258.63,0.0,203267.83,0.05,06,07,10,19,24,30,33,34,17,29,0.0,0.0,1,1,1,1
922/23,02/09/2023,Sun,0805,3253,0915,1870,9604,1150,5121,0083,0057,1964,9638,1792,8933,5819,7174,9234,6626,6837,5013,6825,3614,1390,4104,10747384.04,0.0038022814,618518.68,0.0748994375,2327566.85,0.05,218005.27,0.1,01,08,11,16,18,22,26,33,30,31,0.0,0.0,1,1,1,1
923/23,03/09/2023,Mon,1345,2083,0335,5919,3669,0392,1403,3643,7048,6589,7968,5374,7733,9340,5037,9232,2326,1800,5459,0344,9299,0837,7594,11538780.75,0.0023529412,723512.22,0.0372184332,2279444.65,0.0,220378.79,0.05,02,03,13,18,23,26,30,34,14,33,0.0,0.0,1,1,1,1
924/23,06/09/2023,Thu,5832,6209,8467,0807,1493,5601,8038,6693,9247,7654,8269,8913,5001,8882,8998,7253,0051,1584,9389,4548,0608,6163,5214,12348587.98,0.0,848758.28,0.2401819885,2346868.2,0.0,233239.03,0.475,12,15,16,21,22,26,30,33,10,32,0.0,0.0,1,1,1,1
925/23,09/09/2023,Sun,0396,2286,9080,3492,8977,8448,8257,8484,6138,3352,1281,8039,1877,3354,1154,1174,3719,6924,8827,3659,6610,0868,6821,13221609.94,0.0,803633.1,1.5860056892,2416582.02,0.0,147140.8,0.175,03,04,06,07,26,28,29,34,21,32,1.0,0.0,1,1,1,1
926/23,10/09/2023,Mon,3362,6628,4728,0509,8251,5033,3004,9410,5762,9841,1447,6349,1045,0120,1829,4669,5635,5382,5736,5052,8232,3930,0173,14197955.92,0.0370216835,177517.45,0.1733783834,2484949.24,0.0,145604.55,0.275,03,06,07,22,24,28,31,35,13,34,0.0,0.0,1,1,1,1
927/23,13/09/2023,Thu,3122,3538,5182,9127,7269,4618,1236,1231,2097,1834,5720,5123,4547,9482,9046,4780,1851,4572,7331,7547,0045,4661,4841,14672948.32,0.0,328671.51,2.176126007,2553466.35,0.0,129829.78,0.3,02,03,05,10,11,14,20,28,22,30,0.0,0.0,1,1,1,1
928/23,16/09/2023,Sun,3242,2617,8744,5643,6454,6802,7866,9736,2127,8783,0078,5799,6842,1290,5292,9941,9407,2019,5285,3032,6466,7018,6269,15728188.11,0.0050505051,191861.78,0.0202474778,2625244.12,0.0,116302.14,0.1,02,04,08,14,17,19,22,30,20,31,0.0,0.0,1,1,1,1
929/23,17/09/2023,Mon,3941,2750,8624,6122,3061,6709,3522,7144,1065,5689,0502,4578,3116,5472,9492,2124,3802,1641,7310,1393,9552,4329,0941,16706040.53,0.0169491525,380211.19,0.0114795588,2692552.64,0.0,128510.36,0.3,01,08,13,14,21,23,34,35,05,27,0.0,0.0,1,1,1,1
930/23,20/09/2023,Thu,0841,5784,8168,1110,2209,5213,2311,0546,2892,0489,9861,3818,6106,2075,7481,5682,3648,3941,8039,6185,5453,2222,2438,17506479.21,0.0052356021,572863.25,1.2166112166,2758048.07,0.0,113153.55,0.175,02,04,06,11,14,20,31,35,28,34,0.0,0.0,1,1,1,1
931/23,23/09/2023,Sun,9192,9476,5241,7992,1627,0446,6266,6806,0999,0994,3849,7322,1562,0872,5469,3500,9192,9835,6336,1430,9820,7970,7808,18553552.95,0.0184286073,207041.95,2.1447371802,2827832.38,0.0,118066.96,0.0,03,08,09,11,18,24,28,35,02,26,1.0,0.0,1,1,1,1
932/23,24/09/2023,Mon,3218,8778,1810,3897,5088,6467,0749,1974,4158,8276,7271,6403,3130,4224,5255,1004,9206,3718,6986,3187,3115,7138,4865,19388301.61,1.0302465705,213939.06,0.6106428576,2895264.84,0.0,141949.29,0.175,01,07,08,12,18,21,29,32,10,24,0.0,0.0,1,1,1,1
933/23,27/09/2023,Thu,1187,7348,7935,5443,7136,8836,8455,2166,9971,5203,4138,9728,5964,4062,5088,5167,5539,6662,6922,6233,4446,6781,7771,2642512.42,0.0,200119.14,0.0,2963562.96,0.0,141297.08,0.05,01,02,06,07,09,14,18,31,17,19,0.0,0.0,1,1,1,1
934/23,30/09/2023,Sun,3540,9240,3826,4498,0650,9635,0833,3844,2435,2363,1810,6784,9026,6551,7559,7741,9130,1757,4292,0690,6226,7566,5802,3284830.03,0.0,316904.16,0.1186975988,3033742.08,0.0,159087.34,0.1,01,06,16,17,18,28,32,34,23,24,0.0,0.0,1,1,1,1
935/23,01/10/2023,Mon,4585,3606,7563,0253,1845,4837,9137,9431,5118,8816,1734,7189,9724,4296,4786,1653,0531,9546,6453,9707,6145,8491,8000,3946862.78,0.0,399657.99,0.0169491525,3098032.09,0.0,165947.99,0.05,01,04,10,14,15,17,25,26,22,28,0.0,0.0,1,1,1,1
936/23,04/10/2023,Thu,3526,3039,8702,9617,0321,0657,4739,5133,5660,9145,3323,2204,3766,3189,5587,1670,5111,6401,6435,1002,8517,0560,2382,4624879.63,0.0,516159.91,0.0351491983,3160878.87,0.0,179908.83,0.075,03,05,06,11,13,21,25,34,26,27,0.0,0.0,1,1,1,1
937/23,07/10/2023,Sun,0773,8388,0496,1746,0661,0502,7886,5327,2671,6418,9968,3449,1544,7055,9096,5901,8174,9764,1672,6846,6699,9252,5003,5405935.24,0.0,640027.42,2.1665350146,3226228.97,0.0,189560.5,0.1,01,02,07,15,16,17,30,33,09,26,0.0,0.0,1,1,1,1
938/23,08/10/2023,Mon,4239,1604,4985,6191,9275,1025,3033,8480,1881,8267,3644,7185,2487,1150,1651,4152,7844,2872,4282,0909,2046,5010,3979,6191277.88,0.0,142789.57,0.0,3290244.94,0.0,193276.77,0.15,08,09,10,11,12,21,28,32,06,34,0.0,0.0,1,1,1,1
939/23,11/10/2023,Thu,4729,4454,1958,6651,7442,2513,0199,8862,1143,6792,6205,7767,2598,7705,0395,7720,2144,2006,5403,2231,3437,8499,6137,6982077.31,0.0,286571.29,0.0362831858,3352350.61,0.0,186281.01,0.05,01,02,04,14,21,26,27,34,05,24,0.0,0.0,1,1,1,1
940/23,14/10/2023,Sun,9705,6626,4342,9877,8037,1733,1731,0460,7315,7854,8789,5604,8683,2843,7139,8283,9932,7454,2220,8905,3835,0633,3030,7818773.86,0.0,428300.22,2.0036363636,3415827.23,0.0,199448.26,0.05,02,08,21,23,24,28,30,32,16,36,0.0,0.0,1,1,1,1
941/23,15/10/2023,Mon,1956,0576,7362,6065,7486,1368,1641,3054,6889,8864,3859,1517,1924,8510,2206,0767,4894,1185,0529,2534,7713,1241,4974,8672506.0,0.0,155224.03,0.2042973586,3477116.55,0.0,211182.48,0.05,01,02,05,07,12,15,28,29,30,34,0.0,0.0,1,1,1,1
942/23,18/10/2023,Thu,0181,4874,6651,9031,8962,5404,8360,8486,3440,2470,3961,2981,7541,0956,9628,7795,8243,3442,7113,7748,9433,8933,0382,9548559.31,1.0787253965,282794.59,0.0934242002,3536619.51,0.0,221697.33,0.05,04,14,21,27,30,32,34,36,09,33,0.0,0.0,1,1,1,1
943/23,21/10/2023,Sun,1528,1894,9519,0109,4936,7327,1736,8224,6660,0639,8728,8615,6602,0889,5270,1964,5735,6255,6147,7920,0446,4032,6131,2651936.51,0.0212765957,374908.64,1.0234007654,3598348.98,0.0,232474.98,0.15,01,02,03,09,21,24,28,29,12,27,0.0,0.0,1,1,1,1
944/23,22/10/2023,Mon,8334,9764,2079,0932,4278,0322,8938,6396,1001,5141,1683,5920,4396,8689,3428,1348,2105,0177,4182,3508,9796,3061,1040,3226005.52,0.0,114635.13,0.0293822312,3658639.19,0.0,218956.51,0.1,01,04,05,11,12,19,23,36,08,13,0.0,1.0,1,1,1,1
945/23,25/10/2023,Thu,7918,0580,2790,8427,1796,5261,5042,3824,9880,7624,0856,4708,6846,0820,1166,4930,8669,4784,0419,6921,0970,8292,9928,3886869.41,0.0,231423.96,0.2044068369,3719021.67,0.0,218446.32,0.325,10,12,17,19,29,32,34,36,08,26,0.0,0.0,1,1,1,1
946/23,28/10/2023,Sun,6354,3127,0676,6779,6960,9821,2800,2006,3290,3049,0118,3644,5141,3599,6914,5646,6628,6709,3834,7351,2887,3675,0888,4595596.36,0.1280602637,312978.77,0.0699726612,3780990.32,0.05,169398.5,0.05,05,06,08,16,23,26,27,29,02,11,0.0,0.0,1,1,1,1
947/23,29/10/2023,Mon,0807,2646,2804,3662,4926,3656,8296,1640,4966,5243,3336,0911,2794,7665,6302,3344,6361,6858,4628,5331,0849,1208,3300,4728334.74,0.0193472341,422215.49,0.0526315789,3652403.27,0.0,182342.36,0.0,02,12,16,18,23,26,33,36,19,32,0.0,1.0,1,1,1,1
948/23,31/10/2023,Wed,3892,6441,1838,3540,4046,1904,3364,6627,3334,6454,4140,9249,7989,8553,5155,8149,1764,5674,9248,1343,0151,8399,2956,5263061.0,0.0156967618,513849.34,1.0942085604,3700931.68,0.0,199529.51,0.075,05,09,11,16,31,32,33,35,03,10,0.0,0.0,1,1,1,1
949/23,01/11/2023,Thu,5495,6247,4133,0833,6311,7136,1448,0195,5607,6179,4156,0504,0241,3992,6142,9701,9189,2443,5067,9889,3955,8527,1243,5876101.18,0.0,126482.4,0.0,3757393.76,0.0,204561.79,0.0,01,05,07,08,12,24,29,30,14,18,0.0,0.0,1,1,1,1
950/23,04/11/2023,Sun,5294,6420,0113,5442,5400,0153,7182,0690,3060,7138,2748,3534,2018,1057,1610,7766,0439,9365,3409,3653,8943,8801,2115,6643850.42,0.0,266073.17,1.0133624337,3819015.32,0.0,226386.09,0.15,07,13,19,20,24,26,34,36,18,31,0.0,0.0,1,1,1,1
951/23,05/11/2023,Mon,6299,0897,2634,2197,3972,8619,8155,6409,6411,5419,6315,2297,3758,0360,6730,8721,2433,9721,3837,5654,5052,7128,3010,7427439.77,0.0,142470.79,2.2180378647,3879956.75,0.0,214011.6,0.0,06,11,14,17,21,26,27,33,04,13,0.0,0.0,1,1,1,1
952/23,08/11/2023,Thu,1156,7906,6763,8362,2098,1680,9120,0223,9938,3032,1728,9523,3663,4994,3618,2077,1486,0483,1350,4517,0485,4832,6601,8238790.15,0.0018832392,147518.25,1.092112096,3942753.04,0.0,236251.95,0.05,01,03,13,14,16,20,26,35,09,12,0.0,0.0,1,1,1,1
953/23,11/11/2023,Sun,3565,1330,2491,6276,4649,8037,8606,6970,8897,0330,4119,7955,3519,9616,0028,4095,4104,6797,6778,2629,3251,5352,5826,9089420.98,0.0,157481.17,1.024884158,4008194.61,0.0,247616.57,0.0,01,03,06,08,12,17,26,30,19,20,0.0,0.0,1,1,1,1
954/23,12/11/2023,Mon,2455,0610,5207,2604,9218,3856,8747,0107,1366,3681,7835,1336,8344,3811,2241,7316,8866,6092,1216,5280,0331,7179,1255,9962283.82,0.0076335878,158702.34,1.1582150185,4070043.28,0.15,269521.31,0.475,02,03,12,18,22,30,31,33,01,16,0.0,1.0,1,1,1,1
955/23,15/11/2023,Thu,8917,3324,2019,8836,8004,0767,8242,1517,5199,0590,9399,6428,3209,9251,9126,8163,9482,3934,2186,4148,4419,3372,7562,10763072.03,0.0,159424.76,2.3612895725,3520446.34,0.0,163070.82,0.05,01,02,04,21,23,29,31,34,08,17,0.0,0.0,1,1,1,1
956/23,18/11/2023,Sun,5625,4015,9770,8895,0189,1523,6151,1493,4872,9317,7745,2827,5587,7939,2654,5109,3431,7881,4618,4036,6412,0491,3867,11682870.17,0.0563119385,167236.03,0.0427399401,3583776.44,0.0,177346.69,0.275,01,06,14,18,19,28,31,34,11,35,0.0,0.0,1,1,1,1
957/23,19/11/2023,Mon,8712,6317,8646,1826,3228,9105,3471,5539,9108,6705,7405,6141,4351,7396,9786,4249,3622,0662,6630,1632,4093,0085,7741,11955422.17,0.0,329258.75,0.1462644505,3645471.06,0.0,150426.53,0.1,02,06,10,12,23,26,27,31,04,15,0.0,1.0,1,1,1,1
958/23,22/11/2023,Thu,4352,3199,9902,0450,6475,4718,0553,7738,6645,4655,1394,5262,6979,7914,8740,0162,7941,8044,8159,0725,9897,1423,8766,12875523.72,0.0,448391.09,0.0704065848,3706092.32,0.0,156853.91,0.55,09,10,11,17,18,21,24,27,04,25,0.0,1.0,1,1,1,1
959/23,25/11/2023,Sun,3538,0477,0466,0188,2495,5544,7216,5798,5777,7429,0699,7333,8396,8819,7846,6235,9105,5469,3471,3021,8891,4083,4076,13843878.86,0.0,592885.98,0.2154492274,3768362.73,0.0,100000.0,0.125,01,10,14,20,24,25,27,32,06,34,0.0,0.0,1,1,1,1
960/23,26/11/2023,Mon,8499,0846,4833,8063,3220,5553,7206,9091,3359,8553,4468,3550,8677,3361,0528,8144,6399,5067,1129,3393,4944,5866,2890,14833938.67,0.0,645160.03,1.4202916773,3828980.63,0.0,101607.2,0.0,03,08,10,18,19,23,30,31,02,15,0.0,0.0,1,1,1,1
961/23,29/11/2023,Thu,1493,9382,4627,9165,3420,6496,5987,1806,5744,6732,9560,0542,5515,4091,5944,0637,4481,5855,6498,7056,4406,4058,8121,15836410.06,0.0054054054,182267.53,0.0396979035,3889745.64,0.0,123128.14,0.1,01,05,15,16,18,24,30,34,27,35,0.0,0.0,1,1,1,1
962/23,02/12/2023,Sun,2720,4198,4021,0135,6196,8054,8772,9504,8726,7423,6814,6990,1366,0663,7029,7669,0009,3294,7091,3538,6590,4602,3567,16796038.51,0.0188679245,365073.83,0.2218197648,3953241.27,0.0,133303.37,0.0,02,05,16,20,21,25,26,30,24,35,0.0,0.0,1,1,1,1
963/23,03/12/2023,Mon,9009,4489,0951,1109,0991,0853,7362,3136,2592,1820,7388,6780,2488,5757,2354,1861,1945,7352,8175,4453,0543,6251,9517,17537090.48,0.0049261084,476449.31,1.2451432148,4015266.95,0.0,155270.8,0.0,02,03,11,15,25,28,29,33,21,31,0.0,0.0,1,1,1,1
964/23,06/12/2023,Thu,0611,8113,6139,4791,4045,2948,2521,9739,2691,0525,1720,0379,3968,5230,6467,9491,2189,8562,6266,2951,0032,4554,5484,18488999.45,0.0038314176,188781.56,1.2982361848,4074876.04,0.0,176382.35,0.25,04,05,10,21,29,32,34,35,25,30,0.0,0.0,1,1,1,1
965/23,09/12/2023,Sun,6566,6812,5788,6075,9084,7013,5946,8609,0019,7931,8923,5507,8399,7550,5533,0646,1710,0735,8576,4106,9539,2810,1004,19523932.8,0.018358459,201049.53,3.2737083572,4137976.07,0.0,154634.69,0.225,06,07,18,21,25,29,30,35,13,20,0.0,0.0,1,1,1,1
966/23,10/12/2023,Mon,9969,2770,1157,0883,2582,9259,9952,0602,1046,1750,5771,9016,4967,8287,0354,5609,9903,3159,7577,6209,9733,0516,9289,20311187.14,0.0040816327,208306.12,2.1878156931,4200794.74,0.0,142090.16,0.15,06,12,15,22,27,29,33,35,30,36,0.0,0.0,1,1,1,1
967/23,13/12/2023,Thu,5046,8826,1542,6435,1843,0091,2562,4107,6027,8154,1675,6157,2197,0953,5158,1144,2838,2764,4333,4883,9343,7187,5345,21369010.62,0.0229238683,207404.78,0.1772952762,4261809.43,0.0,142386.01,0.225,03,11,18,19,27,28,31,33,10,25,0.0,0.0,1,1,1,1
968/23,16/12/2023,Sun,1122,3361,0878,5085,5250,2398,6874,0493,6391,2904,1239,9918,2623,8196,4668,0993,3998,8286,3411,8581,0771,9448,1333,22077438.65,0.1027700218,388503.51,3.4487176664,4324751.25,0.0,132641.06,0.0,03,07,09,14,19,20,22,26,04,13,0.0,0.0,1,1,1,1
969/23,17/12/2023,Mon,8508,4454,1293,9786,7433,4871,2517,3040,8418,1536,1852,1438,6608,9258,4579,6051,1088,5815,7171,2254,4747,1553,2603,21035711.82,0.0256410256,223122.19,2.1704222157,4387044.23,0.0,154703.16,0.05,05,12,16,25,27,28,30,31,15,34,0.0,1.0,1,1,1,1
970/23,20/12/2023,Thu,9774,5691,7746,5658,4613,8209,7518,1051,0641,8658,2984,6183,2479,9811,3083,8309,0770,8128,2899,7185,5378,4021,2623,21696940.45,0.0212765957,218291.98,0.0737403705,4449105.75,0.0,168948.12,0.05,07,10,16,18,20,23,26,31,06,35,0.0,1.0,1,1,1,1
971/23,23/12/2023,Sun,5276,2836,0649,0239,5045,9551,2190,7829,8005,9821,5331,4609,3267,5927,4749,8502,1151,3053,3533,1377,4185,8923,8828,22487108.32,0.005988024,429795.94,1.3715744031,4512543.37,0.0,182968.2,1.0,01,07,09,25,28,29,31,33,18,32,0.0,0.0,1,1,1,1
972/23,24/12/2023,Mon,2424,6710,2190,7313,5019,4282,2810,6813,1777,3734,7943,0264,9428,4457,5195,0381,5637,4571,3190,9447,5185,6352,6003,23614358.23,0.1315192744,229436.96,3.6068731195,4574471.63,0.0,100000.0,0.3,03,11,21,24,25,26,30,33,20,22,1.0,0.0,1,1,1,1
973/23,26/12/2023,Wed,6637,9225,0779,5324,4618,9853,3153,8719,2758,1566,2546,6941,3964,4995,0562,4664,3125,8562,5279,0321,4975,8700,4281,21586453.33,0.0102433431,195970.61,0.0816559557,4623053.7,0.0,100000.0,0.0,05,07,13,15,21,32,33,36,08,27,0.0,0.0,1,1,1,1
974/23,27/12/2023,Thu,4036,9105,5936,2848,8763,3162,5727,8256,4426,1600,3237,0260,3483,8180,7646,5178,9308,8902,3244,0036,9916,1309,4539,22693568.01,0.0054853811,421465.19,0.1225820774,4680942.37,0.0,100000.0,0.0,01,03,09,10,13,22,31,35,07,28,0.0,0.0,1,1,1,1
975/23,30/12/2023,Sun,9736,6713,3508,2160,7491,5315,3109,9490,8722,3786,5409,0799,5387,8457,8788,8350,2812,9002,0424,4768,9199,8827,2561,24096400.08,1.0139666904,647494.74,1.2248783314,4746386.52,0.0,100000.0,0.1,01,05,08,17,30,31,33,34,13,24,0.0,0.0,1,1,1,1
976/23,31/12/2023,Mon,9212,6727,7485,6758,6505,5615,6687,3551,9080,5123,1820,2418,4800,0246,8810,9109,0064,5175,4917,4711,1200,7208,0229,2919967.54,0.0076335878,167266.83,3.0880054542,4817769.48,0.0,100000.0,0.125,01,08,10,12,18,25,31,36,19,24,0.0,0.0,1,1,1,1
977/24,03/01/2024,Thu,6966,2610,0726,6707,4887,5725,0217,1109,1014,7815,4162,7797,4068,3166,2994,2138,4043,9548,0541,5531,6990,7358,6786,3612606.21,0.122605364,129987.0,1.2532467532,4884316.88,0.1,100000.0,0.6,03,07,09,15,21,22,25,31,08,20,0.0,0.0,1,1,1,1
978/24,06/01/2024,Sun,6270,2377,8676,9203,8272,1741,8830,4860,2339,5437,9435,1283,3749,3621,2061,8418,8270,2298,7551,2927,5880,6370,0342,3910763.66,0.0020964361,134742.25,1.3056847545,4463604.95,0.0,100000.0,0.1,03,10,12,16,19,28,33,35,07,13,0.0,0.0,1,1,1,1
979/24,07/01/2024,Mon,3184,8312,4056,9732,4467,5392,4474,1273,2464,5549,5183,9696,1939,0509,0597,9295,8703,9458,7408,8888,5330,0380,8678,4645260.58,0.0,135035.56,0.0778805525,4530611.32,0.075,100000.0,0.15,04,13,14,15,24,32,34,36,11,35,0.0,0.0,1,1,1,1
980/24,10/01/2024,Thu,3240,2236,7097,4694,1633,0232,8668,1740,7124,3473,2066,7388,7062,8392,3174,8715,8209,4176,4989,4822,1853,5690,2525,5411817.97,0.0,263892.99,1.0233623066,4256507.51,0.0,100000.0,0.075,12,13,17,22,26,28,31,35,16,27,0.0,0.0,1,1,1,1
981/24,13/01/2024,Sun,9850,1545,7884,7503,1999,6317,5954,2674,2070,5191,5195,7996,5039,4324,2301,6960,1829,9498,3264,4225,9215,2923,3967,6230569.92,0.0,148863.99,1.0333433382,4323416.66,0.0,100000.0,0.0,02,04,18,22,23,29,32,33,19,26,0.0,0.0,1,1,1,1
982/24,14/01/2024,Mon,2205,1216,6318,4433,3815,5262,5749,2293,4643,6174,1048,9666,6441,0770,7629,5347,4885,5018,6548,5523,2160,7604,1193,7043713.82,0.1396825397,147844.35,1.4117024183,4388382.24,0.0,112423.93,0.1,11,17,21,28,30,33,34,35,22,32,0.0,0.0,1,1,1,1
983/24,17/01/2024,Thu,0502,7663,4227,8943,4011,5280,9520,3423,2896,8461,8017,1030,7450,8870,1719,1691,9151,7478,0341,9780,2395,1906,9385,6872191.31,0.0,147702.06,0.2306318918,4452278.42,0.0,123811.44,0.15,04,11,17,18,23,26,27,33,13,29,0.0,0.0,1,1,1,1
984/24,20/01/2024,Sun,3840,1398,9993,1688,9564,5091,6617,9810,2969,1575,6310,9602,0746,3729,8007,5472,7367,3000,1057,9576,5698,1327,5401,7713131.33,0.0,266535.44,0.2386885853,4517646.93,0.0,128391.07,0.075,07,10,14,16,23,26,30,35,09,36,0.0,0.0,1,1,1,1
985/24,21/01/2024,Mon,5000,2183,4655,1073,7747,6509,1450,2388,7054,0396,6888,2173,6749,1303,0876,5157,5029,7288,8193,0263,7303,3610,5423,8576575.53,0.0169491525,359906.34,0.1566355101,4581773.39,0.0,141473.19,0.1,01,12,13,18,26,30,31,34,10,14,0.0,0.0,1,1,1,1
986/24,24/01/2024,Thu,6097,4487,0269,7617,4520,9403,6449,6458,2453,2534,4950,6505,8632,3750,7312,4013,5291,8364,6516,6727,4889,0127,7585,9306521.12,0.0,462679.73,0.1337099812,4644976.57,0.0,149710.33,0.0,02,08,13,15,16,17,23,31,05,24,0.0,0.0,1,1,1,1
987/24,27/01/2024,Sun,9563,0891,2162,8413,1781,4195,3183,8141,9635,6990,0786,5541,4959,4754,4953,8116,9714,6598,5405,1094,6326,2189,7313,10254993.54,0.0,573264.37,1.7436524085,4710136.19,0.0,172787.7,0.3,07,11,21,24,27,29,33,35,23,25,0.0,0.0,1,1,1,1
988/24,28/01/2024,Mon,3964,9170,7474,7495,1389,4408,6693,7139,1480,6361,9181,9420,0215,1629,8932,0061,1824,7598,1148,1696,6969,6715,5249,11208401.24,1.0212765957,173346.86,2.2614483595,4774286.21,0.0,143671.19,0.05,02,15,17,19,29,30,31,36,14,33,0.0,0.0,1,1,1,1
989/24,31/01/2024,Thu,8719,8820,7191,4474,5781,7536,9627,2948,7468,0834,1619,8730,2114,8240,9046,4328,5353,4485,1543,1626,4651,7838,9119,2707508.78,0.0571428571,128637.96,0.0909090909,4840371.88,0.0,159892.97,0.225,05,08,10,11,12,16,25,26,04,28,0.0,0.0,1,1,1,1
990/24,03/02/2024,Sun,4061,2089,2267,6791,5606,3068,5661,7888,1828,6401,7467,5155,3470,1103,6709,4841,5898,7229,8642,8984,9381,0466,7907,3271873.4,0.0,247685.31,0.1574934251,4908252.22,0.0,147958.0,0.0,03,06,09,11,14,18,20,36,24,31,0.0,0.0,1,1,1,1
991/24,04/02/2024,Mon,4241,2262,1814,0258,0018,3621,1834,8947,6856,6748,4028,4029,3793,4484,5282,9004,3266,4867,8449,1435,2444,2910,8697,4019880.88,0.0,344677.86,0.0234343434,4975553.41,0.0,171793.84,0.05,02,04,08,20,24,26,32,34,29,30,0.0,0.0,1,1,1,1
992/24,07/02/2024,Thu,4215,9196,4299,2231,2864,1983,6435,9181,6252,7496,7596,4631,0091,0231,0133,8796,2271,0647,1694,3839,0149,1705,7266,4817017.08,0.0,481534.42,0.148097416,5043805.79,0.0,187376.87,0.0,12,14,15,21,27,31,32,36,06,30,0.0,0.0,1,1,1,1
993/24,10/02/2024,Sun,6401,3077,0082,8816,7054,1549,4476,6070,9381,6008,9739,1060,9468,3901,4335,9276,8210,7333,8829,4132,4982,9504,4620,5793053.3,0.0,587681.55,1.1328478058,5119381.8,0.0,214143.37,0.175,01,03,06,09,13,22,25,28,10,35,0.0,1.0,1,1,1,1
994/24,11/02/2024,Mon,1953,7878,1318,8744,0689,3732,8877,3324,3308,4583,2617,2730,6749,4344,2466,6933,3566,4790,9458,8920,4860,6283,0907,6807209.36,1.2402743598,184392.01,20.9534701014,5193306.88,0.0,202850.08,0.1,04,07,09,16,19,24,25,33,08,27,0.0,0.0,1,1,1,1
995/24,13/02/2024,Wed,7331,9794,8529,7317,1850,0582,7042,8029,6804,4638,1493,0625,4219,4173,9699,4238,7200,8612,0393,9400,4473,6664,6608,2743255.51,0.0015360983,135137.37,0.0020120724,5252547.49,0.0,203546.12,0.0,04,06,13,15,18,31,32,34,14,36,0.0,0.0,1,1,1,1
996/24,14/02/2024,Thu,9293,6384,5574,9011,0160,2339,8016,1373,8085,8925,2918,6657,4786,3265,1913,4019,2683,6048,0038,8024,0348,2119,6639,3554466.35,0.0,283124.51,2.081634887,5321086.97,0.0,227820.52,0.05,06,10,20,23,29,31,32,36,21,33,0.0,1.0,1,1,1,1
997/24,17/02/2024,Sun,2489,7987,3992,6436,7764,9976,4900,2808,0768,0519,1218,0479,3478,7931,3907,3210,7689,4938,5904,0158,2869,1563,5173,4424825.4,0.0504712679,158247.1,1.1234571921,5393503.69,0.0,242077.08,0.05,09,11,15,17,22,28,29,31,12,14,0.0,0.0,1,1,1,1
998/24,18/02/2024,Mon,5913,1502,4925,2434,3186,7530,2257,9037,1656,9774,1588,2641,1000,0648,7297,1593,8233,5227,1990,3113,0333,9431,9103,5094099.21,0.0012515645,162290.98,0.0385562736,5463000.5,0.0,254586.68,1.75,02,12,21,22,24,33,35,36,15,20,0.0,0.0,1,1,1,1
999/24,20/02/2024,Wed,8680,4800,5953,4875,6864,7160,1570,0293,5746,4379,8200,9479,5887,9994,0917,8843,3582,0212,5290,7981,6082,9209,8284,5789948.63,0.0,283710.92,0.0184615385,5514152.22,0.05,100000.0,0.0,02,05,09,15,22,28,30,31,23,27,0.0,1.0,1,1,1,1
001/24,21/02/2024,Thu,4995,6980,0849,6832,6880,5813,5958,3517,5365,6701,5149,7346,1185,3500,4077,4927,8140,8895,3688,3064,6501,1103,6863,6613457.09,0.0,428201.99,0.1477299217,5302748.67,0.0,100000.0,0.125,03,08,09,15,18,21,28,31,01,17,0.0,0.0,1,1,1,1
002/24,24/02/2024,Sun,1449,6521,8734,0498,4377,9451,6016,6091,8613,9684,0468,9977,8214,6153,4043,0162,5232,2491,4129,6303,9309,3272,6362,7564940.89,0.0,537940.81,0.0120481928,5374092.03,0.0,100000.0,0.05,01,02,03,11,13,23,31,34,10,24,0.0,1.0,1,1,1,1
003/24,25/02/2024,Mon,2363,1646,2473,0547,0569,1163,7458,3498,7690,9567,1652,7687,3559,1862,1345,9167,2417,7576,9128,8173,5085,7468,1177,8500699.23,1.0,701597.47,0.1789290075,5442046.03,0.0,100000.0,0.05,14,15,16,21,25,31,33,35,12,36,0.0,0.0,1,1,1,1
004/24,28/02/2024,Thu,3508,7654,2059,0828,8802,2372,0544,7266,7733,9048,9714,5041,0713,7420,6878,0314,8185,0051,0705,8463,6503,6961,6018,2727743.01,0.0,708378.24,1.1300097752,5507221.1,0.0,100000.0,0.0,03,05,07,08,13,30,34,35,20,32,0.0,0.0,1,1,1,1
005/24,02/03/2024,Sun,3999,2832,8054,9547,4660,1440,2434,8263,4350,0721,4431,9346,0740,4840,6128,8064,2184,8294,0815,8738,9349,0538,5736,3419043.54,0.0,125691.01,0.0409897184,5573019.27,0.0,114111.43,0.125,07,08,11,20,22,23,27,35,06,25,0.0,0.0,1,1,1,1
006/24,03/03/2024,Mon,3785,6107,7448,9019,0611,2408,4083,4463,3918,8329,6525,5434,1542,9753,3291,2429,8772,6394,7536,3598,5119,3425,3721,4135683.89,0.0,250837.22,0.0200451278,5638823.78,0.0,123153.26,0.05,02,04,05,07,11,23,25,30,10,14,0.0,0.0,1,1,1,1
007/24,05/03/2024,Wed,0852,9463,1823,1565,6686,5510,4977,3702,5386,9031,8449,6959,2965,8137,0652,5965,0153,1577,3589,1100,0455,8671,4995,4712007.19,0.0,350595.22,0.1111111111,5686358.43,0.0,133830.79,0.05,01,04,05,06,15,25,29,36,17,23,0.0,0.0,1,1,1,1
008/24,06/03/2024,Thu,9300,9080,9325,7550,8165,3124,8401,3830,1409,6543,6938,6615,8087,1244,0839,7147,5611,9084,8480,7586,5721,4698,8835,5397368.74,0.0344827586,436251.38,1.0416888753,5745989.5,0.0,148258.59,0.3,01,05,10,11,14,18,22,28,24,31,0.0,0.0,1,1,1,1
009/24,09/03/2024,Sun,6925,8576,9109,0662,9332,8980,1415,4497,7198,4652,0731,6616,4715,9951,7194,1163,2317,6172,1734,9051,9788,7797,4959,5943428.12,0.0076335878,133122.83,2.1342647923,5811264.16,0.0,126899.12,0.05,09,11,17,20,27,29,31,36,23,34,0.0,0.0,1,1,1,1
010/24,10/03/2024,Mon,9940,6093,6938,7164,7244,0302,2176,1406,4486,7834,8655,8971,4678,2903,1244,9542,5335,0132,2481,7123,6204,3605,0968,6647252.93,0.0666666667,136217.18,0.0224871653,5876529.71,0.0,143669.04,0.0,03,11,12,25,31,32,33,34,04,18,0.0,0.0,1,1,1,1
011/24,13/03/2024,Thu,0858,6268,0621,8505,2489,2242,1626,0829,7995,3016,8678,2679,5496,9810,2142,1228,2832,2450,1962,1767,4554,1046,0767,6928092.01,0.0,264788.46,0.2226629417,5937370.36,0.0,165216.77,1.0,05,19,25,26,28,30,32,36,02,04,0.0,0.0,1,1,1,1
012/24,16/03/2024,Sun,9871,4648,3158,4883,4668,7642,6694,1717,9730,8452,5479,8882,1651,3604,3545,9956,6795,6645,1278,1256,3987,4897,0365,7719099.56,0.0,349649.44,1.0242267458,6001167.15,0.0,100000.0,0.0,06,07,19,22,23,27,35,36,14,17,0.0,0.0,1,1,1,1
013/24,17/03/2024,Mon,2023,1933,5156,6197,9303,8911,3212,0624,2345,9036,4966,9153,4409,6174,7890,9695,6728,8286,2548,2017,5813,6778,8797,8509033.84,2.1126194067,143624.42,2.2628939441,6064130.56,0.0,100000.0,0.05,01,07,08,12,16,17,30,35,13,19,0.0,0.0,1,1,1,1
014/24,20/03/2024,Thu,8694,1884,1153,8695,4649,6560,5899,4599,9044,4909,8418,0701,3414,2165,3159,1930,0798,7639,5786,1509,6093,0185,9533,2634810.77,0.0313776058,115420.14,0.6288675144,6126362.55,0.0,100000.0,0.0,01,16,17,20,25,26,35,36,15,18,0.0,0.0,1,1,1,1
015/24,23/03/2024,Sun,5648,0424,4016,7924,1678,6913,3669,6161,9870,1512,3019,2712,9318,0279,0164,4911,9783,1696,8746,4800,0124,7122,4689,3207633.35,0.0,162017.37,1.0084033613,6190330.61,0.0,100000.0,0.15,06,07,16,18,19,21,29,33,24,36,0.0,0.0,1,1,1,1
016/24,24/03/2024,Mon,7622,2637,9677,1638,4992,5210,1091,1767,5576,0944,5855,4892,6892,9185,2080,1459,6274,1119,3466,3679,3821,0605,5216,3870590.23,0.0169491525,120537.62,1.0247130219,6253298.37,0.0,100000.0,0.25,04,06,08,12,15,19,22,31,18,28,1.0,0.0,1,1,1,1
017/24,27/03/2024,Thu,3188,3478,3719,5000,0164,8787,8183,4365,9395,4932,8726,9732,3949,1326,6212,8831,0684,5533,1665,1425,8938,0157,6118,4451699.03,0.0,117584.01,5.1500593266,6315841.42,0.0,100000.0,0.125,05,12,28,29,31,33,34,36,11,27,0.0,0.0,1,1,1,1
018/24,30/03/2024,Sun,3021,8996,9532,0092,3755,8991,3478,8068,3328,3741,4720,8896,9308,5376,1306,5390,0556,1835,6377,6077,3866,8626,8591,5196767.72,0.0036101083,135467.04,1.2046118733,6381502.77,0.05,100000.0,0.05,03,10,13,25,26,30,33,35,20,29,0.0,0.0,1,1,1,1
019/24,31/03/2024,Mon,2971,8464,7666,0146,7635,0698,8227,7885,1222,5389,9984,8993,5758,7357,6395,4818,5486,6310,2120,9410,2883,0540,7501,5932795.76,0.0,137234.35,1.0713178295,6127963.85,0.0,118007.63,0.25,01,05,11,18,24,28,33,35,06,36,0.0,0.0,1,1,1,1
020/24,03/04/2024,Thu,3091,6288,8366,2012,3927,7194,2848,6262,4994,2849,2126,1667,0012,1984,1236,4001,4993,2737,6327,0847,2179,4437,1525,6678833.66,0.0658603645,135643.26,2.4328142294,6191903.2,0.1,111150.91,0.275,04,09,11,12,13,32,35,36,24,30,0.0,0.0,1,1,1,1
021/24,06/04/2024,Sun,1100,5869,7715,7819,7635,0831,0201,9436,8256,9457,5762,3744,6832,2462,9240,0696,6959,8660,5674,6893,9054,4611,6173,7031646.64,0.0,144124.26,0.3146853147,5640716.97,0.0,104669.19,0.15,02,06,08,14,26,27,31,36,17,32,0.0,0.0,1,1,1,1
022/24,07/04/2024,Mon,5104,0711,1199,5395,8713,9245,3437,0247,2804,6035,8909,2340,5917,1306,2799,2253,0165,7860,7627,4704,8423,2778,9983,7845879.24,0.0200792116,246812.76,2.3756118153,5707751.85,0.0,112710.33,1.3,01,03,12,14,17,23,27,36,02,18,0.0,0.0,1,1,1,1
023/24,10/04/2024,Thu,7988,9603,8769,1156,5619,4424,8601,6832,9999,0376,2133,3372,1211,9333,4365,9608,2101,2581,5340,2712,1511,8706,8103,8522057.4,0.0,151584.95,1.162062577,5777562.29,0.0,100000.0,0.0,03,06,21,23,26,27,31,35,04,18,0.0,0.0,1,1,1,1
024/24,13/04/2024,Sun,1366,9491,7346,6342,7209,7512,7655,3969,4964,8892,1227,8553,0064,2908,4326,6503,3860,2419,9481,4219,1568,9920,2946,9363828.39,0.0023310023,153049.27,0.0368496756,5844913.57,0.0,100000.0,0.1,02,03,05,06,14,19,25,34,18,22,0.0,0.0,1,1,1,1
025/24,14/04/2024,Mon,8831,4549,3618,3513,1306,4950,2160,4996,6557,1071,1736,3851,7142,2720,9079,6765,6836,1373,9776,4070,0530,6034,1377,10208476.53,0.5368421053,304950.41,1.3173856517,5910495.53,0.0,100000.0,0.125,07,08,10,17,23,25,31,35,05,20,0.0,0.0,1,1,1,1
026/24,17/04/2024,Thu,6143,5345,7264,1497,6342,8673,9259,5909,2270,5694,8841,5982,2219,8018,1680,3393,5513,4805,9106,7318,4525,8326,8427,5489343.57,0.0909090909,138401.29,0.0750582223,5974111.74,0.0,100000.0,0.075,04,06,12,13,25,28,29,33,08,26,0.0,1.0,1,1,1,1
027/24,20/04/2024,Sun,5190,1205,5827,3166,1517,9345,6829,6497,9122,9333,0383,7502,9334,4015,0298,8219,8666,0364,4983,1082,7579,5592,7487,5736176.61,0.0,263624.83,0.152579954,6038697.76,0.0,100000.0,0.375,04,05,12,16,20,22,23,31,13,25,0.0,0.0,1,1,1,1
028/24,21/04/2024,Mon,9865,1151,3184,8142,0090,0991,5452,5267,3646,8820,2385,5183,1895,4018,9495,4748,3479,0658,8756,7085,8094,0324,6849,6477212.37,0.0,358134.74,1.1696827976,6101459.4,0.0,100000.0,0.05,08,10,11,14,17,23,26,34,20,29,0.0,0.0,1,1,1,1
029/24,24/04/2024,Thu,3771,1487,4773,5591,4009,4810,3714,7542,4118,4553,3983,1110,8693,1175,8945,5856,5529,5057,7802,6320,6868,9183,8594,7215543.48,0.0166666667,134242.02,1.005988024,6163645.26,0.0,100000.0,0.05,05,08,13,18,21,25,29,31,01,15,0.0,0.0,1,1,1,1
030/24,27/04/2024,Sun,8418,2248,5886,2503,9233,0281,5357,1263,6591,2217,4822,7977,7978,9024,1664,2456,8988,1399,4129,9917,5736,1482,8592,7857041.43,0.0,138501.28,0.5485512864,6227351.17,0.0,106524.75,0.3,10,15,19,23,24,26,34,35,12,22,0.0,0.0,1,1,1,1
031/24,28/04/2024,Mon,6574,1349,7428,1929,5208,1274,0025,6772,9951,1274,9070,4876,1940,7164,5968,0700,6666,3028,6546,2071,9845,2949,1330,8638764.35,0.1111111111,204657.66,1.0930472484,6290025.69,0.0,100000.0,0.0,03,07,10,19,29,31,35,36,09,22,0.0,0.0,1,1,1,1
032/24,01/05/2024,Thu,0621,1543,3948,8061,5014,8268,3013,8414,2562,4632,9147,6690,2254,2862,1240,5232,7268,1900,6292,6503,5491,1836,5527,8500487.71,0.0070921986,149379.29,0.0319787911,6365656.94,0.0,123550.62,0.0,02,08,09,18,22,24,32,35,20,25,0.0,0.0,1,1,1,1
033/24,04/05/2024,Sun,3871,3523,6308,6552,8483,9754,9174,7702,2140,3068,7959,8963,0725,1525,5972,3929,2892,9081,6866,1186,5944,4814,5849,9276100.64,0.0,296584.15,0.4324632914,6438297.6,0.0,149277.52,0.2,01,04,07,11,15,21,28,29,09,20,0.0,0.0,1,1,1,1
034/24,05/05/2024,Mon,1116,6190,3258,7415,3682,6917,9033,0777,3283,5810,7135,6326,1689,9639,8044,4297,0459,7916,3105,5639,5613,6723,2725,10135387.59,0.0,324556.38,1.1198435194,6509424.74,0.0,144612.88,0.05,04,07,11,16,17,22,26,34,12,28,0.0,0.0,1,1,1,1
035/24,08/05/2024,Thu,5559,7193,9260,5943,8460,0620,1007,5908,5169,1744,8070,6844,3345,8604,6033,4053,8330,3344,9165,9393,9315,6690,1190,11106948.32,0.0,176647.41,3.0983098376,6581230.63,0.0,162813.49,0.0,01,03,04,06,11,16,23,30,10,31,0.0,0.0,1,1,1,1
036/24,11/05/2024,Sun,1960,8035,5765,7224,0766,8498,1164,6719,7788,4583,0808,5852,2174,8699,0365,7039,4571,0511,2056,6995,5830,3807,8484,12137681.38,0.0026109661,187406.01,0.0726847538,6654851.98,0.05,188887.72,0.05,02,09,14,16,23,25,27,30,07,21,0.0,1.0,1,1,1,1
037/24,12/05/2024,Mon,5913,9505,6526,4998,2521,9445,9287,1500,8180,5531,2489,2955,0494,8753,9244,6126,7865,9609,1045,9598,8983,0108,3147,13191511.55,0.010989011,371151.95,0.1971260276,6395592.92,0.0,205468.75,0.95,11,18,22,25,26,27,29,30,09,31,0.0,0.0,1,1,1,1
038/24,15/05/2024,Thu,5203,4035,4787,2109,9757,8761,8801,7472,7899,1560,1415,6408,1659,6058,0117,0348,3351,9642,7114,3564,0350,6374,4649,14133963.88,0.0014814815,495699.88,1.0532634176,6468640.47,0.0,100000.0,0.1,01,03,05,16,20,21,23,36,24,28,0.0,2.0,1,1,1,1
039/24,18/05/2024,Sun,1401,0532,9364,3095,4449,7785,8784,9008,3889,1552,2097,7887,0633,3574,1116,4565,5935,9833,7670,0837,6904,4985,7402,15244695.93,0.0,205758.41,0.1813045897,6542560.01,0.0,100000.0,0.15,01,08,10,15,25,29,34,36,18,24,0.0,1.0,1,1,1,1
040/24,19/05/2024,Mon,9755,5973,3283,1118,7654,9449,7270,6133,8458,2400,0292,8134,9459,6805,2845,7409,6054,5117,0378,0893,4155,6854,7564,16417406.45,0.0630541872,381673.57,2.1910768891,6614879.91,0.0,100000.0,0.0,04,05,06,08,14,21,23,28,01,02,0.0,0.0,1,1,1,1
041/24,22/05/2024,Thu,5973,9881,5425,9537,4602,9485,9655,1927,1519,5434,6764,3535,5175,6173,0087,0658,9128,4101,9773,4538,9136,2180,8033,16561992.01,0.0,214503.96,2.0911158417,6690039.32,0.0,100000.0,0.0,01,05,11,20,21,27,30,36,06,25,0.0,0.0,1,1,1,1
042/24,25/05/2024,Sun,8837,9485,3177,8285,2693,9960,5205,1651,8857,7345,4254,2158,4853,0577,0998,4087,6933,0018,2206,3107,8904,5488,3162,17751319.46,0.0283219908,216241.36,0.2333189811,6763133.4,0.05,115444.04,0.0,09,10,15,19,21,22,30,34,02,26,0.0,0.0,1,1,1,1
043/24,26/05/2024,Mon,8791,1572,7038,3095,9366,9061,9230,3936,1427,4559,7452,0732,1795,7106,7917,4878,9524,1139,3433,5113,6313,0949,2476,18482878.37,0.0034364261,390208.45,0.1937837022,6496257.92,0.0,140689.46,0.05,04,11,18,21,23,29,33,35,30,32,0.0,0.0,1,1,1,1
044/24,28/05/2024,Wed,8890,1339,1863,6269,6527,7010,5769,9976,2032,0794,4461,3278,7945,8548,8700,4033,1551,9114,1443,7421,2031,3010,6226,19479098.57,0.1408287473,507271.55,1.3197364478,6551206.29,0.0,153115.87,0.05,12,14,15,21,25,27,34,35,07,10,0.0,0.0,1,1,1,1
045/24,29/05/2024,Thu,9349,9800,5741,1246,1889,5830,1459,7819,8147,9918,1059,5264,1367,4360,0781,1662,8358,7131,6099,0538,4758,1609,8924,17953216.54,0.0145271415,221333.64,2.3017518045,6615908.33,0.0,168375.39,0.0,03,09,12,15,16,17,18,33,01,14,0.0,0.0,1,1,1,1
046/24,01/06/2024,Sun,0715,9906,3956,6321,9136,5353,6985,4908,5664,7875,0132,7497,0895,1420,1936,9147,5288,9956,6152,9370,7987,9263,3695,19013336.79,0.027116481,240168.94,0.1022737345,6680931.13,0.0,191404.3,0.175,01,09,11,12,13,19,24,29,03,36,0.0,0.0,1,1,1,1
047/24,02/06/2024,Mon,2482,9092,4859,4749,1331,3389,0700,0318,0826,0604,7428,4123,4959,3185,0739,8581,6888,4388,6888,3550,7931,5839,1884,19883297.91,0.0108725119,467521.59,0.1824249068,6745869.19,0.05,180907.45,0.0,01,05,13,17,18,28,29,35,03,24,0.0,0.0,1,1,1,1
048/24,05/06/2024,Thu,5744,2761,9903,7102,1760,5960,2679,8931,5790,3843,8472,0180,3564,9475,6446,3842,2791,0510,2575,5719,3136,0680,7041,21136987.01,0.0320874066,649483.18,0.1116710639,6474296.48,0.0,204183.55,0.1,04,15,16,17,21,25,27,28,09,26,0.0,0.0,1,1,1,1
049/24,08/06/2024,Sun,6775,9038,6627,4310,1531,6708,1682,2585,7869,4248,8920,1457,5442,9987,4358,2404,4680,8999,3409,3431,2095,5227,4804,22037453.8,0.0024096386,863990.69,2.1720882713,6542694.39,0.0,207989.45,0.175,04,05,12,13,16,18,27,28,14,30,0.0,0.0,1,1,1,1
050/24,09/06/2024,Mon,5133,3632,5782,3479,6125,1927,8043,3755,6422,3686,5222,2315,3675,7918,6686,5713,4988,6255,8281,1994,9478,4994,1204,23594254.7,0.1937322447,292709.67,3.3666284011,6610118.34,0.0,195470.62,0.1,02,09,14,27,29,31,32,36,17,34,0.0,0.0,1,1,1,1
051/24,12/06/2024,Thu,9311,3030,3380,4156,7021,0204,0331,7626,5693,5078,4154,2655,6883,5748,4698,1591,0458,4378,3574,6646,6980,4124,3519,20557474.51,0.1197476259,278943.23,3.6878102042,6676964.13,0.0,199598.11,0.275,04,05,15,21,23,26,27,36,02,30,0.0,0.0,1,1,1,1
052/24,15/06/2024,Sun,9179,1289,7170,2840,2276,3295,0230,0302,1804,8500,5680,9182,2850,4738,4475,7008,6141,0634,7892,3251,7427,9714,9260,19640487.74,0.0058479532,280858.55,1.3404392613,6745515.89,0.0,168987.38,0.05,04,07,10,11,14,18,27,36,22,32,0.0,0.0,1,1,1,1
053/24,16/06/2024,Mon,5720,9542,0781,4142,9104,8268,4451,9839,6981,0918,1507,4777,5281,7581,6071,2729,9701,6375,8095,7933,9653,6308,7363,21100904.38,0.0126962913,286413.33,0.2690122266,6812083.89,0.0,184114.18,0.05,01,02,06,07,08,27,31,34,15,19,0.0,1.0,1,1,1,1
054/24,19/06/2024,Thu,2415,5767,1147,9053,5226,5331,0882,9520,8245,4981,3202,2262,9667,0941,4714,4897,1044,6398,3418,1748,7419,0147,1527,22384925.67,0.0,491532.74,0.2758358546,6876785.34,0.0,197823.57,0.1,07,08,13,14,20,30,31,35,02,03,0.0,1.0,1,1,1,1
055/24,22/06/2024,Sun,9011,6178,7421,0204,6796,1079,0379,5158,0308,7434,5269,1143,5542,6358,1697,8731,8059,8366,8652,5442,3946,8460,0424,24026624.33,0.0,654441.06,1.1161616213,6942389.08,0.0,201275.87,0.225,04,13,20,23,24,26,27,36,32,34,0.0,0.0,1,1,1,1
056/24,23/06/2024,Mon,5288,7139,5412,3831,5236,0455,8579,1841,6760,7424,8575,5790,1814,1090,5619,7846,5080,9687,8570,1503,1545,0272,2035,25712038.47,0.0092403537,306438.94,2.2587473358,7007849.86,0.0,179172.83,0.25,08,15,16,20,22,24,25,30,07,28,0.0,0.0,1,1,1,1
057/24,25/06/2024,Wed,7119,1825,3055,7648,4029,8538,9088,3764,8311,8941,6100,7335,8467,8540,4569,2279,4618,2370,1779,6155,8083,9677,7957,34425140.49,0.5802498988,1627398.25,9.2090141247,7057300.76,0.0,151893.48,0.0,05,06,17,22,23,30,35,36,03,27,0.0,0.0,1,1,1,1
058/24,26/06/2024,Thu,7235,0990,7917,9608,5300,3681,2467,4274,0756,9240,6264,9900,7768,6064,0502,1307,0440,8774,8417,5028,3769,0206,5162,16001616.94,0.0373573158,282120.14,13.5433347253,7116829.66,0.0,172976.63,0.05,01,10,24,27,32,33,34,35,03,26,0.0,0.0,1,1,1,1
059/24,29/06/2024,Sun,6657,2522,4412,3808,5265,0815,3292,3692,3481,5103,2868,7887,9947,0738,9395,7261,4311,0437,3270,6024,2849,0919,6573,16842736.4,0.0,261617.62,1.3692606795,7182162.14,0.0,187466.39,0.175,01,02,03,10,12,15,23,34,18,29,0.0,0.0,1,1,1,1
060/24,30/06/2024,Mon,8669,1371,8217,6546,1251,5237,8432,2056,3001,6931,9562,9700,2094,4346,5234,1466,7836,9696,2336,3241,1143,8067,4206,18291424.63,1.0085470085,263397.86,2.2092875022,7248128.41,0.0,178022.83,0.25,05,08,10,16,21,24,32,33,14,22,0.0,0.0,1,1,1,1
061/24,03/07/2024,Thu,5186,1718,4405,2391,2801,1629,3664,2567,1150,2673,0480,4066,9760,2943,1994,8154,3444,9885,2068,9968,3888,5500,5791,2726566.28,0.0062111801,132102.96,0.0924389626,7314472.86,0.0,157014.11,0.1,11,18,19,26,29,30,33,34,35,36,0.0,0.0,1,1,1,1
062/24,06/07/2024,Sun,2069,9706,1198,2885,5905,5345,2391,1115,1414,8245,5491,8987,2914,2835,9373,8419,4253,7709,8730,5628,9104,7112,5841,3418145.99,0.0084033613,248712.39,2.4668983599,7382035.81,0.0,165241.24,0.075,08,12,16,21,27,31,33,34,18,19,0.0,0.0,1,1,1,1
063/24,07/07/2024,Mon,0838,3409,8283,6241,5222,5282,2667,4245,1505,9611,4756,2027,0854,9004,8828,6851,8589,3359,3955,1997,6246,8502,3328,4098025.6,0.0041841004,128837.01,0.1506134817,7448654.1,0.0,176442.13,0.0,03,06,09,12,22,28,30,35,17,36,0.0,0.0,1,1,1,1
064/24,10/07/2024,Thu,2206,0316,6892,3733,1093,1852,7446,2971,5123,9811,6821,4015,8654,1096,9713,5398,4035,9071,4984,4916,5099,1548,6183,4774609.86,0.0052356021,235565.3,0.3570497899,7513493.56,0.0,199406.1,0.15,07,10,15,18,27,29,30,33,08,31,0.0,1.0,1,1,1,1
065/24,13/07/2024,Sun,0338,9098,8986,2296,3098,5932,0795,1295,0039,3351,3661,2461,5661,8063,9207,3738,5842,4537,6113,5300,5870,6142,9942,5484319.06,0.0216986301,285039.88,2.3011703327,7579389.74,0.0,192833.41,0.1,01,10,12,19,22,27,30,32,20,33,0.0,0.0,1,1,1,1
066/24,14/07/2024,Mon,8547,0280,5023,9859,8744,3602,2336,0090,4566,7722,7001,0741,7353,4991,7162,4481,7917,9815,0541,4252,4128,7891,3157,6111865.98,0.0,135736.21,0.2005097706,7644048.42,0.0,196450.02,0.1,05,11,16,21,22,24,29,31,13,25,0.0,0.0,1,1,1,1
067/24,17/07/2024,Thu,3539,5266,8726,5782,6729,4985,7568,3071,9596,5126,7561,2821,4774,1515,3191,6576,0924,0569,2041,4459,9941,5692,7218,6859588.2,0.0285714286,244469.27,0.1628101573,7708723.73,0.0,199710.86,0.3,01,14,16,17,19,22,25,27,11,35,0.0,1.0,1,1,1,1
068/24,20/07/2024,Sun,6705,7448,9958,9030,1956,3065,3104,8426,2823,2264,9904,3781,1467,0553,4070,5145,5218,3487,8699,0112,3630,5828,8192,7460322.05,1.007751938,349525.75,0.1738410413,7775592.88,0.0,163480.43,0.125,01,02,08,20,21,26,31,35,24,29,0.0,1.0,1,1,1,1
069/24,21/07/2024,Mon,0057,6782,9848,6655,6091,0675,1121,7642,1938,0141,9621,5276,4767,5014,1139,9714,0061,9585,3391,7451,7778,9269,9126,2687046.17,0.0,413681.32,0.0586196029,7841281.76,0.0,166310.19,0.0,01,02,05,07,10,11,23,30,16,19,0.0,0.0,1,1,1,1
070/24,24/07/2024,Thu,7262,6799,9875,3900,2170,7485,1506,7206,3786,5263,2330,4087,8435,4249,8917,4272,6486,1193,6903,5423,0969,8543,1269,3353074.03,0.0,510527.47,0.0539829964,7905162.3,0.0,188934.55,0.175,04,09,15,19,21,22,29,31,02,25,0.0,0.0,1,1,1,1
071/24,27/07/2024,Sun,3869,0594,4282,2136,8176,9103,9173,4990,5414,1739,9117,9149,7543,6359,6347,8140,3579,3697,9984,9358,8896,2057,8476,4065848.13,0.0,612562.95,0.1661530003,7970878.5,0.0,179145.49,0.15,03,11,13,18,19,30,35,36,14,31,0.0,0.0,1,1,1,1
072/24,28/07/2024,Mon,6616,4309,7433,9242,6496,3246,7897,1951,4238,2020,2801,3904,1508,3244,7000,3449,5120,7955,2697,5937,9187,7751,4508,4788414.45,0.0,642159.48,0.2862312455,8036054.56,0.0,175356.86,0.1,02,04,06,11,19,20,29,31,15,27,0.0,0.0,1,1,1,1
073/24,31/07/2024,Thu,6614,2219,9253,1266,1534,7978,4667,4881,6263,8595,7533,4690,5666,6563,3770,1057,3014,3411,4707,5394,9209,7910,6009,5528887.26,0.0489795918,592984.79,0.0624308226,8102345.55,0.0,181299.23,0.3,02,10,12,15,20,24,27,33,05,36,0.0,0.0,1,1,1,1
074/24,03/08/2024,Sun,2377,4804,6538,9527,3651,2968,8939,9339,9227,9051,8103,2558,6091,5028,5547,4204,6837,1017,3044,4756,2811,6193,9185,6038868.88,0.0,697925.05,0.0678301387,8174782.46,0.0,152564.2,0.0,01,05,10,20,28,30,32,35,26,29,0.0,0.0,1,1,1,1
075/24,04/08/2024,Mon,8277,2973,8571,3132,1514,2495,6985,1278,9807,4142,9690,2442,3513,9103,9587,2050,2637,9762,7511,1077,3105,1988,5298,6841623.42,0.0,796540.06,0.0122286091,8246256.3,0.0,177877.85,0.1,05,09,10,11,14,16,22,35,02,21,0.0,0.0,1,1,1,1
076/24,07/08/2024,Thu,2909,1836,1035,1554,2202,9943,1651,9273,2444,9583,9950,9680,7180,1661,1475,0720,1610,5301,3193,5229,0950,1576,4982,7672304.15,1.0,937832.35,0.1761042393,8318022.59,0.0,185507.29,1.0,04,05,06,07,09,11,22,23,12,29,0.0,1.0,1,1,1,1
077/24,10/08/2024,Sun,6079,0773,9515,0771,8556,9351,2850,4795,1055,6309,7588,3283,5253,6617,2486,1646,2146,4627,8498,2249,5154,3257,2846,2721455.54,0.0,903849.83,0.1024376831,8392614.14,0.0,100000.0,0.225,04,16,21,22,24,28,31,36,05,17,2.0,0.0,1,1,1,1
078/24,11/08/2024,Mon,5939,3762,9402,2608,4077,4559,6911,8955,7284,3989,8476,4477,4023,7661,8046,6305,0333,5041,3577,1631,7524,0252,0691,3435834.1,0.0,941148.56,0.0320779497,8464838.6,0.0,100000.0,0.05,05,13,15,16,20,32,33,36,19,29,0.0,0.0,1,1,1,1
079/24,13/08/2024,Wed,1441,6864,6505,9491,9632,9219,0980,0727,3519,3402,9727,1193,2572,0800,0426,5790,3573,4352,2747,7308,9241,3832,4635,4089339.37,0.0,1029777.58,1.0169491525,8520833.2,0.0,100000.0,0.0,03,06,07,13,22,24,26,34,27,31,0.0,0.0,1,1,1,1
080/24,14/08/2024,Thu,0663,1466,4494,7148,1930,5301,8776,6379,5504,2041,8246,7380,1859,6010,4541,3675,4883,0665,3831,9222,6221,0164,7447,4736992.17,0.0,117755.06,0.0052910053,8585901.54,0.0,100000.0,0.05,06,08,15,18,20,22,24,32,13,21,0.0,0.0,1,1,1,1
081/24,17/08/2024,Sun,3481,2858,6543,6640,2390,1439,3580,2676,3352,2739,6958,6283,8130,9835,5478,3306,9104,1545,8341,7858,4837,5302,4148,5423120.25,0.0133333333,241882.58,0.0283080625,8657542.1,0.0,100000.0,0.05,03,11,13,14,18,28,31,33,05,26,0.0,1.0,1,1,1,1
082/24,18/08/2024,Mon,5126,8041,4815,0488,6036,0701,9583,6044,3316,5127,2252,4555,4913,2600,9890,3389,6064,7744,4081,1550,2768,8412,3711,6062339.17,0.0212765957,364403.93,2.0082910927,8728059.01,0.0,107721.24,0.0,04,08,14,15,23,26,27,30,05,17,0.0,0.0,1,1,1,1
083/24,21/08/2024,Thu,9830,5178,5713,1300,2771,7284,6755,1419,2622,5443,6414,9102,0860,8595,7059,7435,4120,2140,7948,2472,8533,9202,6094,6625281.14,0.0,125805.08,2.1336443274,8798136.36,0.0,132540.3,0.2,03,11,14,17,21,30,32,34,04,16,0.0,0.0,1,1,1,1
084/24,24/08/2024,Sun,2418,7544,2877,1287,9395,6608,0290,4043,2589,6419,1743,0747,3920,2209,6778,0514,0109,8450,2645,3355,1435,2790,0970,7359580.53,0.0,133508.98,0.1133137543,8870539.42,0.0,131674.99,0.05,07,14,21,24,25,32,33,36,22,29,0.0,0.0,1,1,1,1
085/24,25/08/2024,Mon,9904,4800,8528,9954,3678,2199,0839,8016,3999,7820,0720,7394,8250,1673,6167,3130,9449,6854,3309,5165,4051,1295,1115,8185782.45,0.0,268599.11,2.0889305803,8941841.6,0.0,150344.09,0.05,01,11,18,24,29,31,32,36,13,20,0.0,0.0,1,1,1,1
086/24,28/08/2024,Thu,9653,5213,3863,4720,0250,0620,9922,8403,9075,0484,1325,5103,6150,2113,3555,3788,1530,1114,5608,7010,3820,9287,7499,9055489.31,0.0,158128.52,1.438152314,9014708.17,0.0,168633.8,0.175,06,07,10,14,22,31,32,35,29,36,0.0,0.0,1,1,1,1
087/24,31/08/2024,Sun,9288,6554,5099,7123,4988,7735,1981,6898,4805,3504,6276,8124,2136,6369,5852,6268,1420,2682,9206,9163,6126,4573,8855,10019375.92,0.0,175252.11,0.251538198,9093560.28,0.0,167049.67,0.0,04,16,25,28,29,31,32,33,09,15,0.0,0.0,1,1,1,1
088/24,01/09/2024,Mon,8627,2160,5335,9549,0866,6865,1166,6789,4776,4284,8330,8489,7937,1598,3356,5221,5550,1284,6642,4646,0968,1956,0080,11030756.54,0.0,315056.9,0.2057161446,9168447.25,0.0,193572.14,0.125,10,12,15,19,23,32,35,36,05,18,0.0,0.0,1,1,1,1
089/24,04/09/2024,Thu,3129,7827,0905,9468,9104,9594,7278,5918,5529,9717,2154,4442,7162,0448,4061,0875,9553,0217,9246,7383,3637,3350,5567,12062346.58,0.0,437806.44,4.9275894785,9242242.84,0.0,195511.56,1.075,05,13,21,22,24,25,32,34,09,12,0.0,0.0,1,1,1,1
090/24,07/09/2024,Sun,0296,8549,0556,6690,3028,0440,0376,5435,0019,5858,9283,9726,6633,5071,9081,2340,7006,7245,2551,8105,6873,6871,0305,13121137.72,0.006342052,192507.48,0.1751544146,9316861.91,0.0,100000.0,0.05,02,06,08,10,11,23,33,35,24,30,0.0,0.0,1,1,1,1
091/24,08/09/2024,Mon,2240,9444,1232,1888,8559,1699,0359,6658,5453,3890,5063,7377,7651,3643,8856,5555,0640,1308,5464,6546,4929,0441,0194,14149161.67,0.0056497175,360832.39,3.6694344447,9390880.05,0.0,100000.0,0.0,06,08,14,15,19,25,26,35,10,23,0.0,0.0,1,1,1,1
092/24,11/09/2024,Thu,3168,4085,7777,9378,9935,0526,7568,1896,5962,7676,0390,6201,8181,1808,7833,6773,6845,7699,8609,6323,6046,4113,1349,15166421.27,0.0,199490.61,5.6721843377,9463513.38,0.0,100000.0,0.1,03,06,07,08,13,16,23,28,19,25,0.0,0.0,1,1,1,1
093/24,14/09/2024,Sun,0046,7112,0161,2303,9965,6410,7903,6823,8635,5204,1075,8426,9788,2594,1029,2392,1219,9908,6589,5371,5146,9524,2128,16308418.06,0.0,207635.78,0.0435108007,9536912.57,0.0,100000.0,0.1,01,03,14,15,25,29,30,32,18,19,0.0,0.0,1,1,1,1
094/24,15/09/2024,Mon,5310,6681,8430,8216,0559,0443,3023,0878,8190,2788,3554,9291,2744,1096,7371,8862,8533,9282,2682,9651,1611,2131,5747,17472689.44,0.0193301049,410287.09,2.1505095618,9608759.84,0.0,104808.11,0.05,04,05,06,10,11,16,27,33,08,17,0.0,1.0,1,1,1,1
095/24,18/09/2024,Thu,5231,0374,5016,0897,8099,7291,1258,6566,9185,7388,6486,1105,3750,9285,8171,2870,9748,1942,6502,5851,1095,0752,3910,18304754.0,0.0041841004,212693.36,1.0812506006,9679035.19,0.0,124456.89,0.05,01,02,07,10,17,19,28,29,12,18,0.0,0.0,1,1,1,1
096/24,21/09/2024,Sun,0030,9418,6009,3885,2587,5444,2601,4957,9258,1228,6180,3915,6681,1592,1827,7873,6216,8158,6395,1270,6787,4308,6785,19440133.14,0.1168434266,220357.83,1.1619605956,9752065.71,0.0,144099.03,0.1,05,08,13,22,23,27,28,31,06,14,0.0,0.0,1,1,1,1
097/24,22/09/2024,Mon,0079,5411,1631,1138,8177,3655,7968,0205,4842,8682,5430,3001,8590,2628,9115,6328,1504,0050,4976,4172,4481,0989,7401,18404767.76,0.0739081747,224742.98,1.4154317016,9824783.59,0.0,155443.38,0.1,03,04,11,20,21,25,29,36,09,22,0.0,1.0,1,1,1,1
098/24,25/09/2024,Thu,6195,1109,8901,1043,5051,1392,7403,6215,8213,7112,2685,7328,7647,1398,0293,0962,3199,4666,9727,6878,4898,2602,1319,18245103.57,0.1320173144,218290.66,3.1232422507,9896496.22,0.0,165297.26,0.325,01,06,10,16,18,22,24,28,21,32,0.0,0.0,1,1,1,1
099/24,28/09/2024,Sun,2797,9707,0688,5948,3401,1016,5469,4354,9174,7863,5059,4897,0352,5191,9578,8559,9482,1613,9854,7567,5493,1655,6444,17069441.84,0.0048780488,224183.25,0.1303442962,9971324.38,0.0,138077.29,0.15,06,14,21,23,24,29,34,35,20,28,0.0,1.0,1,1,1,1
100/24,29/09/2024,Mon,9081,2583,6569,3178,7624,9020,2349,1618,5325,9993,0303,3296,0336,7400,7916,8626,6145,9904,9450,0456,4002,4443,9075,18224424.02,0.0013869626,420098.2,4.2497987231,10045461.12,0.0,143622.46,0.05,04,11,14,19,24,26,29,34,16,20,0.0,0.0,1,1,1,1
101/24,02/10/2024,Thu,7165,8792,2820,6296,0578,5775,2686,8583,6077,4062,4467,3436,4591,4852,5552,5907,9973,1429,2121,6425,5036,4405,9029,19417520.93,0.1137220772,221522.46,0.1737207345,10120614.0,0.0,163057.99,0.0,01,10,14,15,18,19,24,30,17,22,0.0,0.0,1,1,1,1
102/24,05/10/2024,Sun,7176,1820,2395,4778,0790,7153,3101,6288,6742,4435,7674,4619,4006,4122,9809,0887,6954,1256,9351,4544,9915,2197,4764,18436589.54,1.0120481928,406179.32,0.2315768931,10195919.34,0.05,189728.63,0.0,03,08,09,12,18,21,31,35,17,34,0.0,0.0,1,1,1,1
103/24,06/10/2024,Mon,3117,5341,8992,2758,3185,0240,3941,5750,7962,8414,5519,8197,4120,2885,9351,8144,9363,5562,5060,1850,8789,5631,1917,2804895.33,0.0044052863,458462.18,3.0088105727,9760881.24,0.0,216205.38,0.15,09,11,13,17,22,28,29,31,14,15,0.0,0.0,1,1,1,1
104/24,09/10/2024,Thu,1450,1404,7938,9475,8464,9687,5719,2172,0414,4676,6024,9147,6985,1393,1433,0170,7762,5459,9672,4288,9455,7155,6643,3443197.4,0.0,118301.54,2.266317852,9833723.06,0.0,209572.72,0.05,12,14,17,21,26,27,34,36,01,16,0.0,0.0,1,1,1,1
105/24,12/10/2024,Sun,4451,2984,5629,7038,4954,2888,9836,1045,9331,6906,0392,3434,3517,1483,9057,5435,9373,4880,0178,9902,6501,8817,7048,4109549.54,0.012345679,121154.94,0.0318029115,9908006.13,0.0,225402.67,0.05,05,10,13,18,19,20,21,24,09,23,0.0,0.0,1,1,1,1
106/24,13/10/2024,Mon,7178,4959,4866,2776,2461,6425,2960,1923,0899,2716,5694,5833,1434,9569,0710,9443,1851,8243,5530,2026,3121,4285,0844,4783868.14,0.0,249129.82,0.2751176414,9983247.91,0.0,240780.67,0.05,12,14,15,27,28,30,31,34,04,29,0.0,0.0,1,1,1,1
107/24,16/10/2024,Thu,2681,2949,5476,7379,9900,5101,3740,7829,9762,9859,2857,8309,1518,6821,4371,6251,2961,1283,0263,1079,8996,6609,5160,5535087.87,0.0,317175.22,1.1228240352,10060342.77,0.0,256046.07,0.125,07,09,11,13,22,23,26,28,08,33,0.0,0.0,1,1,1,1
108/24,19/10/2024,Sun,9663,8866,5522,3292,2589,5813,0148,0396,9954,2061,9305,7815,6734,7200,2264,1541,8520,4171,1217,3936,0531,0678,8562,6344663.48,1.5862376881,147195.57,1.3652662399,10140347.64,0.0,252375.37,0.2,01,08,12,25,31,32,35,36,29,33,0.0,0.0,1,1,1,1
109/24,20/10/2024,Mon,3921,1446,9450,0113,7378,2483,3199,0970,5080,1136,8420,0278,7974,1490,4083,5305,0695,4383,3309,5482,3964,9986,1246,2686010.71,0.0,124729.22,0.0247174072,10220682.97,0.05,230352.4,0.15,03,19,21,22,24,26,33,34,29,31,0.0,0.0,1,1,1,1
110/24,23/10/2024,Thu,8589,0053,6955,4472,4371,3131,0968,1740,3799,0261,8827,0978,4819,0940,7635,2215,5105,3780,6620,6602,9277,0259,6966,3351613.86,0.0,242665.0,1.2619405933,9787728.54,0.0,223452.77,0.1,01,03,04,16,19,22,28,32,08,35,0.0,1.0,1,1,1,1
111/24,26/10/2024,Sun,8068,4794,6323,7360,0384,2651,7989,7062,6160,3971,5930,1323,2621,9715,8041,8944,4629,6638,5603,5520,7557,6548,6662,4036854.41,0.0,124589.19,2.2607551028,9867263.56,0.0,229276.14,0.15,03,16,25,26,30,33,35,36,19,31,0.0,0.0,1,1,1,1
112/24,27/10/2024,Mon,1739,1389,9616,6806,1524,1368,4250,4355,2144,0613,3484,1421,9911,5390,2205,4981,6194,5230,3089,3108,4505,0467,2591,4732605.32,0.0,126500.17,0.2220974182,9944601.37,0.0,222275.19,0.15,02,03,05,09,11,18,34,35,33,36,0.0,0.0,1,1,1,1
113/24,29/10/2024,Wed,6716,2784,5787,4674,7892,5383,0990,3387,2900,3300,3753,6810,6539,2443,1502,3531,7695,9924,6598,5810,8983,8442,8669,5327722.34,0.0,206607.91,1.107364685,10007280.25,0.0,211132.68,0.05,05,06,14,16,19,25,34,35,08,29,0.0,1.0,1,1,1,1
114/24,30/10/2024,Thu,4277,7603,4368,9141,4413,8586,3282,8891,5356,8227,0383,9472,4323,9026,4014,1997,3316,8443,5509,6844,5351,5070,3006,6016585.63,0.0714285714,125247.87,1.0,10081055.45,0.0,226704.77,0.15,03,04,05,18,20,21,24,25,22,28,0.0,0.0,1,1,1,1
115/24,02/11/2024,Sun,5752,0272,9121,8046,1595,3314,3071,2377,9529,8864,6360,0515,2331,7146,2792,3301,9193,2387,7795,7045,3196,2149,6255,6344912.66,0.0,137833.3,0.0666865637,10156829.46,0.0,219535.68,0.1,01,03,07,20,21,22,27,31,30,35,0.0,0.0,1,1,1,1
116/24,03/11/2024,Mon,1095,1795,5920,1941,1506,6440,6057,6508,4164,0766,6226,8367,3682,7296,3235,3201,4480,3210,4390,6591,8212,3760,7060,7118375.52,0.0,269271.28,0.2360294288,10231687.91,0.0,224094.48,0.1,02,04,05,12,25,27,29,32,13,36,0.0,0.0,1,1,1,1
117/24,06/11/2024,Thu,0131,5650,0332,8381,5544,9823,1610,3412,1302,8379,5780,2993,8171,8807,8100,7914,2793,2493,2070,2855,6195,5638,6834,7896659.92,0.0,347221.59,0.1523771305,10305674.57,0.0,227888.64,0.05,06,10,14,17,18,25,26,31,03,27,0.0,1.0,1,1,1,1
118/24,09/11/2024,Sun,5142,8097,9044,9631,7466,2934,8551,5602,2579,9991,3439,1349,7538,6457,6102,1233,4063,1543,4530,3184,8320,2886,7174,8728832.28,0.0,445617.03,0.1605490156,10383146.43,0.0,243932.16,0.0,05,11,14,23,25,26,32,35,06,29,0.0,0.0,1,1,1,1
119/24,10/11/2024,Mon,5214,7806,5296,9035,4753,8183,8120,6105,7485,8028,4682,6655,3694,0042,3285,7061,7674,6535,5998,6616,6977,0309,5424,9581681.12,0.0,529137.09,0.1596959273,10457974.59,0.0,270433.8,0.175,03,12,24,27,29,30,35,36,31,34,0.0,0.0,1,1,1,1
120/24,13/11/2024,Thu,6885,2752,2563,8432,8624,4579,6611,2484,6346,8743,1457,6035,7590,1986,2698,2621,5111,8560,6280,4212,1549,6228,1891,10460809.65,0.0212765957,604477.6,0.10591133,10531715.93,0.0,249224.6,0.225,02,14,15,16,25,28,29,36,06,34,0.0,0.0,1,1,1,1
121/24,16/11/2024,Sun,0771,7601,8103,3434,0338,8408,7005,7271,9180,1696,6113,6057,1138,8736,8190,5060,5612,5006,9561,4983,4416,2998,4437,11157608.74,0.0,707614.66,1.2189436639,10604745.06,0.0,219013.54,0.225,02,11,14,15,17,23,26,34,01,21,0.0,0.0,1,1,1,1
122/24,17/11/2024,Mon,4339,6238,4163,7932,9663,8545,3992,6738,3354,7374,8539,1010,5912,9774,6613,1487,5325,5793,1947,6930,0405,9134,4440,12064707.93,0.0,164927.13,0.3084905738,10676658.07,0.0,195204.68,0.25,03,04,07,16,19,21,27,34,25,26,0.0,0.0,1,1,1,1
123/24,20/11/2024,Thu,5729,8860,3020,9879,2951,9994,7735,8002,0191,8406,6013,5680,2029,5664,2832,5715,0700,8731,9616,0953,1288,5475,3151,12980072.33,0.0169491525,280478.56,2.2163884215,10748004.99,0.0,171672.21,0.125,16,17,18,19,22,27,29,31,07,10,0.0,0.0,1,1,1,1
124/24,23/11/2024,Sun,4664,8292,2050,0468,1940,3325,4009,4665,7059,2414,8659,7996,5855,1804,0082,4612,9919,9751,6162,4046,1781,1503,0623,13695317.61,0.0,170044.82,0.1047873084,10821069.96,0.0,176090.36,0.05,04,05,06,07,08,20,26,31,09,13,0.0,1.0,1,1,1,1
125/24,24/11/2024,Mon,2784,3791,0407,5195,9774,0128,3707,6246,0936,7877,8137,0683,5250,2560,5216,0262,1598,2510,1728,0870,8388,0235,6453,14644017.2,0.0029154519,324717.12,0.2042767167,10891922.08,0.0,192379.3,0.125,05,07,11,12,22,24,28,33,20,31,0.0,0.0,1,1,1,1
126/24,27/11/2024,Thu,1378,3285,9310,8826,5147,5349,7821,0133,2573,4724,8168,9190,0190,4811,8152,1965,0319,7626,2764,3263,7069,6241,0612,15587448.47,0.0084033613,437680.46,0.0925074668,10962256.63,0.0,193242.04,0.1,03,09,12,17,28,30,32,36,06,21,0.0,0.0,1,1,1,1
127/24,30/11/2024,Sun,5174,2447,5274,3579,1308,9630,5669,1726,4029,5463,1268,6467,7341,6270,8495,9825,9099,3324,1750,6371,8633,9425,7835,16517952.77,0.0,590190.16,0.1707119849,11037328.33,0.0,200505.73,0.0,04,06,08,13,17,23,25,36,30,34,0.0,0.0,1,1,1,1
128/24,01/12/2024,Mon,8197,5006,8488,3905,3034,1810,4067,9137,3889,7687,5632,0662,6324,9291,0012,3485,8933,2688,6610,7132,1009,4557,9626,17612526.33,0.0,688451.01,3.1869136137,11111989.97,0.0,226948.39,0.25,01,06,12,16,19,20,34,36,28,30,0.0,0.0,1,1,1,1
129/24,04/12/2024,Thu,1207,8616,1385,5541,2424,7847,6472,6194,8248,1019,0924,7468,0363,5987,4345,6669,8113,5243,9322,2331,2230,3475,3127,18682155.14,0.0056497175,194477.97,2.5110389734,11185101.67,0.0,196105.02,0.0,11,12,13,14,22,23,29,36,25,34,0.0,0.0,1,1,1,1
130/24,07/12/2024,Sun,1222,8056,2546,1431,0484,5123,8946,8485,2520,0125,2144,0566,2929,8384,0813,6179,2924,0648,5354,8050,4790,9127,6992,19712992.87,0.0060606061,206615.75,1.6180052861,11259552.64,0.0,222473.07,0.1,09,13,17,21,29,30,31,33,11,34,0.0,1.0,1,1,1,1
131/24,08/12/2024,Mon,8084,3012,2638,1851,8434,5893,7219,7079,6251,9388,7612,2947,8651,5318,8339,8408,4792,8112,4616,0247,3072,2017,4698,20744197.82,0.1240922925,209214.12,2.2041866766,11332465.94,0.0,226049.22,0.3,02,06,11,13,14,22,28,30,12,16,0.0,0.0,1,1,1,1
132/24,11/12/2024,Thu,9761,5770,7007,3544,3692,8478,8856,1908,6204,2695,7205,7652,9216,6084,2888,9490,9495,9670,8608,9914,7374,3086,0120,19475444.83,0.0,237353.11,1.1311338061,11409610.11,0.0,185556.34,0.175,03,14,16,19,21,30,35,36,18,29,0.0,0.0,1,1,1,1
133/24,14/12/2024,Sun,5044,8465,1617,0610,7101,9921,7522,4486,9887,9696,9194,1560,9200,5064,7205,6131,5319,5771,0002,7148,9545,1814,7293,20863474.25,0.0,252368.99,0.2818540432,11486183.05,0.0,180203.56,0.175,05,09,10,16,18,30,33,34,06,08,1.0,1.0,1,1,1,1
134/24,15/12/2024,Mon,8430,6514,5689,5748,4970,4048,7447,7942,1508,7593,2707,0240,8502,0607,2880,9089,4282,9835,5712,6063,2237,5741,6230,22306793.41,1.0,443659.44,0.5212654618,11560648.67,0.0,175041.18,0.0,02,07,09,10,12,20,28,36,14,19,0.0,1.0,1,1,1,1
135/24,18/12/2024,Thu,3098,4167,1911,6717,7341,6682,6219,2510,0930,8538,3052,7366,8979,3977,5468,6275,5814,7923,1076,6452,4459,8299,0642,2734399.52,0.0,345922.29,2.4470424815,11637993.41,0.0,202434.11,0.05,09,14,18,22,24,27,29,32,23,26,0.0,0.0,1,1,1,1
136/24,21/12/2024,Sun,3252,9096,1579,7094,3661,9610,4198,0667,2969,7329,9323,0775,2835,0408,3490,4632,9241,4019,4992,1263,9425,8864,2437,3461027.81,0.0,132114.24,0.0714285714,11717468.63,0.05,220459.87,0.1,12,14,16,18,22,24,34,36,03,26,0.0,1.0,1,1,1,1
137/24,22/12/2024,Mon,0048,9053,3898,4289,4149,7544,3165,1170,8614,9775,3234,2529,2224,1714,0982,1052,1458,3668,4756,1921,4570,0251,0819,4193831.94,0.0570512821,255914.63,0.0502895234,11208851.43,0.0,225775.46,0.1,05,20,22,24,27,28,29,36,21,31,0.0,0.0,1,1,1,1
138/24,25/12/2024,Thu,7185,1127,0110,9993,2215,1435,1986,0628,1802,2083,3315,3367,0410,5881,3814,1509,6208,3638,3440,3518,4900,7626,4454,4724329.92,0.0622222222,383001.43,1.1564389126,11289798.98,0.0,231866.83,0.35,04,05,06,08,18,19,22,26,02,14,0.0,0.0,1,1,1,1
139/24,28/12/2024,Sun,7613,1276,9618,2698,7138,0772,3829,8125,4875,5563,9137,2143,4045,4556,9715,2159,2806,6978,1711,6808,8945,6779,8103,5210039.04,0.0,141757.72,1.1188222564,11368862.36,0.0,178715.05,0.05,05,11,17,18,19,21,27,29,06,08,0.0,0.0,1,1,1,1
140/24,29/12/2024,Mon,7096,1713,5602,0125,8442,2690,6562,1937,9718,4330,4216,2383,8347,8257,8252,1536,4099,8400,2639,3288,6084,1303,6158,5997377.87,0.0052356021,143152.52,0.0076045627,11447092.16,0.0,197485.69,0.0,02,06,10,20,21,25,32,34,12,13,0.0,0.0,1,1,1,1
141/24,31/12/2024,Wed,5780,5064,8322,6885,1836,5726,5688,9538,8230,6674,9117,4764,9066,4088,8592,4482,0544,2350,7249,2297,6246,8920,3286,6754540.74,0.0,285438.96,1.0767134199,11521105.75,0.0,223698.84,0.05,04,06,07,12,18,25,29,35,16,22,0.0,0.0,1,1,1,1
142/25,01/01/2025,Thu,2621,9334,6317,4245,5481,1345,2245,9332,1947,8285,1993,3263,8580,0919,7005,4775,3010,2593,9894,0803,9302,7632,5991,7610229.75,0.1111111111,155579.82,0.2761312887,11601397.52,0.0,240950.57,0.1,05,12,14,17,19,20,26,33,02,32,0.0,0.0,1,1,1,1
143/25,04/01/2025,Sun,9800,9241,3373,9218,4423,6599,9498,8007,6774,9486,1719,4484,6501,9375,6129,9330,3928,9345,9316,5186,5090,0982,1858,7620954.18,0.0,268311.27,0.1249310455,11681299.23,0.0,245154.03,0.05,01,05,10,12,13,14,28,29,07,27,0.0,0.0,1,1,1,1
144/25,05/01/2025,Mon,5532,9514,9541,9744,0388,3308,1524,3788,1024,1010,8556,3572,4699,6669,6868,0762,9323,2330,8423,3686,7377,2323,3388,8495102.04,0.2380981711,393726.85,2.253393249,11759868.4,0.15,260722.91,0.1,03,05,07,13,16,17,33,36,15,26,0.0,0.0,1,1,1,1
145/25,08/01/2025,Thu,4480,8418,7095,6664,1679,2815,9524,8163,9502,5007,0724,3256,3078,7028,0635,9095,0785,7021,0982,6322,9602,1590,9994,7341391.65,0.0,157992.34,0.0034246575,10073898.95,0.0,262279.45,0.35,03,10,16,19,25,26,27,29,06,15,0.0,0.0,1,1,1,1
146/25,11/01/2025,Sun,8246,6322,6248,9366,0611,6630,0097,5766,9375,5954,3559,5868,5751,0824,1227,1588,8586,4971,7415,1330,8913,8801,3525,8232188.21,0.321891079,319414.28,2.3298174942,10153428.03,0.0,198648.19,0.05,04,15,18,19,22,23,25,28,13,35,0.0,0.0,1,1,1,1
147/25,12/01/2025,Mon,2323,6925,7668,8679,8542,6675,3295,4367,6868,3789,1406,9165,6434,1352,3077,7027,4627,0167,1947,4995,6222,7141,5022,6462744.09,0.0040816327,160077.06,11.7797491043,10232865.83,0.0,216850.0,1.05,01,02,15,16,21,23,29,30,06,32,0.0,0.0,1,1,1,1
148/25,15/01/2025,Thu,9422,6564,7286,2460,1399,0453,6093,2036,5947,6192,9168,8180,0591,4842,5907,9065,5984,5269,3145,3833,8418,5405,8968,7352200.64,0.0,166515.47,2.1109949356,10330962.75,0.0,100000.0,0.225,01,08,12,14,18,19,30,34,04,20,0.0,0.0,1,1,1,1
149/25,18/01/2025,Sun,1933,7241,6654,3603,9933,2501,4995,6819,0585,2756,9762,5748,2490,6222,8589,9346,3928,3227,1195,1026,4644,1552,0516,8335780.3,0.0036630037,178832.67,5.1569945919,10445612.27,0.0,100000.0,0.0,02,13,15,20,21,25,32,36,19,35,0.0,0.0,1,1,1,1
150/25,19/01/2025,Mon,7486,6063,5495,3934,4053,6452,2512,5927,4281,8111,5457,3350,7302,9630,6380,7476,8718,6438,3535,6300,4012,6618,3408,9278129.56,1.014084507,176887.87,1.0154064005,10547153.6,0.0,100000.0,0.05,01,06,07,24,25,29,30,32,23,34,0.0,1.0,1,1,1,1
151/25,22/01/2025,Thu,8444,5825,1909,6865,8264,2031,3240,1223,3546,5863,6148,7287,8313,2665,1611,6811,7737,5839,1799,8097,2897,6849,0490,2748268.84,0.0,136048.88,0.2110241969,10647197.06,0.0,119242.31,0.1,08,17,18,20,22,32,34,36,11,12,0.0,1.0,1,1,1,1
152/25,25/01/2025,Sun,8458,7093,6701,3371,2718,7570,4802,2858,7708,0639,6185,9733,7118,8496,0670,8670,9255,3762,8859,3630,0286,8274,4586,3540856.96,0.0,251446.2,0.0434822114,10752565.33,0.0,144636.01,0.05,12,14,16,18,22,26,33,36,05,07,0.0,1.0,1,1,1,1
153/25,26/01/2025,Mon,0196,2214,9422,2700,2141,0414,9448,4430,8691,2984,1524,8394,3436,4170,0592,5584,6125,7623,3195,6862,4506,6001,1001,4347481.68,0.0039215686,387171.81,0.0282513005,10854174.77,0.0,173390.89,0.175,01,05,10,11,16,18,30,35,24,34,0.0,0.0,1,1,1,1
154/25,28/01/2025,Wed,7866,6229,2037,2965,8135,9510,3020,0665,2744,5985,6597,6325,8015,2602,4044,3340,4834,7618,0188,0489,3506,6578,1952,5170384.48,0.0,528952.2,0.0,10955063.29,0.0,178778.83,0.0,11,14,19,23,25,26,29,30,01,05,0.0,0.0,1,1,1,1
155/25,29/01/2025,Thu,7766,5304,0773,1433,2643,3325,5980,2554,5605,1469,3506,7077,9062,0628,4208,3254,8525,3134,6530,2618,9434,3435,5741,6166082.29,0.0023752969,709988.17,1.0504123437,11065139.61,0.0,217764.19,0.0,06,11,12,14,16,22,27,35,04,13,0.0,0.0,1,1,1,1
156/25,01/02/2025,Sun,2647,2578,1528,0270,9119,2213,8198,4131,3243,8316,8567,4734,3431,6956,0307,1503,3479,2516,9055,6009,9420,2281,5939,7111706.24,0.014084507,174594.59,2.083553438,11174538.17,0.0,256509.51,0.3,02,03,05,12,14,15,29,30,21,27,0.0,1.0,1,1,1,1
157/25,02/02/2025,Mon,6154,8948,9814,5744,6146,8823,8096,2500,0294,5258,2860,6053,4649,1701,4179,6816,9683,5049,1053,3114,4263,4535,3894,8007132.08,0.0,181016.5,0.0023557126,11282371.15,0.0,217747.51,0.0,01,08,10,16,18,20,27,31,22,35,0.0,0.0,1,1,1,1
158/25,04/02/2025,Wed,2682,1138,4046,2998,3651,8945,5561,6006,7659,4062,8127,4420,0198,0481,5302,1913,4141,8965,8056,6079,3631,6260,4738,8828932.02,0.1256740368,330008.25,5.5497869225,11366662.32,0.0,247600.63,1.0,04,09,16,21,23,27,30,32,19,25,0.0,0.0,1,1,1,1
159/25,05/02/2025,Thu,9331,0718,5639,5145,3949,3524,4013,6122,6068,0394,3090,1469,8355,9113,0951,9382,1801,7291,0658,0026,9261,4396,7380,8656064.82,0.0212765957,170309.15,2.4262828385,11460450.76,0.0,100000.0,0.05,06,08,09,19,21,23,32,33,15,20,0.0,0.0,1,1,1,1
160/25,08/02/2025,Sun,1791,9401,0925,3046,8443,4422,9303,3691,9361,8553,8158,1440,7356,6993,3003,2752,1611,4872,0957,1758,0564,4600,5024,9451923.05,0.0,178187.24,0.1444358996,11561922.2,0.0,100000.0,1.775,09,13,14,25,26,27,29,30,15,36,0.0,0.0,1,1,1,1
161/25,09/02/2025,Mon,1730,0659,9995,9362,5705,8958,7105,6625,5955,3906,3910,4800,3330,9419,7884,4509,0743,6260,7625,5299,2879,6438,7379,10446674.34,0.0,333314.48,1.7222963552,11659178.81,0.0,100000.0,0.0,07,18,22,25,32,33,34,36,27,31,0.0,0.0,1,1,1,1
162/25,11/02/2025,Wed,1382,3636,8820,9617,7108,9343,1535,8853,9039,8064,1010,2433,8884,9302,9628,3487,0767,9127,9749,6005,2286,8141,4296,11326869.48,0.1216374269,160035.48,2.7500825863,11739670.17,0.0,100000.0,0.1,01,03,06,07,17,22,24,32,08,15,0.0,0.0,1,1,1,1
163/25,12/02/2025,Thu,6911,2273,5401,6701,8202,9263,2398,5282,0236,4194,7143,7723,0892,9049,5920,7331,8507,6084,1171,7576,2627,6692,6057,10965668.53,0.0035842294,184830.97,0.0804761442,11831277.44,0.0,100000.0,0.175,03,05,06,07,10,15,21,36,12,33,0.0,3.0,1,1,1,1
164/25,15/02/2025,Sun,3692,4626,9299,7580,2428,0829,2816,4713,5094,7311,5513,7101,2458,4490,8730,0526,6017,4646,4589,9863,4267,7907,0426,12028265.78,0.0504398827,370302.08,1.4110938123,11926334.47,0.0,101562.68,0.0,04,05,22,24,25,26,30,35,08,14,0.0,0.0,1,1,1,1
165/25,16/02/2025,Mon,8844,7414,8376,9393,6916,8609,0092,0172,2774,5820,9773,3861,9203,4349,2281,3528,0244,5746,5437,5037,7775,1985,0945,12574728.97,0.1111111111,209666.82,0.0566036363,12021860.36,0.0,135394.77,0.15,07,09,13,16,22,29,32,35,20,21,0.0,0.0,1,1,1,1
166/25,19/02/2025,Thu,1033,0558,9253,3884,0934,6592,2529,8507,1958,2664,1443,9778,3159,0430,9991,5440,6783,4844,4818,2900,0372,0630,6655,12315031.25,0.026584507,404616.08,0.1161614327,12112826.31,0.05,147302.66,0.3,09,13,14,16,19,28,29,34,05,25,0.0,0.0,1,1,1,1
167/25,22/02/2025,Sun,2436,2957,9158,1432,9582,5431,6625,5520,8031,9561,8743,8842,0202,9848,7963,6487,9907,9423,0026,2413,2461,7630,7942,13162892.83,0.0086956522,571297.22,0.1073484709,11602470.31,0.0,136858.74,1.15,04,14,15,24,26,29,34,35,18,30,0.0,0.0,1,1,1,1
168/25,23/02/2025,Mon,1783,0308,8797,0866,5926,6588,4559,0439,0413,8309,3834,2301,7207,1502,7460,9835,6556,6728,1237,3812,3134,2714,2055,14255458.71,0.0035842294,729428.58,0.1730159722,11692570.21,0.0,100000.0,1.05,02,05,10,11,17,18,34,35,08,29,0.0,0.0,1,1,1,1
169/25,26/02/2025,Thu,6805,4462,3850,8951,9197,3931,6688,8064,8066,1578,9373,3810,6534,8224,9466,3654,7399,6678,8753,1544,6811,7253,7029,15455224.07,0.0169491525,830654.91,0.2484717839,11784335.29,0.0,100000.0,0.0,06,20,22,23,26,28,32,34,09,31,0.0,0.0,1,1,1,1
170/25,01/03/2025,Sun,7381,9309,2811,0163,8832,0546,7330,1683,4219,8289,8699,1991,2152,0189,8497,3933,6197,2404,2977,5021,3553,9903,2767,16550818.52,0.0529439995,871087.41,4.4480851707,11880182.93,0.0,100000.0,1.95,04,09,11,24,25,27,29,30,08,15,0.0,0.0,1,1,1,1
171/25,02/03/2025,Mon,0578,6848,2497,9622,0624,5981,7129,2773,4110,2043,2048,2332,4071,8045,1592,7679,3663,1924,4785,9570,7965,9380,8197,17019319.07,0.1111111111,244503.11,1.0885258513,11970822.18,0.0,100000.0,0.0,06,09,10,13,15,25,29,36,11,16,0.0,0.0,1,1,1,1
172/25,05/03/2025,Thu,0455,1285,0904,0624,1181,6112,7648,1491,5057,4049,8704,6971,8358,8218,8844,2613,8953,1327,4818,3039,8191,6849,2166,16386342.1,0.0049751244,228737.91,0.0541257851,12059631.12,0.0,100000.0,0.0,08,11,12,18,19,23,30,36,26,31,0.0,0.0,1,1,1,1
173/25,08/03/2025,Sun,0840,9617,6170,3859,1765,9974,2684,8880,6250,2692,0660,9525,1706,8057,4786,3114,1704,6004,8793,9292,5455,1283,6682,17619981.83,0.0012391574,455477.99,1.5533091626,12151823.68,0.0,100000.0,0.05,06,10,12,17,19,22,27,31,18,36,0.0,0.0,1,1,1,1
174/25,09/03/2025,Mon,5099,1184,8718,9813,6225,7289,0351,5164,3080,6253,0643,3971,6094,6791,9746,7847,6678,4980,4605,2444,5464,8364,9331,18940272.94,0.0,244022.74,5.3682843362,12242418.58,0.0,123291.79,0.075,03,14,21,24,26,29,32,36,06,10,0.0,0.0,1,1,1,1
175/25,12/03/2025,Thu,1602,8986,6873,3062,9407,1664,6319,5602,0588,4326,5200,6486,9289,3100,7032,6891,7693,1960,9346,5779,2718,4727,3738,20299679.81,0.0,247164.89,2.3429620218,12330771.53,0.0,145336.58,0.05,06,09,10,11,17,27,30,36,26,33,0.0,1.0,1,1,1,1
176/25,15/03/2025,Sun,1703,0253,0855,1682,4543,9511,2806,9239,1441,6208,5953,3157,9878,5573,1480,2523,2902,8468,2088,0731,0779,8817,5861,21736656.75,0.0020449898,261268.54,1.3350188632,12407594.14,0.0,165277.76,0.05,04,06,07,10,15,19,25,28,18,32,0.0,0.0,1,1,1,1
177/25,16/03/2025,Mon,1946,3275,4331,6460,3635,6221,8502,4326,7454,4278,7697,5219,6115,2346,6588,4942,9229,0786,5322,4396,3841,2181,8864,23152716.65,0.0032154341,265547.48,0.2639042838,12482379.33,0.0,183500.29,0.0,01,03,08,13,19,24,25,32,06,22,0.0,0.0,1,1,1,1
178/25,19/03/2025,Thu,8679,1350,2940,7802,1915,6635,9205,7529,6842,5844,4085,2091,1667,1460,8728,8198,7141,6031,6196,5365,2621,2966,5366,24532980.41,0.0046511628,459961.05,0.0783651671,12555548.65,0.0,209414.42,0.05,01,06,08,11,17,24,29,36,05,12,0.0,0.0,1,1,1,1
179/25,22/03/2025,Sun,4860,6342,3296,2781,0978,1008,2911,0799,8098,6691,1415,8648,1911,3194,9767,0560,5125,5521,4105,4322,0061,5252,0019,25974687.3,0.00390625,706791.36,3.2839036587,12631024.86,0.0,225674.86,0.0,07,10,15,21,31,32,33,35,19,27,0.0,0.0,1,1,1,1
180/25,23/03/2025,Mon,2981,4475,2085,8943,7050,7962,6359,6946,1795,1511,0770,2583,5287,5484,8009,2078,5028,9669,8765,8269,3824,9809,9630,27477581.74,0.0082289767,291701.47,1.1505282355,12705053.1,0.0,251893.2,0.2,02,06,07,08,20,28,30,34,09,17,0.0,0.0,1,1,1,1
181/25,26/03/2025,Thu,7956,5507,9515,3661,8795,9335,8708,1130,4535,2530,1498,4969,0205,7007,8219,5768,1002,5278,7298,2992,4805,6106,0393,36651231.23,0.7903969024,1709047.62,7.7223175948,12780233.9,0.0,228141.09,0.225,02,03,07,10,13,26,29,32,11,35,0.0,0.0,1,1,1,1
182/25,29/03/2025,Sun,8444,4283,0189,5457,1806,0128,5302,5591,7523,5679,9437,2864,5797,5716,8441,8198,9336,0294,5375,6341,3280,7588,7445,8902437.92,0.0,221859.33,1.0792592554,12860091.06,0.0,205092.08,0.125,02,12,23,24,27,33,34,35,01,08,0.0,0.0,1,1,1,1
183/25,30/03/2025,Mon,7397,0092,6385,8922,0176,8298,0415,4638,0819,6679,1735,5665,3600,5236,8074,9816,6294,2311,2316,6014,0292,6404,7417,10010285.49,0.0039215686,201426.83,1.3014464126,12937795.76,0.0,206975.99,0.1,02,10,12,14,20,28,29,32,22,31,0.0,0.0,1,1,1,1
184/25,02/04/2025,Thu,0327,7104,9702,4557,7213,8740,2990,9481,6314,9889,1221,2396,7908,9601,7654,4973,6286,1632,0851,4141,3664,7655,6633,11022710.35,0.0066889632,191214.71,0.3920629764,13015217.32,0.05,213698.53,0.375,06,07,16,18,26,29,31,35,04,08,0.0,0.0,1,1,1,1
185/25,05/04/2025,Sun,8186,6563,1599,9840,0222,3457,0240,9802,8010,9703,9792,9180,0247,1438,8274,8315,9006,3204,9033,5051,6285,3930,7863,12042923.9,1.0133333333,315145.42,2.1737011852,12442301.14,0.0,161131.57,0.175,02,04,12,14,18,19,20,32,05,34,0.0,0.0,1,1,1,1
186/25,06/04/2025,Mon,3006,4583,4159,5728,3633,9531,5060,7466,4062,8699,2125,0459,2248,4019,0057,7842,9491,1194,8829,5018,9525,2615,1953,2777156.99,0.0,141301.27,0.1060471494,12522325.02,0.0,161275.34,0.15,08,14,15,18,20,21,29,36,04,16,0.0,0.0,1,1,1,1
187/25,09/04/2025,Thu,4500,5263,8985,6668,5823,8328,3801,8147,8292,8841,9310,4234,4741,3760,0956,7479,8207,8458,0729,0817,2481,1967,9245,3463663.5,0.0,251136.04,0.1207170737,12600447.9,0.0,164752.56,1.0,02,03,04,17,18,19,24,27,01,28,0.0,0.0,1,1,1,1
188/25,12/04/2025,Sun,8660,6869,7229,1429,2193,4247,0356,1611,0542,4535,5402,1876,2129,1403,5139,0045,7322,6100,1450,6986,5228,1881,3898,4180148.67,0.050229883,351089.66,2.1213233142,12679135.08,0.0,100000.0,0.0,01,08,11,12,15,21,23,29,09,14,0.0,2.0,1,1,1,1
189/25,13/04/2025,Mon,2097,0415,7400,1013,5839,3531,7661,0069,3859,1065,4710,3751,5561,5643,0286,4119,0028,5585,6291,8911,6692,1561,7994,4691271.02,0.0,131107.41,1.3579354451,12757763.45,0.05,100000.0,0.2,01,05,06,12,16,29,30,32,19,35,0.0,0.0,1,1,1,1
190/25,16/04/2025,Thu,8508,0113,4273,7468,6367,0829,6097,6357,1581,9908,2234,1809,7025,7997,5978,1070,2567,9964,4220,4759,4595,2282,0652,5397252.48,0.0,128360.27,0.008910727,12196785.81,0.0,100000.0,0.1,02,05,07,09,19,29,30,36,13,14,0.0,0.0,1,1,1,1
191/25,19/04/2025,Sun,5389,8236,4718,9926,3793,8439,8650,9186,9188,5477,8205,9330,3222,9741,7910,3630,7576,3872,9644,0235,4719,4655,9124,6134745.67,0.0216003153,261306.16,0.2062043024,12273733.16,0.0,100000.0,0.2,02,16,17,18,24,26,27,35,12,21,0.0,0.0,1,1,1,1
192/25,20/04/2025,Mon,6800,3729,9683,4984,5376,3792,2719,1577,5611,7393,2720,6060,3876,2882,4666,2928,9756,9670,0810,4557,0124,8400,3047,6740646.32,0.0,341680.63,0.3758447132,12350327.28,0.05,100000.0,0.85,01,08,10,18,19,25,26,29,17,23,0.0,0.0,1,1,1,1
193/25,23/04/2025,Thu,8136,3199,2269,0196,5505,8165,7889,8149,1886,4430,9486,6790,9477,2258,3288,8729,3793,2437,3875,5351,4542,3444,9867,7485701.1,0.0038314176,348726.28,1.1585890472,11807697.49,0.0,100000.0,0.325,02,04,07,08,13,15,28,31,14,34,0.0,0.0,1,1,1,1
194/25,26/04/2025,Sun,9013,5990,4059,9140,3520,2776,1515,6650,2727,5292,0986,3798,0663,6776,9331,8112,1691,1856,9146,9441,1994,9116,4096,8227004.05,0.0013908206,139997.06,1.1512535,11882424.87,0.0,100000.0,0.075,07,11,13,14,26,28,29,35,06,25,0.0,0.0,1,1,1,1
195/25,27/04/2025,Mon,5728,8064,8490,5738,1128,9493,0199,4673,8534,6686,8619,6708,4960,6059,8576,7990,7372,4994,3370,6660,4694,1488,6311,9009868.69,0.0,144419.44,0.0870464368,11957969.39,0.05,100000.0,0.0,06,09,10,13,16,19,25,34,07,31,0.0,0.0,1,1,1,1
196/25,29/04/2025,Wed,5849,2413,2968,5314,0952,4174,1921,9151,8840,7238,5924,4554,5415,0071,1768,2986,1085,4791,9459,4353,1317,6569,9653,9680397.15,0.0,253762.51,1.1211214429,11418656.74,0.0,100000.0,0.05,09,11,13,17,25,31,34,36,19,22,0.0,0.0,1,1,1,1
197/25,30/04/2025,Thu,1856,8849,5903,8659,4719,3097,4366,2184,4151,5878,5093,6086,0958,3937,3245,5049,9145,2566,4756,5208,7464,0804,5307,10466990.32,0.0,143016.94,1.2268260224,11489278.39,0.0,100000.0,0.0,08,12,15,19,20,22,27,34,10,23,0.0,0.0,1,1,1,1
198/25,03/05/2025,Sun,1958,9447,0313,6986,1352,2805,5197,0558,2177,9181,4583,8778,5860,8676,7686,3253,1317,8355,0823,0335,9827,8229,6701,11336806.99,0.0,158148.49,0.3137402287,11565717.68,0.0,113554.53,0.0,16,17,19,22,23,26,28,33,01,35,0.0,1.0,1,1,1,1
199/25,04/05/2025,Mon,2675,1455,8705,0864,6204,1119,4885,6011,9475,4156,4805,0395,5480,5232,8654,0697,0856,6043,4501,5817,5078,5349,9900,12307929.7,0.0,285098.72,2.3435587949,11641398.23,0.0,140358.06,0.05,02,03,05,08,10,26,29,36,12,31,0.0,0.0,1,1,1,1
200/25,07/05/2025,Thu,3891,1740,3350,2190,0205,9867,4190,8957,6795,1818,9016,5279,8564,9216,8360,9816,5914,1184,3924,7249,5200,8796,2866,13295325.4,0.0,179526.49,0.1057389248,11717332.02,0.0,160233.38,0.05,01,02,11,18,19,22,29,32,08,21,0.0,1.0,1,1,1,1
201/25,10/05/2025,Sun,5753,6526,0317,9097,4423,2244,5456,2330,7483,0339,2449,4744,3748,2443,0259,0557,0365,8875,2703,1530,3595,6552,9434,14349014.88,0.0285714286,352123.46,0.2334417547,11794816.35,0.0,179664.08,0.2,02,04,05,07,14,25,30,34,03,24,0.0,0.0,1,1,1,1
202/25,11/05/2025,Mon,1651,5049,1211,0023,6691,0391,8169,7653,6818,4935,0784,6488,0804,9329,6337,4567,4572,5407,1691,4174,6686,7443,6986,15001728.85,0.0050251256,463138.75,2.2119022574,11870993.09,0.0,170710.52,0.1,01,04,05,13,14,16,23,36,19,30,0.0,0.0,1,1,1,1
203/25,14/05/2025,Thu,5788,2026,6941,3298,7537,5489,9803,9059,9730,5490,7351,3639,1418,1450,3569,8853,0660,5912,3961,0324,3336,1428,4205,15990701.93,0.0,193519.76,1.2283760754,11946211.71,0.0,180279.4,0.05,02,04,09,15,28,33,34,36,20,27,0.0,1.0,1,1,1,1
204/25,17/05/2025,Sun,0931,3330,9101,6325,0072,6238,9551,3023,1755,7504,9670,2020,3143,3951,5758,7453,1915,6167,8018,0515,7812,6263,5354,17101031.21,0.100810081,201878.05,0.574616023,12021768.11,0.0,198024.99,0.1,01,02,03,04,08,10,25,29,15,20,0.0,0.0,1,1,1,1
205/25,18/05/2025,Mon,6409,2807,5850,7608,7339,1614,0170,2293,5671,4388,8858,1823,9476,0992,5856,7834,9318,4890,4225,2287,8150,1321,0746,16479482.28,0.1111111111,286313.4,0.0462763225,12096587.36,0.0,204720.97,0.175,02,08,13,16,18,21,23,33,31,36,0.0,0.0,1,1,1,1
206/25,21/05/2025,Thu,0982,8675,1191,8932,6356,9803,6921,3171,5475,3082,0587,2641,2511,9445,8792,0618,9320,4310,9510,2848,0032,4079,6061,15724403.34,0.0,468695.63,1.5821525419,12170988.43,0.0,195245.18,0.05,03,13,14,15,17,19,20,26,09,18,0.0,0.0,1,1,1,1
207/25,24/05/2025,Sun,2356,6525,3459,5663,0754,1724,3845,1877,7352,3305,5882,2744,7433,2232,4031,7985,7955,4428,9051,7303,4143,4419,1444,16824492.39,0.0,200016.19,0.0486867622,12246446.63,0.0,212207.7,0.05,03,09,10,24,27,28,32,33,04,31,0.0,0.0,1,1,1,1
208/25,25/05/2025,Mon,4430,1030,2534,5185,0979,0420,7501,8150,2732,5932,7618,6392,5702,5789,2199,8127,3988,1227,5730,0295,0513,3930,4553,17946329.98,0.0,394248.52,1.2453565389,12321230.04,0.0,228083.1,0.825,02,05,09,11,19,21,25,27,04,35,0.0,0.0,1,1,1,1
209/25,27/05/2025,Wed,3462,3954,8663,1786,6253,3012,1447,6220,6585,5826,6625,0124,3484,0847,1154,0980,4422,5068,6064,8920,1108,9034,8428,18856599.37,0.0138590203,165503.53,0.0840669281,12379669.15,0.0,100000.0,0.175,01,07,08,09,20,24,30,32,04,10,0.0,0.0,1,1,1,1
210/25,28/05/2025,Thu,3251,1475,0311,5408,7638,4497,8390,4847,9913,1305,0330,8283,8600,2879,0437,2328,3935,2397,9990,2723,7588,7336,1684,19643121.75,0.0,342109.5,0.3954375553,12448868.17,0.0,100000.0,0.2,09,14,16,23,27,28,29,34,03,13,0.0,0.0,1,1,1,1
211/25,31/05/2025,Sun,0536,4102,7915,4342,1574,6891,0896,1358,1871,1433,8244,7397,8225,2255,1841,8865,6515,0970,4748,7473,3136,0404,8406,20823056.28,0.0,421360.1,1.0651368543,12523193.81,0.0,100000.0,1.1,01,02,13,17,24,25,28,34,23,32,0.0,0.0,1,1,1,1
212/25,01/06/2025,Mon,8986,2168,1074,3103,1020,4778,6596,6473,4536,7558,6145,1344,5525,5162,3025,4044,7462,6883,5677,6996,1098,2918,7548,22121367.83,0.142780164,236056.65,3.3156525842,12595574.49,0.0,100000.0,0.0,01,06,07,14,15,18,19,30,05,11,0.0,0.0,1,1,1,1
213/25,04/06/2025,Thu,2634,1243,5613,9899,3291,7343,2879,3858,4353,8144,9693,4436,0919,4829,0823,5042,7936,1222,7953,5281,3521,1347,5028,20243650.92,0.0526315789,232868.3,0.1870251448,12668874.09,0.0,100000.0,0.0,02,05,08,10,12,18,23,29,13,31,0.0,0.0,1,1,1,1
214/25,07/06/2025,Sun,6864,4021,7483,5228,2682,1793,2415,5234,9457,0934,3337,0204,3669,3875,6163,9196,2967,8245,4572,0947,4501,7191,1116,20545539.47,0.0,437924.05,1.230252997,12746964.89,0.0,100000.0,0.075,02,05,11,21,22,24,31,32,13,15,0.0,1.0,1,1,1,1
215/25,08/06/2025,Mon,5013,2490,0316,0152,3029,2430,5139,6674,4838,0149,8491,9273,1571,6366,2905,1510,7818,3896,8904,3706,9252,1379,8953,21901481.81,0.0,246534.97,0.3330615029,12822928.38,0.0,100000.0,0.05,03,08,12,19,21,23,25,30,06,34,0.0,0.0,1,1,1,1
216/25,11/06/2025,Thu,5258,9709,6724,0293,2300,1568,6981,8063,4509,6557,9144,8612,7597,8487,6811,9876,5084,5794,2915,4467,2613,9735,7130,23319034.93,0.0415430103,422160.59,3.0312133364,12896483.4,0.0,119706.74,0.575,02,13,16,19,20,24,27,31,05,25,0.0,1.0,1,1,1,1
217/25,14/06/2025,Sun,2027,0459,3421,4330,2936,3567,5050,3641,8264,4355,8961,8099,1742,2080,1217,8988,6954,5377,5345,7238,8935,5029,0784,23855604.02,0.0,273693.09,1.2289269772,12976191.47,0.0,100000.0,0.0,09,12,17,20,25,29,30,33,02,26,0.0,1.0,1,1,1,1
218/25,15/06/2025,Mon,4848,7247,1825,1616,5757,9462,9106,8845,0266,5190,7236,4914,2800,1787,5070,5885,6513,4735,9408,6552,9560,1488,2083,25416231.77,0.0247158777,283750.5,3.4168507365,13051861.72,0.0,105905.18,1.0,01,04,05,14,16,17,20,30,08,12,0.0,0.0,1,1,1,1
219/25,18/06/2025,Thu,2785,9078,1889,2959,9663,9865,4101,9163,2353,2453,4128,9806,3793,0629,2543,9403,1737,6876,4653,5676,6587,2842,4728,35358198.62,0.5980405595,1921845.7,9.5480012466,13126962.53,0.0,100000.0,0.0,05,08,09,16,17,25,28,34,11,36,0.0,0.0,1,1,1,1
220/25,21/06/2025,Sun,5017,4415,1138,7884,6131,1882,1713,2674,1978,6231,2326,1403,4814,7607,0477,1688,3108,8195,8222,4347,5666,0484,0122,15613945.01,1.0099255583,254796.96,4.7205682042,13203659.02,0.0,100000.0,0.05,01,02,11,14,16,21,33,36,17,18,0.0,0.0,1,1,1,1
221/25,22/06/2025,Mon,8443,3266,3331,1121,4505,5191,1318,9956,9922,4779,2050,9999,8312,5579,6276,4150,0977,2673,7096,8700,9485,6056,4996,2831326.57,0.0,151150.29,2.8187119738,13281367.88,0.0,100000.0,0.175,06,11,15,17,19,20,22,34,29,33,0.0,0.0,1,1,1,1
222/25,25/06/2025,Thu,0724,6218,3595,6502,7549,7930,5518,7565,2648,9165,2933,5867,9089,4418,1599,8037,6811,4405,6312,7219,0525,8375,5092,3530483.02,0.0285714286,127119.36,0.1640989572,13359280.48,0.0,100000.0,0.1,01,03,15,26,29,30,34,35,09,18,0.0,0.0,1,1,1,1
223/25,28/06/2025,Sun,4433,6023,5156,4440,5815,4763,9882,7683,4282,7185,5591,7339,2475,9476,2306,8549,6920,5271,5473,2960,7510,9392,1697,4153830.05,0.0,237935.21,1.1924287142,13439584.13,0.0,104818.36,0.15,02,04,15,19,23,24,25,36,07,08,0.0,0.0,1,1,1,1
224/25,29/06/2025,Mon,9453,5906,4496,8468,5059,7218,1380,9453,2964,8349,7677,5886,6129,4862,9076,4815,5016,4114,6422,1729,8883,6582,3059,4870501.56,0.0,130303.91,0.1159689953,13518494.46,0.0,117043.02,0.175,07,10,20,21,28,32,34,35,03,19,0.0,0.0,1,1,1,1
225/25,02/07/2025,Thu,3584,6294,6018,1113,6805,8747,7412,9557,4036,0098,5542,3551,9811,3537,7103,9165,3350,9461,4822,3152,6513,4124,4863,5596444.99,0.0,247182.42,1.081576173,13596930.58,0.0,124339.95,0.5,01,08,11,15,18,21,24,31,14,27,0.0,0.0,1,1,1,1
226/25,05/07/2025,Sun,9103,5083,3861,2947,1866,1711,0842,9341,1624,6330,0888,7284,3189,0808,2622,0915,0634,0162,5485,0846,1088,8794,7474,6360369.42,0.0,138895.35,0.2912475142,13676877.44,0.0,100000.0,0.0,04,17,20,21,26,28,29,36,13,27,0.0,0.0,1,1,1,1
227/25,06/07/2025,Mon,2929,5648,5666,6514,8136,8407,4470,5069,6652,3422,2501,2254,1834,3656,8068,3730,1385,4887,8085,9068,7561,4579,6766,7141711.49,0.0362318841,240504.62,1.268067041,13756241.98,0.0,118592.75,0.05,06,07,15,18,25,27,30,31,14,34,0.0,0.0,1,1,1,1
228/25,09/07/2025,Thu,0831,4840,4632,6790,6037,8386,6631,9569,2920,9204,0818,5153,6430,2291,7726,6341,7662,2247,7328,3451,5544,3062,1529,7680047.67,0.0,144926.16,0.0919473634,13835309.52,0.0,140666.2,0.0,05,10,12,14,25,30,33,36,08,19,0.0,1.0,1,1,1,1
229/25,12/07/2025,Sun,5451,5670,2901,6808,3495,1979,9597,9531,2864,8998,7119,9906,9445,7855,8061,6932,6929,0442,6822,4722,0312,1754,3539,8505900.2,0.0064516129,281755.59,1.1518636756,13914819.59,0.05,168826.02,0.125,08,09,10,23,24,27,34,35,15,29,0.0,1.0,1,1,1,1
230/25,13/07/2025,Mon,9263,4592,9653,3056,8849,9139,2862,1405,9774,4744,5079,0370,5943,5878,6016,3334,6927,8961,3640,0527,0878,3924,0341,9306190.33,0.0055865922,155484.89,1.080945426,13298594.42,0.0,175884.62,0.225,03,06,08,09,18,20,29,31,10,17,1.0,0.0,1,1,1,1
231/25,16/07/2025,Thu,7168,2177,0507,3790,1989,6145,3511,4218,2821,3134,1722,1154,5188,5071,5694,5194,2167,4097,8371,2998,7459,5456,1046,10138605.17,0.0,160800.86,0.241747863,13379350.11,0.0,164911.55,0.05,11,17,19,20,21,24,26,34,09,31,0.0,0.0,1,1,1,1
232/25,19/07/2025,Sun,8318,1718,2141,9663,6286,3659,1563,5784,4647,4293,3389,1322,6602,4429,4359,5094,6550,8854,5905,8588,6942,1346,2146,11071137.35,0.1064623673,291478.91,1.7053612996,13461243.31,0.0,185669.81,0.0,02,05,09,15,16,18,23,31,25,36,0.0,0.0,1,1,1,1
233/25,20/07/2025,Mon,5310,7068,2593,6497,3771,6325,5596,2942,9235,6791,9283,9016,8493,0747,8524,4739,3927,3087,6696,8234,6394,4508,5368,10924201.91,0.0093457944,187586.19,0.9315738155,13544398.76,0.0,215120.7,0.125,02,05,17,20,27,29,33,35,04,24,0.0,0.0,1,1,1,1
234/25,23/07/2025,Thu,1077,4898,6215,4364,0809,1277,9812,0405,8747,9028,4768,1669,8286,0559,7469,6899,7616,6110,5907,2424,1108,3109,9769,11889328.38,0.0,206876.14,1.2019978768,13625509.46,0.0,216957.32,0.125,07,11,12,15,18,21,24,33,08,14,0.0,0.0,1,1,1,1
235/25,26/07/2025,Sun,0256,2450,5263,1053,1116,8714,8090,2523,8121,4652,2782,8704,1342,8234,4953,5091,1275,9469,7315,1006,3947,8975,9734,13011588.56,0.0189249042,204047.31,2.1888510451,13707572.34,0.3,218901.6,0.225,01,02,15,19,20,26,29,33,03,17,0.0,1.0,1,1,1,1
236/25,27/07/2025,Mon,1644,2720,4054,8383,8818,9467,8405,7056,5117,2185,2008,9691,9286,8567,4740,7345,5477,2569,0746,5192,8500,2260,8549,13900795.27,0.0489427417,206445.42,0.0209070434,9674889.51,0.0,197836.47,0.0,01,04,07,13,23,24,25,28,10,26,0.0,0.0,1,1,1,1
237/25,29/07/2025,Wed,7878,0171,0677,1514,1784,1387,0120,4909,6476,1527,8323,3780,6730,5403,8987,3716,0573,5767,4889,6406,5583,8831,8434,14193909.04,0.0434782609,379121.41,2.0854375204,9738659.17,0.0,220421.56,0.1,04,08,09,15,17,27,34,35,11,13,0.0,0.0,1,1,1,1
238/25,30/07/2025,Thu,7100,3212,6947,1806,4828,8667,5179,4888,1960,1980,8487,5938,1962,2642,4980,1038,3694,6534,9165,5142,8161,9222,8297,14692921.95,0.0257013745,202934.44,1.1954017212,9811590.09,0.0,224209.1,0.05,01,08,09,15,21,22,26,30,02,24,0.0,1.0,1,1,1,1
239/25,02/08/2025,Sun,8847,0133,6009,3654,8653,7921,9431,3787,5044,4213,3708,8433,8362,0351,9156,3849,5232,4403,4299,1460,3183,2112,3081,15542053.67,0.0034364261,223047.28,0.3438393015,9894540.41,0.0,242376.89,0.05,02,04,19,21,24,26,33,34,01,23,0.0,0.0,1,1,1,1
240/25,03/08/2025,Mon,7495,0760,5015,4291,9342,6498,3229,6311,9323,3303,4099,9060,3578,4108,7253,0544,8089,2484,9054,7731,3196,9939,5007,16761158.29,0.0,377721.0,2.1709139657,9975250.95,0.0,258843.03,0.05,01,04,10,11,12,22,27,30,24,33,0.0,0.0,1,1,1,1
241/25,06/08/2025,Thu,1342,5222,2330,5726,6539,1360,1212,0626,5463,6870,5101,7049,1107,3617,2921,7947,2493,6642,7910,5829,4182,3546,5930,18039936.2,0.0,232505.08,1.5988108613,10054958.03,0.0,274130.47,0.05,05,06,09,22,23,34,35,36,08,26,0.0,0.0,1,1,1,1
242/25,09/08/2025,Sun,6694,4664,4069,4046,1746,1340,5150,3393,3106,4969,4083,1174,1500,3803,7366,9659,6789,6754,9990,9287,3340,9734,4169,19398771.04,0.0188679245,247060.88,0.2009176004,10137938.84,0.0,289812.99,0.05,03,07,12,16,17,19,27,33,23,31,0.0,0.0,1,1,1,1
243/25,10/08/2025,Mon,7733,4014,2213,5511,3766,7790,3529,4676,7928,2404,4918,0246,9844,9412,7106,1184,6348,2401,6061,2653,8579,9690,3828,20432760.37,0.2642899584,451968.16,0.2992050543,10218665.42,0.0,303913.0,0.15,04,06,20,21,23,34,35,36,08,15,0.0,0.0,1,1,1,1
244/25,13/08/2025,Thu,2030,6738,6859,8806,1144,4365,4492,8973,5811,4501,4127,4319,6628,3803,8020,5045,0920,4525,2785,1240,7721,6821,1323,16373675.96,0.0,560571.36,2.135712689,10299805.62,0.0,287063.2,0.275,07,08,10,13,15,27,28,30,14,18,0.0,0.0,1,1,1,1
245/25,16/08/2025,Sun,7826,2121,4208,7049,1358,9180,2337,1082,3384,1231,8239,8304,7615,7700,1210,6824,7909,1102,5130,9369,0078,5548,5699,17709679.92,1.0433888155,242909.81,2.50508693,10381652.88,0.05,237108.39,1.375,03,10,11,12,13,31,35,36,01,23,0.0,0.0,1,1,1,1
246/25,17/08/2025,Mon,3632,4649,3710,5905,2566,3110,0349,2663,4855,6501,1970,2608,1350,9252,3332,9876,7418,6861,2198,2516,2976,9484,2543,2818302.13,0.0,148782.21,0.2935570229,9943751.82,0.0,100000.0,0.05,01,03,05,09,24,28,32,34,06,19,0.0,0.0,1,1,1,1
247/25,20/08/2025,Thu,5893,7992,9422,6095,3799,2405,9451,2742,2797,3577,3559,8342,8593,1458,2838,1969,2480,9488,4800,2011,7755,6640,6340,3506302.08,0.0,230197.05,0.244013521,10024276.84,0.0,100000.0,0.05,04,14,19,20,24,25,27,28,03,05,0.0,0.0,1,1,1,1
248/25,23/08/2025,Sun,2886,4098,2142,4430,1907,6656,6391,0926,3196,7446,9985,7936,3422,1381,0949,6136,3441,4496,7904,1686,6918,6733,4953,4222460.24,0.0,304236.44,0.1878837514,10107675.63,0.0,100000.0,0.0,01,09,13,16,19,21,24,34,26,31,0.0,0.0,1,1,1,1
249/25,24/08/2025,Mon,2676,5936,9796,2736,0205,3067,1571,9588,0038,8008,2082,6629,8966,9982,8003,5648,5295,3764,6728,3712,9615,8550,7289,4949359.88,0.0,379238.93,1.01165827,10190737.62,0.0,106225.95,0.225,07,12,16,22,27,30,35,36,26,32,0.0,0.0,1,1,1,1
250/25,27/08/2025,Thu,3423,0933,9983,7318,2418,4226,4647,0373,7988,0162,7516,5832,6826,3462,9726,3097,1261,2709,4560,4620,3703,5337,7138,5735591.87,0.0052356021,142951.27,0.257117746,10275203.63,0.0,112240.15,0.0,02,03,05,06,11,13,27,32,19,33,0.0,0.0,1,1,1,1
251/25,30/08/2025,Sun,3290,2834,7976,4713,8625,5629,0285,8724,5412,0629,1569,1335,7172,2417,4254,4961,5167,2985,2524,8555,9399,5770,1139,6572703.04,0.1111111111,263857.86,0.1701489468,10362993.46,0.0,143332.38,0.0,04,05,09,11,12,19,33,35,17,36,0.0,0.0,1,1,1,1
252/25,31/08/2025,Mon,8611,0563,3404,8026,8279,1667,5260,1126,3491,8929,6913,7385,2601,3710,9268,9892,7432,0655,9586,8980,4280,0725,2602,6730830.08,0.0084033613,380494.97,1.1606858659,10450051.29,0.0,174165.36,0.2,04,06,07,12,24,30,32,35,23,29,0.0,1.0,1,1,1,1
253/25,03/09/2025,Thu,3317,7706,2224,0737,5355,5555,5065,4103,0789,2664,1368,4516,7495,1682,3042,5417,3602,9979,5120,6468,9316,6796,8565,7554937.03,0.0,160121.56,1.2402927903,10534081.9,0.0,169093.13,0.55,06,07,10,16,21,23,24,34,20,25,0.0,0.0,1,1,1,1
254/25,06/09/2025,Sun,1564,4795,5899,0980,8270,5892,9849,6204,2659,7322,6061,3481,3586,0476,8659,1426,3051,3699,6234,2351,9107,6518,5200,8537166.33,0.0,178587.15,2.0204081633,10622392.28,0.0,107368.5,0.0,03,06,12,22,25,31,32,36,18,23,0.0,0.0,1,1,1,1
255/25,07/09/2025,Mon,1458,5519,5355,3677,2971,9647,9530,5849,1259,1611,2218,3426,5540,9585,1409,8183,5698,5499,6743,7102,7260,7314,2749,9533141.83,0.0,181086.46,1.3935852287,10708077.18,0.0,137715.23,0.2,01,02,03,07,11,15,24,36,16,22,0.0,0.0,1,1,1,1
256/25,10/09/2025,Thu,1772,9458,9217,1066,6894,5706,9293,4525,4149,4409,0760,1287,0810,0496,8728,0461,3540,2515,8084,7920,0674,7139,2142,10551086.09,0.0526315789,185080.78,0.0383933446,10791963.44,0.0,139881.9,0.15,02,07,10,14,16,21,25,35,31,34,0.0,0.0,1,1,1,1
257/25,13/09/2025,Sun,9095,4593,2487,0685,4316,7269,5180,5090,4264,5254,5758,1138,8511,1107,7421,5463,1761,4147,7167,5106,4700,7461,5802,11072383.84,0.0,373723.65,0.1206606064,10876972.96,0.05,149007.16,0.0,01,07,21,24,27,28,31,34,06,23,0.0,0.0,1,1,1,1
258/25,14/09/2025,Mon,5925,1841,6956,9612,8744,6562,4788,3678,2412,6006,2103,1732,1028,0311,1558,3077,5369,7652,7452,9604,4162,0249,0101,12199461.94,0.0055248619,533553.22,0.2804584185,10416833.56,0.0,178654.19,0.1,01,03,14,16,26,32,33,35,27,31,0.0,0.0,1,1,1,1
259/25,17/09/2025,Thu,2853,9523,5763,2270,8240,9132,9181,3170,9377,2171,4288,3215,0246,6451,9191,9657,6899,3798,0171,9179,3159,0494,4196,13256446.54,1.0,588347.36,0.1159431226,10498472.13,0.0,189702.43,1.05,01,02,07,11,24,28,31,36,32,33,0.0,0.0,1,1,1,1
260/25,20/09/2025,Sun,7006,4652,1650,1299,3199,9171,9114,2510,2544,0606,9105,2617,8478,9692,2198,7803,6142,6480,4965,2392,5275,1039,2004,2751726.72,0.0093457944,656810.12,0.19925087,10584147.52,0.05,100000.0,0.275,02,10,11,13,22,29,31,34,06,15,0.0,0.0,1,1,1,1
261/25,21/09/2025,Mon,6306,6778,1001,6169,9481,1882,8600,2805,4175,5783,7680,7018,6664,3289,8053,9309,6580,6246,2384,8369,7455,7676,7881,3460473.0,0.0166666667,659478.92,0.1032841613,10138832.54,0.0,100000.0,0.0,03,04,06,18,22,23,28,31,09,33,0.0,0.0,1,1,1,1
262/25,24/09/2025,Thu,2999,7993,1858,7377,0314,2314,9312,4550,4361,7896,6249,3977,9698,4832,3087,6988,3110,8850,5453,5175,4327,9628,2713,4150715.48,0.0,727350.11,1.3128260429,10221321.52,0.0,100000.0,0.05,01,03,04,08,13,19,26,28,23,33,0.0,1.0,1,1,1,1
263/25,27/09/2025,Sun,1256,3873,7598,4893,8456,2490,4719,5522,1697,0748,4915,8223,7212,2163,1235,5246,5269,0592,4999,9654,6689,9751,3640,4879719.61,0.1111111111,132546.21,0.1990543735,10305578.64,0.0,100000.0,0.0,02,05,11,16,22,28,29,36,14,27,0.0,1.0,1,1,1,1
264/25,28/09/2025,Mon,4890,5595,6707,1614,1494,2693,1344,6385,7174,9232,4022,3051,2342,2856,0744,1511,5051,9418,0459,6788,2241,2039,5594,5063123.49,0.0,238088.67,0.1546099291,10387805.27,0.0,115733.1,0.3,02,06,08,10,15,23,27,34,21,32,0.0,0.0,1,1,1,1
265/25,01/10/2025,Thu,1053,1959,5482,5516,9446,6881,1676,8534,1914,5757,0092,5421,3719,4289,6893,0536,7250,8540,4676,9127,9314,6841,1955,5798971.68,0.0,335068.38,1.2015478498,10469249.2,0.0,109857.9,0.0,12,15,16,22,28,31,33,35,17,34,0.0,1.0,1,1,1,1
266/25,04/10/2025,Sun,8442,4113,8959,5594,0565,3838,6898,4531,0925,7334,3359,4207,3287,1512,0805,2308,9388,4806,0202,7058,8519,9492,0470,6570259.26,0.0344827586,140234.11,1.172068394,10553259.41,0.0,139611.52,0.1,02,04,05,08,13,25,28,30,09,18,0.0,0.0,1,1,1,1
267/25,05/10/2025,Mon,4329,0675,6067,2116,3909,8327,1332,5747,8890,8956,2703,7967,3912,7812,6258,2073,2327,6674,1217,0983,1274,4112,7139,7128276.51,0.0,142650.53,0.1749975352,10635522.27,0.0,154785.13,0.0,01,02,06,08,22,29,30,33,13,31,0.0,0.0,1,1,1,1
268/25,08/10/2025,Thu,7805,1063,6995,0302,8976,2404,9395,1308,1830,4986,1612,8154,6794,5849,6524,1283,6568,1833,5895,3965,4614,2575,3539,7923895.37,0.0,262345.02,1.1438139612,10716970.76,0.0,183631.47,0.1,09,12,13,18,24,25,29,36,03,16,0.0,0.0,1,1,1,1
269/25,11/10/2025,Sun,9992,1494,4944,6524,7382,8590,6084,5448,0604,0936,7861,3263,7853,0879,0193,2286,2649,1064,6458,3132,8007,4291,5672,8750942.17,0.037037037,150372.15,0.1165038665,10798939.79,0.0,194299.02,1.05,01,02,06,12,16,24,25,30,23,35,0.0,0.0,1,1,1,1
270/25,12/10/2025,Mon,0129,3536,0094,8730,5257,4688,0660,2545,1024,1158,0415,4500,2147,1411,4479,7171,5454,2630,4266,2761,5080,5443,5531,9287110.83,1.0,289267.33,1.1916345456,10879058.51,0.0,100000.0,0.15,07,14,26,27,30,32,34,35,16,36,0.0,0.0,1,1,1,1
271/25,15/10/2025,Thu,8501,6938,4279,9384,2373,5903,8198,7729,0990,2058,6034,4580,6032,8102,4224,4798,9304,4967,8632,4551,8274,9854,4317,2650378.93,0.0,118250.72,0.0062893082,10962393.54,0.0,100000.0,0.15,09,10,13,22,23,25,27,29,02,30,0.0,0.0,1,1,1,1
272/25,18/10/2025,Sun,8844,7610,8061,6379,3567,6370,3887,1784,0035,2646,6232,3096,7493,8978,4695,2208,4446,0162,4755,8510,7101,3559,0214,3323733.95,0.0,239935.19,0.1607641498,11045680.26,0.0,100000.0,0.3,04,06,07,11,25,29,31,32,13,30,0.0,0.0,1,1,1,1
273/25,19/10/2025,Mon,1848,8839,4613,7023,0025,2139,4044,9720,6146,8125,0024,0102,3388,8120,9623,8253,7702,3519,6031,4906,2893,6419,5314,4010192.66,0.1323877069,326172.89,0.4600245333,11127789.67,0.0,100000.0,0.05,03,09,10,14,17,21,22,26,27,30,0.0,0.0,1,1,1,1
274/25,22/10/2025,Thu,5875,0458,5226,6626,7215,8186,0841,9423,1200,4419,9837,3672,6577,3509,8269,8027,9354,4589,1669,0939,4334,9974,0035,4158702.91,0.0,299654.54,1.1526695527,11209912.15,0.0,100000.0,1.05,06,08,09,15,23,25,32,36,02,24,0.0,0.0,1,1,1,1
275/25,25/10/2025,Sun,8326,4304,3686,1204,7469,3086,2909,2844,4414,2845,0170,0965,3113,0504,7780,8637,7411,0735,1124,5404,9288,4508,4284,4870958.82,0.0,129501.08,0.197249116,11296447.26,0.0,100000.0,0.225,02,06,11,15,17,32,34,35,12,20,0.0,0.0,1,1,1,1
276/25,26/10/2025,Mon,1286,8968,6976,8717,2674,7130,1230,1710,1220,2371,6409,1644,9969,9461,1773,3595,5028,4262,9594,2308,8458,3940,3422,5588064.41,0.0238082413,234339.95,1.1764701389,11380193.14,0.0,100000.0,0.0,14,15,17,27,33,34,35,36,01,22,0.0,0.0,1,1,1,1
277/25,28/10/2025,Wed,3026,1430,8745,6682,9639,9660,2816,8305,0174,7344,2275,6181,9404,5196,0123,4030,5106,2780,8819,6279,5161,1707,3631,6059147.59,0.0,109840.94,0.1196475558,11446557.99,0.0,100000.0,0.05,06,07,08,10,11,22,26,36,23,33,0.0,0.0,1,1,1,1
278/25,29/10/2025,Thu,5301,3435,7808,9617,6785,9266,7031,9326,1214,3068,6841,5434,0649,6042,1159,7396,6214,4458,1557,5743,6570,3963,1260,6762055.35,0.0,224500.15,2.1868087841,11522867.59,0.05,100000.0,0.2,04,07,10,12,13,15,31,35,26,32,0.0,0.0,1,1,1,1
279/25,01/11/2025,Sun,0005,4091,1866,1391,2315,0743,6885,5638,3637,3250,7024,8801,2068,7572,3898,9932,5633,1270,2298,5300,9740,8626,3346,7565088.79,0.0,146006.08,0.2277106857,11025588.6,0.05,100000.0,0.1,02,03,12,13,18,23,26,35,07,16,0.0,0.0,1,1,1,1
280/25,02/11/2025,Mon,0218,8637,4313,4800,8057,7292,2914,1574,2152,0491,9591,2128,1610,8025,5580,1354,3520,3888,8748,1072,5358,5942,5317,8402217.61,0.0,264964.18,0.5267422673,10552004.17,0.0,108786.51,0.15,07,10,13,25,28,29,33,35,15,21,0.0,0.0,1,1,1,1
281/25,05/11/2025,Thu,0242,6995,9828,4696,8682,2080,1796,8270,0643,1936,7312,9228,7554,3920,0426,6898,3660,6686,9999,2041,3005,0845,4284,9274377.75,0.0539106284,283970.92,0.1985411025,10630010.03,0.05,120095.61,0.0,06,09,12,16,26,28,32,36,23,25,0.0,1.0,1,1,1,1
282/25,08/11/2025,Sun,5005,2781,3146,7652,0329,4008,1927,0992,8129,8657,8238,7159,2349,5283,8107,3423,3913,7916,5884,1101,4404,8757,4547,9691496.71,0.1343873518,394337.66,0.0613159648,10178209.68,0.0,148322.75,0.0,06,09,11,17,21,23,29,34,12,16,0.0,0.0,1,1,1,1
283/25,09/11/2025,Mon,3745,7981,7874,2873,8520,1586,8178,3642,2957,8473,5773,6017,8276,3397,3030,7713,7022,4645,3526,6155,8760,1279,5808,9322679.71,0.0,539903.49,1.104993598,10256065.85,0.0,175896.81,0.0,03,05,08,16,18,20,21,27,31,35,0.0,0.0,1,1,1,1
284/25,12/11/2025,Thu,5990,7579,1789,1681,4811,1762,3958,7016,6330,0422,7581,6066,1397,0417,3258,5892,7875,9391,4891,8275,1912,9270,1900,10240629.87,0.0323902439,166900.03,3.133777599,10332166.75,0.0,202849.21,1.05,04,06,07,09,12,19,28,30,33,35,0.0,1.0,1,1,1,1
285/25,15/11/2025,Sun,9518,7504,5969,6896,9766,8668,0595,5759,3106,9106,7991,6871,3144,1441,6309,1874,5927,2149,1343,6956,3807,5750,5114,10849508.42,0.0,171013.65,0.4396682728,10408172.02,0.0,100000.0,1.1,01,08,11,17,19,23,28,29,31,36,0.0,0.0,1,1,1,1
286/25,16/11/2025,Mon,8368,4474,1581,5334,6988,0301,4285,1523,7277,7918,2611,4883,2313,0541,3916,2328,9588,4387,0311,3858,3113,3403,5601,11791856.12,0.0909090909,267160.32,2.2950025685,10483304.7,0.0,100000.0,0.0,02,03,06,12,19,25,33,35,01,08,0.0,0.0,1,1,1,1
287/25,19/11/2025,Thu,3166,6675,9262,9409,1331,7572,1386,6429,1667,0626,1246,0591,3996,7598,8738,7740,6843,5842,8608,2602,4688,0279,2805,11684314.22,0.0945454545,175353.64,0.1774042773,10559164.24,0.0,100000.0,0.225,02,03,16,18,26,28,34,35,05,06,0.0,0.0,1,1,1,1
288/25,22/11/2025,Sun,3147,7532,5728,1720,6526,2504,9936,2458,9519,9645,8431,5178,7244,3256,7296,2323,3767,2719,9474,9634,0409,9817,4083,11576601.58,0.1026666667,325515.36,1.1320469558,10635537.59,0.0,100000.0,0.225,12,15,24,25,26,28,29,34,01,06,0.0,0.0,1,1,1,1
289/25,23/11/2025,Mon,1056,5031,4452,6142,2191,4590,6244,4207,8748,2629,8032,7205,4295,7298,1470,0530,6520,3025,2862,7694,1736,6528,4679,11347660.68,0.014084507,174470.95,0.1324181924,10708701.36,0.0,100000.0,0.05,01,08,15,16,21,22,25,26,06,12,0.0,0.0,1,1,1,1
290/25,26/11/2025,Thu,2943,0564,6648,1931,5705,4421,8374,5523,3269,7355,1349,1167,3428,9543,3187,6637,6988,0377,9036,0576,0686,6201,5327,12236664.29,0.0,342064.15,0.1134835995,10782796.72,0.0,100000.0,0.0,06,09,10,15,23,25,26,31,02,29,0.0,0.0,1,1,1,1
291/25,29/11/2025,Sun,8121,3163,8365,7711,8780,7239,1292,6391,3226,6888,9894,9926,6341,9416,3970,7539,9813,1639,5830,8563,3367,2358,1914,13357095.86,0.0535714286,506960.31,1.7387578032,10858473.9,0.0,109481.93,2.0,04,05,07,08,16,19,23,29,12,22,0.0,0.0,1,1,1,1
292/25,30/11/2025,Mon,4126,2375,4479,5203,0349,6285,5712,6013,5686,4248,9873,8162,7916,5776,8142,4351,6422,1778,4430,4073,5210,8326,2968,13774793.81,0.0,206046.67,0.1753881499,10934250.88,0.0,100000.0,0.125,01,03,17,29,30,32,33,34,13,36,0.0,0.0,1,1,1,1
293/25,03/12/2025,Thu,6782,1268,1075,9704,1673,5668,3921,9656,4478,2344,7563,2491,4566,9558,1156,8069,8121,6355,3573,2885,4307,2985,7157,14912840.25,0.2647754137,376826.07,4.23956398,11008046.67,0.0,100000.0,0.15,01,03,10,11,15,17,21,35,16,26,0.0,0.0,1,1,1,1
294/25,06/12/2025,Sun,0209,1613,8107,9269,6228,6090,2547,6483,2013,2888,6499,7839,5235,7277,5193,9609,9209,7498,6297,8323,9669,1212,8949,12121099.13,0.094124525,210329.52,0.2698073339,11085394.38,0.0,100000.0,0.1,02,10,15,18,21,30,32,34,09,22,0.0,0.0,1,1,1,1
295/25,07/12/2025,Mon,4523,1522,4047,5849,9968,2465,4402,9439,4572,8876,4329,2956,0227,6601,7913,3777,8354,4409,5303,6513,6487,1413,2007,12125240.62,0.0157055128,361769.11,2.2680607364,11162572.21,0.0,100000.0,0.1,04,05,06,09,13,19,24,30,14,34,0.0,0.0,1,1,1,1
296/25,10/12/2025,Thu,9532,1625,8743,8064,1255,4508,1119,0942,3739,1823,6178,1907,3323,4123,7833,6115,9889,5900,4851,1840,8319,5065,0248,13047260.02,0.0093457944,202264.1,0.2592766054,11237723.7,0.05,100000.0,0.0,01,08,09,11,18,23,28,32,05,20,0.0,1.0,1,1,1,1
297/25,13/12/2025,Sun,3057,8566,3285,6954,5550,5127,8896,8669,5255,1696,1955,9950,7631,6193,6770,1531,5913,6986,2779,3557,5361,9649,0141,14057965.9,0.0909090909,355756.82,0.2669493118,10750277.2,0.0,113181.68,0.05,06,11,15,25,27,31,33,35,08,32,0.0,0.0,1,1,1,1
298/25,14/12/2025,Mon,2180,9545,9820,2825,9656,7399,5937,1921,7563,6643,2074,8196,0474,7550,0437,4417,8919,4173,0145,1449,8498,1021,1950,13905214.85,0.0169491525,465377.94,0.2744200319,10823157.44,0.0,133334.35,0.225,08,11,14,19,23,25,34,36,26,31,0.0,0.0,1,1,1,1
299/25,17/12/2025,Thu,3700,5931,3102,8717,5520,9156,9277,8706,9326,6579,3282,2500,2444,3732,9753,4483,3997,8937,1639,7755,1756,2798,0137,14820007.59,0.0,546846.07,3.4551507451,10895809.38,0.0,129065.02,0.1,07,09,11,16,17,27,29,34,01,35,0.0,1.0,1,1,1,1
300/25,20/12/2025,Sun,4642,3003,5539,4607,1994,1360,6394,5429,0322,8547,5954,4458,3709,3969,4460,3777,5941,6955,5959,7143,4980,9373,7118,16023166.55,0.0072992701,218756.18,0.1628997425,10971430.53,0.0,142941.01,0.225,01,03,07,09,13,15,23,29,10,28,0.0,0.0,1,1,1,1
301/25,21/12/2025,Mon,4240,5757,7052,6312,5098,7263,6400,0517,5171,3427,5456,1915,4290,2779,0606,1850,2256,9702,9394,4654,4645,5245,9293,17150137.83,0.0909090909,409289.71,0.2746602469,11046829.33,0.0,137483.02,0.125,03,07,16,18,22,27,32,36,02,30,0.0,0.0,1,1,1,1
302/25,24/12/2025,Thu,7759,6046,9176,5985,9684,8530,1581,7415,7794,3355,7474,4399,4714,6513,7236,4594,7234,5555,6603,1993,8369,9369,2853,16837065.16,0.0,523425.15,0.147153416,11121940.04,0.0,146899.35,0.0,05,09,12,15,16,23,25,26,14,35,1.0,0.0,1,1,1,1
303/25,27/12/2025,Sun,2642,3075,4510,8127,1187,3191,7100,9078,0445,5037,2825,4327,0887,4796,0567,1517,4319,1867,7082,8611,0594,7663,2370,18103980.54,0.0,676749.6,1.4060970308,11195922.74,0.0,173101.56,0.1,01,05,08,13,23,27,30,36,11,31,1.0,3.0,1,1,1,1
304/25,28/12/2025,Mon,2630,0382,1740,7550,7277,3497,6009,2387,9071,1067,9869,9996,9356,4835,1856,2853,7442,8812,3065,6468,1525,8591,8512,19383650.52,0.0909090909,232667.27,1.0546746722,11269780.5,0.0,181949.36,0.0,08,10,12,14,15,25,28,35,20,30,0.0,1.0,1,1,1,1
305/25,30/12/2025,Wed,4695,8350,9532,7744,6736,7519,0843,9862,9761,7283,7148,9876,3707,7172,2653,8611,9563,9757,6829,1214,7539,4349,0396,18712917.75,0.0194011339,198439.51,1.2598982299,11330688.07,0.0,203520.79,0.05,02,03,08,16,23,31,32,35,01,17,0.0,0.0,1,1,1,1
306/25,31/12/2025,Thu,3441,2864,7752,7416,5331,1828,4112,9145,1537,4855,2641,2778,4465,0284,3303,9310,5816,1620,2240,9167,9365,9122,8603,19646940.56,0.0085470085,235831.75,0.2831581506,11406777.89,0.0,220293.23,0.0,01,03,06,12,16,22,23,33,18,31,0.0,0.0,1,1,1,1
307/26,03/01/2026,Sun,7127,3447,4819,9695,6056,0103,9827,7021,5547,1944,4847,5855,5828,6094,2880,6660,0051,6824,3949,2544,0239,8900,7596,20810019.2,0.0,411054.29,0.289150397,11483448.44,0.0,247447.38,0.05,05,08,09,20,25,26,28,36,15,18,0.0,1.0,1,1,1,1
308/26,04/01/2026,Mon,9629,1766,6539,9777,9028,9187,1791,7234,2488,6215,5282,1945,6009,5054,8690,5343,6681,5902,8201,7117,3173,9633,1771,22184210.76,0.0171531148,542050.79,0.3421501934,11558440.54,0.0,261634.71,0.175,07,11,20,23,29,31,32,36,14,22,0.0,0.0,1,1,1,1
309/26,07/01/2026,Thu,2212,7003,9200,2807,3452,5517,7431,5944,8413,2544,9514,7671,3991,2703,0430,9068,3384,6695,8218,7295,8844,3980,5194,23206844.43,1.0604934684,611708.37,2.1866476335,11632868.74,0.0,242208.63,0.425,04,13,17,18,19,21,32,36,14,25,0.0,0.0,1,1,1,1
310/26,10/01/2026,Sun,0759,2101,0396,9882,7381,3513,2227,9107,0946,0407,7703,0477,2978,6320,3438,5919,9969,9336,3387,9559,7822,9513,3737,2757602.18,0.0,137745.85,1.2059520931,11713427.81,0.0,167801.3,0.175,03,08,13,15,18,19,33,34,32,35,0.0,0.0,1,1,1,1
311/26,11/01/2026,Mon,4695,5117,4086,4501,0297,4998,2135,7839,2621,0263,2056,3344,6862,5729,0448,3246,9667,5363,1504,9990,7186,3818,1504,3479509.66,0.0,131255.91,1.4127850181,11792255.57,0.0,166354.24,0.1,01,16,19,22,24,25,31,32,08,36,0.0,0.0,1,1,1,1
312/26,14/01/2026,Thu,5474,2842,9235,5554,3169,0079,1538,9564,9620,2149,5728,8759,0379,0004,2638,0213,5256,8004,4962,5720,6446,1873,5043,4178854.27,0.0,127153.57,1.2563234103,11869075.02,0.0,176925.71,0.15,04,10,20,22,25,28,31,36,15,16,0.0,1.0,1,1,1,1
313/26,17/01/2026,Sun,0043,1474,1913,8916,1524,7620,2573,0666,0752,4968,9587,6606,7913,3960,3035,3078,8719,5784,5511,5904,1854,9293,3559,4906504.71,0.0,132300.08,0.195285037,11946677.16,0.0,177870.94,0.15,05,09,15,17,19,26,32,35,20,29,0.0,1.0,1,1,1,1
314/26,18/01/2026,Mon,0990,1478,3294,0687,6330,7968,1829,0190,1474,1657,6424,9945,5909,9853,1367,1226,1492,6947,2823,0632,9158,9028,6879,5655432.7,0.0,242632.58,0.0015625,12024812.71,0.0,178863.31,0.0,08,19,23,24,28,29,30,31,13,27,0.0,0.0,1,1,1,1
315/26,21/01/2026,Thu,6433,7469,4066,7217,2635,0404,4059,3310,0046,8250,1975,5364,3849,9070,9554,5101,3352,1849,3218,0492,5160,6769,6468,6424765.22,0.0,382132.11,0.0943934115,12102797.78,0.0,206483.02,0.15,05,14,18,22,23,26,30,31,02,10,0.0,0.0,1,1,1,1
316/26,24/01/2026,Sun,4022,3368,2236,7339,0787,0371,4042,1546,1536,9802,4527,4283,8158,0125,9362,4122,3549,0186,0197,3728,3591,6739,1587,7244831.53,0.0,495164.33,0.2230992163,12182999.07,0.0,203915.19,0.3,01,03,05,07,15,17,21,33,20,25,0.0,0.0,1,1,1,1
317/26,25/01/2026,Mon,0879,2068,2149,6777,8766,8800,7146,8999,8623,3756,8148,1789,2823,2050,2876,8827,6246,7938,5667,7663,6640,8648,1347,8075426.35,0.0114942529,535710.8,2.2248592978,12261292.03,0.075,170469.39,0.05,06,12,16,17,19,26,28,33,11,27,0.0,0.0,1,1,1,1
318/26,27/01/2026,Wed,6361,4424,4490,2446,4347,6483,1049,4532,1745,4939,6064,7644,1837,0286,8115,4260,9779,2231,9517,1619,9634,7377,9210,8667503.78,0.0,124526.99,0.1160071301,11401213.73,0.0,183025.42,0.1,02,13,21,25,26,27,32,36,03,22,0.0,1.0,1,1,1,1
319/26,28/01/2026,Thu,7213,4418,5958,8027,6549,7052,8071,9956,1786,2202,3515,0512,8964,1915,5248,3817,9648,2646,8542,0638,0562,3888,9698,9470747.16,0.0,256125.22,1.0498480243,11472788.95,0.0,190072.44,0.05,05,10,15,16,25,26,29,36,19,27,0.0,0.0,1,1,1,1
320/26,31/01/2026,Sun,8596,5321,3379,9881,7725,2989,8278,0784,4623,6687,6876,6445,6165,4270,9437,8898,6616,8597,4903,4742,8386,1476,2171,10394963.92,0.0,168039.41,0.5215706222,11551763.03,0.0,208538.81,0.225,06,07,13,14,15,18,24,31,12,27,0.0,0.0,1,1,1,1
321/26,01/02/2026,Mon,8452,4353,3805,6570,1100,6097,6677,2899,7333,6237,3677,9608,7106,1575,4568,9084,1379,1123,4461,2944,4287,5588,9826,11362409.74,0.0,256294.23,1.2276385085,11630250.03,0.0,189415.06,0.225,02,04,05,20,28,31,33,35,10,15,0.0,0.0,1,1,1,1
322/26,04/02/2026,Thu,7527,0107,1981,4706,5540,1998,8084,8566,7291,0552,7627,5415,7844,8017,3821,4371,9146,7748,9369,6312,4528,2289,7901,12421735.4,0.0444611394,192604.67,0.367839694,11710024.43,0.0,175050.1,0.25,01,03,05,19,22,28,33,35,15,34,0.0,0.0,1,1,1,1
323/26,07/02/2026,Sun,3803,5208,1647,6137,7903,5297,5136,3400,9129,2893,6130,9636,1372,2678,9953,4918,8646,5769,6460,3687,9007,0236,7379,12944453.31,0.0,317212.02,0.2602883034,11789899.41,0.0,159576.64,0.3,02,16,22,27,29,31,33,34,14,21,0.0,0.0,1,1,1,1
324/26,08/02/2026,Mon,6230,1700,0683,5506,9707,8474,8670,6946,1830,7630,7478,4875,3697,9491,9021,4306,8448,9240,0817,9714,2450,9407,8730,14171625.93,0.0670471962,457767.74,2.1318437406,11871729.44,0.0,140685.12,1.05,08,14,16,23,25,28,34,36,06,11,0.0,0.0,1,1,1,1
325/26,10/02/2026,Wed,5014,6165,4592,5099,3863,5027,6268,5457,6250,9724,4297,3797,7675,9783,0729,2985,3007,2121,7825,2759,0794,0698,3432,14240582.47,0.0084033613,185295.33,0.3474412192,11934172.7,0.0,100000.0,0.2,07,16,17,20,21,24,27,29,28,30,0.0,0.0,1,1,1,1
326/26,11/02/2026,Thu,9674,9187,4914,6771,9369,3909,9258,5171,8059,6541,8681,9569,0447,5190,2414,8618,7087,6869,0911,2647,3038,0559,8454,15350012.95,0.0092689939,344388.68,0.2125465178,12010531.2,0.0,100000.0,0.1,04,06,11,20,27,28,34,36,09,33,0.0,1.0,1,1,1,1
327/26,14/02/2026,Sun,0185,7647,9946,7916,9999,5189,2713,3273,1296,7966,8637,2874,0058,6965,5611,1028,9383,5489,1275,3573,7705,3449,1202,16639046.1,0.0747849044,531428.68,1.2146814101,12096699.61,0.0,100000.0,0.05,04,06,17,19,23,29,30,32,01,26,0.0,0.0,1,1,1,1
328/26,15/02/2026,Mon,0110,9637,5722,5568,7724,1784,9448,1332,7060,5313,9463,9959,1050,1044,2344,9954,8776,1948,9656,8986,5372,2859,2232,16876525.25,1.0983164983,269423.39,1.4866117777,12182576.37,0.05,100000.0,0.1,02,03,08,13,15,27,34,36,14,20,0.0,0.0,1,1,1,1
329/26,17/02/2026,Wed,7196,3390,5719,1938,9042,3271,3586,4993,9363,7036,3293,1059,5412,5730,0739,0227,2362,9063,9166,7267,6069,7908,0574,2900322.28,0.0,163694.96,1.1224069927,11655148.49,0.0,100000.0,0.175,02,09,10,11,22,25,27,33,29,32,0.0,1.0,1,1,1,1
330/26,18/02/2026,Thu,7583,4223,6895,3669,3098,9959,3573,3892,5361,5312,2518,8346,7967,1146,0620,8253,0826,2164,7054,7137,5323,2867,8147,3865249.79,0.0,175441.37,0.1664476318,11750029.69,0.0,110131.14,0.05,03,10,11,21,22,29,31,36,19,23,0.0,0.0,1,1,1,1
331/26,21/02/2026,Sun,2483,0743,1032,0828,9139,9296,5498,6802,0617,3300,8514,6443,8276,6065,4253,0597,8778,5427,8190,5668,3593,7213,1784,4892598.78,0.0,333030.3,0.1651525434,11846035.14,0.0,138626.51,0.05,01,07,15,17,25,32,34,36,02,18,0.0,0.0,1,1,1,1
332/26,22/02/2026,Mon,7674,0531,2579,9691,7172,9248,8786,6509,5749,4802,0774,6939,1035,8582,5530,4589,2827,7016,9130,4682,6669,1262,3987,5928854.28,0.0,466439.59,0.6933833974,11938837.15,0.0,164562.56,0.05,05,06,10,16,21,25,26,32,11,22,0.0,0.0,1,1,1,1
333/26,25/02/2026,Thu,0913,1992,6129,8682,7391,4279,4994,3288,6833,9316,1100,5369,2673,9637,2010,3383,0274,1275,9999,3023,6834,7745,2639,6986934.85,0.0,335396.41,0.3500420506,12028130.6,0.0,187959.19,0.15,02,10,12,13,16,22,29,33,01,23,0.0,0.0,1,1,1,1
334/26,28/02/2026,Sun,8609,9592,2529,9981,6029,4393,3532,3560,3290,3556,6229,5578,2941,3798,3015,3056,3142,2407,2345,7430,4796,7547,9497,8093384.56,0.0285714286,419166.24,1.2323210392,12121251.39,0.0,192745.59,0.1,04,05,14,19,30,31,33,34,32,35,0.0,0.0,1,1,1,1
335/26,01/03/2026,Mon,3737,2866,9791,4977,6438,0374,2536,2307,1293,4904,6240,6220,2483,0110,6745,2828,8729,2886,9153,6466,1424,2125,6385,8935563.83,0.0986085904,195167.06,0.3931241929,12215343.76,0.0,206795.41,1.05,01,05,08,19,23,24,27,31,03,22,0.0,0.0,1,1,1,1
336/26,04/03/2026,Thu,9680,0400,9570,4258,2385,9679,2317,0556,7565,9418,9584,6751,7620,7723,2156,0913,3801,2158,3382,5702,3247,1594,7155,9127515.97,0.0051813472,313546.81,0.183534429,12306709.08,0.0,100000.0,0.3,05,09,11,12,13,18,27,31,22,35,0.0,0.0,1,1,1,1
337/26,07/03/2026,Sun,2580,7199,8046,9695,2662,9926,2124,9993,5745,9817,4618,6822,2720,2964,6730,0442,3299,6781,7851,9798,1033,9854,1967,10206413.4,0.0204081633,460762.05,0.2310154139,12399930.25,0.0,100000.0,0.05,17,18,26,27,28,29,30,34,06,07,0.0,0.0,1,1,1,1
338/26,08/03/2026,Mon,9595,0001,3320,1480,9230,6833,6319,4850,0192,5390,7109,1854,8103,1502,9899,9775,9545,4846,0175,1340,7552,3829,6783,11158119.02,0.0,565227.96,0.139493302,12491558.12,0.075,100000.0,0.4,08,15,25,27,28,31,33,35,17,34,0.0,1.0,1,1,1,1
339/26,11/03/2026,Thu,6230,2031,0301,6691,8616,1599,8050,1813,7962,8996,1808,9790,3198,8613,1756,6939,2999,7278,1330,8567,4401,4366,4637,12317839.89,0.0212551995,697240.79,1.4580058641,11642818.29,0.0,100000.0,0.2,03,04,06,12,19,25,26,33,16,35,0.0,1.0,1,1,1,1
340/26,14/03/2026,Sun,6921,9955,3226,3242,5952,7918,4260,1643,9743,5174,0365,7271,1923,0935,3636,0373,2460,7931,4880,5441,8688,2309,4798,13250984.17,1.0064516129,217265.9,0.6010301071,11733554.56,0.0,100000.0,0.55,09,16,23,29,32,33,34,36,17,26,0.0,1.0,1,1,1,1
341/26,15/03/2026,Mon,6069,8893,3082,3279,9533,7265,7848,7961,4184,8159,3651,7969,8077,3004,2697,7049,6887,3087,5754,4923,4404,7882,7652,2839106.87,0.0,239247.44,0.0199470412,11823998.58,0.0,100000.0,0.125,04,07,09,10,12,16,18,25,01,19,0.0,0.0,1,1,1,1
342/26,18/03/2026,Thu,9991,2289,3337,6857,5164,1395,3274,4878,3654,9359,1093,6142,2568,9020,2923,4072,6968,4778,7318,1927,8473,8364,3930,3590835.71,1.0274115651,371153.13,1.2510383307,11912712.08,0.0,100000.0,0.0,03,08,09,10,13,14,23,29,32,36,0.0,0.0,1,1,1,1
343/26,21/03/2026,Sun,0198,2030,1197,0784,2219,0466,1261,6283,5674,2983,6609,7212,8588,8164,2868,8426,9486,2896,0848,6966,3071,0984,6349,2742870.73,0.1251956182,135067.41,0.3349163892,12005791.48,0.0,100000.0,0.0,03,09,11,14,27,28,29,30,24,32,0.0,0.0,1,1,1,1
344/26,22/03/2026,Mon,4260,1368,1493,2105,2332,1417,4773,5007,6990,8657,3537,6960,7780,3791,4772,8545,9181,2690,5299,6871,1110,1504,8041,3135039.47,1.009009009,223570.06,1.1119455587,12094249.17,0.05,126419.35,0.0,06,07,12,17,28,30,31,35,01,03,0.0,0.0,1,1,1,1
345/26,25/03/2026,Thu,0342,6100,3212,1466,0431,2395,9507,8660,6240,2182,7114,0980,8590,1296,7429,5369,3863,2385,8545,6898,5367,1293,5288,2697133.03,0.0,126751.46,0.253849039,11576890.15,0.0,157357.03,0.0,02,04,13,18,22,23,32,34,11,31,0.0,0.0,1,1,1,1
346/26,28/03/2026,Sun,8670,6581,5322,4835,1766,7563,8695,9164,0342,2758,0888,1703,7404,0550,3847,8767,6905,5271,5688,6318,9477,6297,6321,3435926.36,0.0,228901.78,0.0488119709,11666094.5,0.0,188950.24,0.05,02,03,05,09,14,17,25,27,11,16,0.0,0.0,1,1,1,1
347/26,29/03/2026,Mon,7559,4229,4917,8558,4920,8333,5058,0225,9159,0488,9948,5382,2147,7717,9971,6033,7712,7076,5608,2240,2138,5560,5637,4183064.15,0.0,353571.87,1.0574565175,11752929.78,0.0,210256.89,0.15,07,11,13,15,19,22,31,32,24,27,0.0,1.0,1,1,1,1
348/26,01/04/2026,Thu,4167,6654,4476,8805,2530,5215,6696,0630,4931,8181,8756,3770,5745,2066,7607,3578,8231,6157,9894,8952,4814,5874,5805,4915647.76,0.0,133197.02,0.0841269841,11836261.45,0.05,208231.66,0.05,06,10,15,22,28,29,31,36,17,27,0.0,0.0,1,1,1,1
349/26,04/04/2026,Sun,2575,4182,7158,7238,4332,0272,6998,2669,0481,1380,2614,2219,2778,9365,9237,1759,0484,0609,1370,1151,4738,2505,5880,5709414.42,0.0281917536,266312.77,1.0555248619,11329442.26,0.0,227922.08,0.0,05,13,17,18,22,29,32,33,02,06,0.0,0.0,1,1,1,1
350/26,05/04/2026,Mon,9089,8692,5801,4849,5904,9504,4006,0462,5546,0525,2198,2751,0430,7098,0973,1750,0473,9715,8511,3347,9713,7470,0150,6346761.69,0.0,145146.49,0.066360444,11412413.37,0.0,257307.68,0.1,05,07,11,14,17,19,23,30,15,35,0.0,2.0,1,1,1,1
351/26,07/04/2026,Wed,4253,1551,2292,0999,0944,3712,5403,8636,4835,3953,1443,7611,9618,6955,2349,5667,1817,5360,7465,0869,3676,3531,6885,6989229.95,0.120285423,252326.91,1.1596434488,11475806.04,0.0,254028.48,0.1,03,05,06,13,16,24,28,29,07,14,0.0,0.0,1,1,1,1
352/26,08/04/2026,Thu,6204,4904,1739,1844,7941,6586,0130,2477,7292,2957,7420,3532,3270,7003,1746,5381,5199,8103,4904,0705,6831,4515,9084,6911201.97,0.0068027211,138668.09,0.1631005498,11551098.31,0.1,255291.64,0.25,01,03,05,09,10,18,20,21,15,19,0.0,1.0,1,1,1,1
353/26,11/04/2026,Sun,7286,0970,5366,2111,6936,6187,3539,7610,5552,9166,2529,1805,2998,8538,5710,5529,3959,8008,8402,2990,6314,9033,2911,7750226.43,0.0,277149.33,0.0264054808,10479080.37,0.0,220897.11,0.0,01,09,15,17,23,30,34,35,21,29,0.0,0.0,1,1,1,1
354/26,12/04/2026,Mon,0287,9438,1135,4095,7331,4914,6071,7260,5470,6661,1087,2979,3396,1070,6047,3077,9231,5920,8801,0969,6662,0156,2060,8680659.56,0.0,439000.73,1.0553454015,10561275.32,0.0,250007.82,0.0,10,14,19,20,22,23,26,32,03,09,0.0,0.0,1,1,1,1
355/26,15/04/2026,Thu,9156,1260,7675,0306,4766,5130,9363,1960,4858,1529,7191,5815,5781,6063,9624,2941,1600,3745,1910,5737,8900,8080,3620,9625442.38,0.0,171778.7,1.3010602542,10642478.88,0.0,278767.41,0.0,06,09,13,16,19,26,27,29,03,31,0.0,2.0,1,1,1,1
356/26,18/04/2026,Sun,3812,2106,0963,9548,3088,0407,6505,7543,8568,4743,2158,6995,4168,4902,9324,3853,8742,1367,5082,5521,3409,3097,7616,10641658.16,1.0029325513,184766.51,0.0473755515,10724369.11,0.125,307770.2,0.275,03,10,14,18,20,25,29,36,04,35,0.0,0.0,1,1,1,1
357/26,19/04/2026,Mon,5184,9494,2787,5186,1593,0705,5060,0668,6632,9550,1540,5123,0969,2942,2335,6411,0387,2832,3572,4105,0540,8090,9456,2741953.25,0.0,310913.68,0.1247253222,9465668.84,0.0,252120.48,0.05,01,14,16,20,24,33,35,36,02,25,0.0,0.0,1,1,1,1
358/26,22/04/2026,Thu,9933,3026,2934,5678,6201,7289,0999,8400,0911,6199,2279,9088,8420,3249,5749,5088,9540,0790,2149,3850,9987,7261,8897,3427679.61,0.0,396812.39,0.065633457,9544844.88,0.0,267555.97,0.25,05,08,09,17,21,22,28,30,19,36,0.0,0.0,1,1,1,1
359/26,25/04/2026,Sun,3072,0896,4125,3648,8105,0345,1826,3500,3262,0026,8009,9467,5631,4659,4002,8158,8816,8280,5366,3639,3948,2528,9875,4154357.51,0.0,502891.48,0.143454859,9624836.48,0.0,228997.34,0.125,03,06,20,21,22,28,30,33,09,24,0.0,1.0,1,1,1,1
360/26,26/04/2026,Mon,5254,8032,2852,5240,4390,1107,6889,2876,6284,6527,8215,0572,3556,4925,1446,0076,0628,0657,9580,4147,0938,8598,9541,4898080.08,0.0,565971.54,1.1442536899,9704386.94,0.0,228546.79,0.0,01,02,03,09,25,30,34,36,18,31,0.0,0.0,1,1,1,1
361/26,29/04/2026,Thu,2063,9038,5854,1846,6811,0372,2670,9301,5070,0193,5710,9479,6916,5878,6608,8811,3221,4046,7220,9088,6153,7061,7575,5619442.45,0.00456621,131156.8,2.0360927197,9782740.29,0.0,256296.94,0.05,08,10,11,12,15,16,20,28,18,33,0.0,1.0,1,1,1,1
362/26,02/05/2026,Sun,1109,3856,0175,7490,8547,5645,3806,4592,3002,8051,2848,3876,5343,0854,9130,8383,0532,3833,3687,6731,5695,4466,9260,6365722.97,0.0034129693,140352.74,0.0098422103,9863965.04,0.0,272249.19,0.1,01,03,15,18,26,28,34,36,02,05,0.0,0.0,1,1,1,1
363/26,03/05/2026,Mon,0405,2299,1712,8454,3857,8174,4226,9544,3954,0849,0538,4640,8390,1391,6426,3720,3279,0729,9685,3505,9296,9291,3730,7119606.65,0.0,279991.31,1.3750879719,9942434.62,0.0,272815.58,0.05,04,12,14,16,23,27,32,35,11,15,0.0,0.0,1,1,1,1
364/26,06/05/2026,Thu,1902,6845,0935,4618,5383,5213,9582,7196,6801,0223,9658,6037,3367,3044,6029,5529,8068,0249,3672,9119,7620,4525,2544,7890883.04,0.0192859852,140232.07,1.1042424242,10020169.02,0.0,286705.73,0.1,02,10,15,16,25,26,30,36,22,23,0.0,0.0,1,1,1,1
365/26,09/05/2026,Sun,4965,2753,7281,1047,0100,8938,4964,1230,7467,3669,1047,7697,7302,1243,7652,8714,4769,9863,3376,2984,8714,2891,8369,8650228.59,0.0021978022,165732.55,1.0733069579,10102774.22,0.0,287291.17,1.0,07,16,23,27,28,30,31,32,09,29,0.0,0.0,1,1,1,1
366/26,10/05/2026,Mon,4502,2128,2501,5806,5539,7846,3578,4821,2574,8396,9044,2982,6499,2082,9596,2013,8835,0856,8674,0523,8711,0391,8137,9572839.4,0.0107855153,171204.06,2.1558305303,10183628.71,0.0,100000.0,0.1,15,16,17,18,23,25,28,30,08,11,0.0,0.0,1,1,1,1
367/26,13/05/2026,Thu,6449,6194,8562,6933,8803,1206,8289,6628,9281,2465,7338,5351,6544,1287,9300,3757,0681,9276,3791,4899,8502,4667,7859,10455884.17,0.0068027211,179325.96,2.096248289,10263065.91,0.0,100000.0,0.0,08,09,12,13,15,18,22,26,06,34,0.0,0.0,1,1,1,1
