draw_id,draw_date,day_of_week,prize_1st,prize_2nd,prize_3rd,special_1,special_2,special_3,special_4,special_5,special_6,special_7,special_8,special_9,special_10,consolation_1,consolation_2,consolation_3,consolation_4,consolation_5,consolation_6,consolation_7,consolation_8,consolation_9,consolation_10
5053/20,01/01/2020,Wed,0875,6307,8552,2404,2220,3573,4524,6856,8107,1026,3960,5472,7382,2114,0508,2086,3296,0413,4781,1459,7685,6087,4861
5054/20,04/01/2020,Sat,0450,2483,6127,1264,3466,8552,1176,2730,0259,9791,1621,9421,5372,3306,7294,4695,9405,9707,7761,3692,3124,0940,0196
5055/20,05/01/2020,Sun,1052,8358,2736,6842,9526,9739,5603,7680,5065,8300,5099,9910,3115,8393,4371,7650,6001,9375,1073,1618,0018,0618,9152
5056/20,08/01/2020,Wed,2820,2843,2367,5227,4317,1325,4524,4434,3977,8908,7076,1546,7584,0711,2844,4742,8640,7917,9813,4471,8603,8658,9543
5057/20,11/01/2020,Sat,4337,9792,6164,1701,2696,5122,6801,6622,0775,7596,4797,6220,1851,2581,3605,1826,9562,6774,2653,6341,9538,0881,5622
5058/20,12/01/2020,Sun,5425,3308,1123,7106,1340,2404,4162,9280,5415,5446,6525,0994,3772,7314,0203,1299,2649,6273,4746,7819,0905,3887,2010
5059/20,15/01/2020,Wed,2943,2923,7847,8638,2647,2434,8192,5194,1162,1415,3576,3841,7016,3814,0686,4845,5573,9593,9923,8887,7706,1237,2669
5060/20,18/01/2020,Sat,2449,2002,0549,8625,8853,6557,9254,1390,9369,0459,2627,0445,0645,0665,5249,4494,6870,9052,3711,7555,2641,6972,9387
5061/20,19/01/2020,Sun,6810,2416,6983,4846,5366,2020,5482,4033,6415,7022,1037,1959,1507,4661,2359,5061,9993,7673,5489,5891,7027,0508,6314
5062/20,21/01/2020,Tue,8121,3193,0087,5631,7109,9679,5460,9583,3487,2118,1292,9882,0055,9406,1063,6815,8298,4217,2939,1991,1522,3485,3727
5063/20,22/01/2020,Wed,6817,3579,2092,1851,4819,0329,4751,4445,5524,3593,9561,6630,3931,6300,4232,7498,5652,1765,3573,0447,8043,7210,4633
5064/20,25/01/2020,Sat,3551,4038,9260,8592,7534,5090,9083,7656,6427,0727,6979,9400,9496,4905,6838,5127,7106,5806,0696,8507,4434,0459,9753
5065/20,26/01/2020,Sun,1698,9467,2943,0686,5051,7110,0571,0110,4243,4250,3727,8685,0203,8765,1309,3028,2360,2795,0624,9643,7437,0064,5622
5066/20,28/01/2020,Tue,5943,7565,8378,8216,7117,4191,8054,1109,1056,0729,0986,9970,7896,1293,1789,9108,8205,4149,3021,3227,1870,4823,8414
5067/20,29/01/2020,Wed,2410,3607,2591,5826,7995,5077,5037,0422,5801,8335,3769,9931,3164,1613,6739,0216,2808,8752,4663,5980,8049,7867,0966
5068/20,01/02/2020,Sat,5796,1600,8854,2785,7905,2710,5001,6494,2030,6464,5832,6342,9430,3145,3584,8649,1789,7366,9398,0699,0801,4977,0070
5069/20,02/02/2020,Sun,3766,8228,2854,1467,3000,2311,5550,9792,8153,1284,7301,9682,5140,1519,5565,5784,9819,4398,6110,9935,3865,8008,8382
5070/20,04/02/2020,Tue,1436,5654,7172,3057,2282,7561,1884,2907,2428,0370,8255,6448,7809,4760,6585,2381,5315,3264,6696,7528,8224,6077,8811
5071/20,05/02/2020,Wed,3449,0883,7635,7305,1492,6628,2315,3746,9927,3595,0177,7474,4579,4511,6358,6401,9570,5914,5848,3182,2908,6065,2809
5072/20,08/02/2020,Sat,8206,2047,5660,7603,1875,3203,4116,3063,8791,4906,9868,1330,1551,6697,7916,7501,0422,8069,2054,4823,1712,4728,3157
5073/20,09/02/2020,Sun,5252,5651,8632,4367,7130,8637,3692,3369,4551,4332,4096,1666,8814,2052,5933,4170,8262,1881,0655,9859,1346,6819,4084
5074/20,12/02/2020,Wed,8323,4445,6982,3214,9360,5227,7561,4185,4494,4998,4152,4006,8523,3348,3616,0571,7718,2943,9437,7321,3891,9947,9416
5075/20,15/02/2020,Sat,2563,4757,5427,1049,0392,7016,0721,9488,8036,9071,4028,9528,4298,8455,7438,3996,7745,0402,5012,1667,9203,3348,1092
5076/20,16/02/2020,Sun,6327,1228,3151,8280,4127,2427,9871,3608,1900,0516,3400,7213,2129,4602,1929,6857,5830,3858,9356,8383,5917,8682,2409
5077/20,19/02/2020,Wed,2274,8072,9400,2445,2145,5245,8664,6012,3813,6038,4367,7747,5971,7041,8267,2630,6617,3556,2517,3615,1791,6684,4730
5078/20,22/02/2020,Sat,7135,8616,6880,6896,1514,2674,4497,9728,4208,7540,6275,3455,8976,6678,5199,7850,3696,9688,0449,6652,4879,2484,2889
5079/20,23/02/2020,Sun,8404,6554,2658,6107,3351,5794,1427,7770,0869,3827,9981,7439,4457,9833,6698,2273,7824,8560,5744,7586,7451,3088,7719
5080/20,26/02/2020,Wed,3927,9958,5198,4271,3224,4507,2921,0512,6439,8570,9685,7085,6017,4507,1775,4121,1963,9793,4757,1475,7788,1768,6708
5081/20,29/02/2020,Sat,1376,3213,7404,3855,3788,8478,1132,8282,7134,3127,7867,1641,7276,8318,6966,6178,6495,5131,8536,4330,7514,5421,1070
5082/20,01/03/2020,Sun,8882,8659,4014,2856,7301,5552,9770,7371,9915,8132,0496,0337,4894,4353,2162,6387,9634,4445,1388,5484,9263,1314,1370
5083/20,04/03/2020,Wed,0555,0390,4203,9236,8189,9031,8440,9292,7836,7951,0670,5592,0534,2532,5263,8545,4517,9469,2226,2376,1722,5364,5373
5084/20,07/03/2020,Sat,0727,7508,6578,1193,6820,7109,9784,3195,0047,2308,4810,0609,2121,5571,4651,3292,7604,1720,5373,2614,3176,5313,1325
5085/20,08/03/2020,Sun,9511,3602,3587,1905,0397,5440,5271,6221,5301,5152,1868,1463,0891,1776,2795,7708,5505,9448,5385,6506,7467,3770,9898
5086/20,11/03/2020,Wed,8949,7294,9153,0207,5019,6001,4732,8841,5320,6724,7571,4085,5091,6775,8605,1864,9137,8934,7271,0023,4116,5889,2555
5087/20,14/03/2020,Sat,4957,8849,2538,2654,3618,0935,8990,1637,7547,9537,5339,0646,6616,7163,3168,1946,5455,6509,8458,3132,6743,0964,9819
5088/20,15/03/2020,Sun,0583,0573,4588,0564,2641,2053,4894,1951,9356,4630,5262,9193,4007,0927,8770,9888,7922,5421,1749,2249,2102,7354,8274
5129/20,17/06/2020,Wed,6524,6075,1943,1633,9764,3491,9258,3453,5065,7094,9914,4189,1536,6967,9349,3989,6140,7089,2602,1965,9824,7489,7155
5130/20,20/06/2020,Sat,6032,0300,1417,7268,0634,0719,7876,6384,4649,4676,1592,2700,0188,5149,2823,8251,7948,8538,6914,7465,6833,5349,3344
5131/20,21/06/2020,Sun,3755,6160,8994,0283,3456,0486,9438,3476,4079,9371,0565,0670,9964,6246,1688,7352,8403,4529,3118,4101,1730,3797,9006
5132/20,24/06/2020,Wed,4419,9937,7879,1089,1778,6839,1389,8696,5204,0836,0065,6282,1930,8413,5914,7638,9719,4139,2512,1679,9658,9102,6724
5133/20,27/06/2020,Sat,1443,9049,7411,7571,8243,6918,4161,5747,1732,4053,7026,8555,5226,7694,3142,1282,0245,6049,6597,6718,4096,1936,8450
5134/20,28/06/2020,Sun,7081,9347,8564,9415,0068,8080,7675,8980,4660,1095,8424,0657,8395,3143,8216,6295,2315,1151,7453,6193,4051,2084,8182
5135/20,01/07/2020,Wed,4321,7476,6410,5440,0513,1307,4422,1094,2466,6121,6599,1303,1973,4681,7947,2834,0318,6496,5991,8602,2322,2420,7857
5136/20,04/07/2020,Sat,2999,0115,5808,8800,0793,4488,9952,1671,3808,1011,2639,3009,2761,6792,9926,8257,7643,0204,6606,7656,7991,8514,5049
5137/20,05/07/2020,Sun,2578,1211,6992,6629,8687,5007,0151,0083,5444,6528,8552,9308,0667,5583,2179,8657,5500,5814,9365,3721,9923,0646,4445
5138/20,07/07/2020,Tue,9334,8726,9189,9119,0375,4981,6887,3319,0099,6328,9707,7762,6161,1404,9980,6027,5410,4521,0790,2172,7299,4008,5811
5139/20,08/07/2020,Wed,5283,2475,9344,8609,9817,7203,4339,5013,0847,8850,2915,5836,7311,9145,7020,5110,7549,2183,1646,4860,7702,4511,7128
5140/20,11/07/2020,Sat,8655,6222,1269,4336,6381,1306,7381,7190,4322,4463,4594,7312,5686,4876,2489,2859,5535,8316,3502,8288,1593,4049,5247
5141/20,12/07/2020,Sun,0707,0695,6863,2886,4834,4546,2446,0830,8559,9140,5297,5371,0988,7203,1479,4531,3618,7948,1993,7293,3511,2227,6118
5142/20,15/07/2020,Wed,4934,3133,0203,0980,5535,4939,8576,8513,4066,8042,8019,3797,6758,4543,7322,6843,7175,9416,0534,2978,7005,3691,3510
5143/20,18/07/2020,Sat,5848,1534,6675,5743,3403,1980,1174,4702,8199,7051,9287,1823,1632,9770,5285,3818,6116,9984,9088,5443,0621,9941,7695
5144/20,19/07/2020,Sun,1793,9818,5181,5744,2268,5346,4426,0968,2231,4136,6478,7070,1197,6052,0459,4262,6265,3786,7040,8422,4272,0959,1041
5145/20,22/07/2020,Wed,2287,9157,9331,6821,0380,2084,6904,0210,6433,0012,8753,7379,6380,5167,6138,0444,7249,8999,5593,3126,6337,3059,5066
5146/20,25/07/2020,Sat,4673,4007,1836,8174,9112,1176,1937,5396,9243,8054,1949,2530,2444,6821,1571,7927,9180,3588,2786,6851,7809,9106,0440
5147/20,26/07/2020,Sun,3087,8147,8527,7157,0199,6664,9018,1237,1898,3369,6728,8626,5404,8276,4732,2613,4034,3227,7138,0097,6751,7207,3193
5148/20,29/07/2020,Wed,3396,4325,0933,4374,5813,7257,4872,3829,7233,2708,6661,6210,2935,5225,2675,1315,9491,8189,5945,4099,3039,2704,4535
5149/20,01/08/2020,Sat,8533,7218,3992,5239,1123,0903,6482,0813,4904,4000,2432,6720,0569,0732,1163,5538,9948,0734,8005,4174,7447,4449,0284
5150/20,02/08/2020,Sun,2783,5244,0098,0859,0349,9892,3785,9823,1128,1939,7357,0710,7508,7429,6551,9160,4725,9281,5610,3334,0472,2765,2118
5151/20,05/08/2020,Wed,4081,8061,9499,2956,4326,9812,2183,9271,7968,7042,4624,6148,5806,9373,5599,2596,0616,2191,9556,1749,3151,4864,0688
5152/20,08/08/2020,Sat,4973,4779,3181,4511,7649,7242,6569,4289,1328,8871,1683,3382,0283,4108,2311,2193,6157,2194,4619,7407,7327,1087,9050
5153/20,09/08/2020,Sun,3286,3795,7516,2477,4474,1208,0280,3641,7906,4203,1649,6262,0039,4259,5166,0838,1978,7239,1029,0200,4196,5767,3938
5154/20,12/08/2020,Wed,0057,2348,2431,0075,7776,7878,4814,6806,5096,2007,5521,8087,9346,0918,6098,6460,1159,9394,8369,2460,2437,2550,8084
5155/20,15/08/2020,Sat,3149,6980,5538,2033,4899,1999,4625,1013,7676,1205,9846,1486,2055,0055,6072,4810,3202,0498,9567,4605,9716,7831,5818
5156/20,16/08/2020,Sun,7730,7489,1651,1519,9731,3632,3651,7696,2586,9424,1595,5843,3157,4202,6184,7917,6391,1577,7423,2168,8436,7057,7626
5157/20,19/08/2020,Wed,9254,5001,3764,0571,4536,0988,0144,7000,5600,3456,2739,3531,3789,5631,0572,5143,0019,7861,4217,8829,5612,7698,1819
5158/20,22/08/2020,Sat,7850,4741,3317,5290,4711,9027,7923,0545,2575,4630,9964,7903,6327,1984,2261,9819,5342,1596,3026,1689,0058,4822,6797
5159/20,23/08/2020,Sun,7462,7333,4947,5535,0094,3360,6725,5699,4855,3413,2619,7550,8662,6350,9067,9293,8869,3647,1728,2859,0388,3200,3143
5160/20,26/08/2020,Wed,3324,0777,8316,2866,9580,4584,4557,2580,5009,2062,5826,1204,8730,8914,2069,5935,0668,4206,0447,8673,2261,2656,4308
5161/20,29/08/2020,Sat,6743,8022,6940,3746,6010,5490,3490,7780,2839,3927,0361,4706,3209,0437,6911,4687,4696,9124,3591,6899,1228,2425,0330
5162/20,30/08/2020,Sun,5692,4407,0832,1317,8363,2542,0194,7708,2512,7652,7662,2547,6387,8041,2708,9941,8484,2836,9697,5050,0438,6077,1423
5163/20,01/09/2020,Tue,0280,3451,5760,5494,9859,9298,9746,2127,2643,0527,8131,7130,8192,8315,5419,7857,4964,2611,6171,7238,7579,3937,1149
5164/20,02/09/2020,Wed,5964,8693,3076,8716,8157,7918,5017,1248,0697,3046,1169,0806,7343,8117,2499,9722,6547,9815,0574,8298,2802,8912,0103
5165/20,05/09/2020,Sat,7368,4822,9037,9356,6296,2766,1060,4021,4565,6945,2870,8521,1127,6351,3547,1204,6350,8177,8215,6015,6627,9541,5179
5166/20,06/09/2020,Sun,8635,3300,2848,7060,4088,1012,0429,8127,8378,8820,0756,3410,7400,3805,2965,2168,0345,9463,5949,3753,2388,1366,1972
5167/20,09/09/2020,Wed,8959,7147,7727,4892,4903,9455,5580,2439,6578,3172,4676,1101,7996,3308,2936,5194,4070,7809,9769,7104,7387,6503,9469
5168/20,12/09/2020,Sat,0322,9264,6662,9103,7567,6812,1174,2013,6510,4303,3912,9554,5499,2597,6339,6942,1923,8751,3703,5431,3329,3376,8221
5169/20,13/09/2020,Sun,3610,6870,1280,1121,8979,6602,4846,6076,3137,4811,1865,8942,9896,8460,2862,4500,9310,3805,9524,6574,4516,2151,5501
5170/20,16/09/2020,Wed,4511,0102,7207,5620,5275,5765,6419,1631,1773,4111,7799,4994,1251,3908,5290,2589,8065,5621,5532,4704,6034,9800,5834
5171/20,19/09/2020,Sat,5652,6071,5334,3567,3483,3168,3473,1200,3262,4033,3130,5635,1875,4271,6330,3962,5851,8265,4862,2080,5870,2784,7864
5172/20,20/09/2020,Sun,0724,1742,7875,7016,8076,8578,1512,0639,0624,5412,2123,8012,9177,6296,6106,1063,7243,6439,2634,3833,4772,1545,0756
5173/20,23/09/2020,Wed,9098,2976,9962,1761,8601,8815,7055,0615,4388,1940,1228,0665,6318,1153,5606,6924,2151,6443,7121,4973,6480,5414,4422
5174/20,26/09/2020,Sat,0947,8125,3230,3432,7882,2184,7501,7118,6744,2523,6356,1024,3886,5657,3459,9956,9010,1785,3342,2609,8059,9900,0267
5175/20,27/09/2020,Sun,5825,6024,4406,1049,4160,3672,8740,2443,0905,8426,6442,5847,5407,3126,9972,2254,2937,3025,1266,2244,1356,3220,9470
5176/20,30/09/2020,Wed,2858,3139,8656,8593,5928,2347,3505,9427,3731,0254,1408,5856,3525,3488,9064,0650,2265,6702,2449,3759,0090,1620,2558
5177/20,03/10/2020,Sat,5121,9580,0979,2937,1436,7154,8853,8886,0399,5054,0714,8879,6612,5966,3635,4017,2070,4587,3391,9831,4987,4796,0147
5178/20,04/10/2020,Sun,2104,1323,1472,7245,9388,0527,6245,3653,1206,9932,2686,7636,3689,6968,7138,7641,8513,1088,7712,4694,0334,0521,4640
5179/20,07/10/2020,Wed,7628,4153,9136,5110,4950,6814,0861,4591,3466,8793,6938,4025,0384,3238,3796,1085,8189,9802,3629,9210,6196,5060,3637
5180/20,10/10/2020,Sat,4703,4428,4476,3483,9663,9025,0763,2936,2537,6288,1750,1488,6633,5337,0892,7004,7270,8788,0717,9658,6507,8261,3834
5181/20,11/10/2020,Sun,3524,1609,9819,6614,8728,7564,1994,7683,7233,7155,4872,4146,8144,6227,6286,4678,4186,3614,0625,8096,1194,8517,5383
5182/20,13/10/2020,Tue,5814,5756,3993,5039,5781,0919,2123,9329,4597,4784,2255,8442,7132,0627,4334,0605,8602,1724,7456,5566,7318,5069,9147
5183/20,14/10/2020,Wed,5353,9763,0980,4004,6734,6429,1729,9288,6388,0853,1672,9158,5008,8022,5797,9422,2577,4291,3916,1652,5526,5345,0059
5184/20,17/10/2020,Sat,4672,4565,6978,0697,6845,0590,2349,8144,2301,8157,0648,4311,8391,1068,7359,2257,7574,0054,6168,1272,3913,4402,1308
5185/20,18/10/2020,Sun,4059,0098,3166,3529,6657,1097,6867,2537,9358,7257,4069,7291,2934,1764,5261,3263,2595,7687,9190,1591,5087,4259,2726
5186/20,21/10/2020,Wed,7217,7585,0882,4684,7978,6238,3339,6951,1317,1444,6728,8302,8356,6078,5134,5084,5352,7109,7191,6067,1087,1574,0865
5187/20,24/10/2020,Sat,7957,1397,0181,1990,5396,9104,4396,0048,2250,9190,1137,2493,4646,1816,3095,8569,9717,6789,6666,2594,0878,8915,1603
5188/20,25/10/2020,Sun,1005,1032,7578,7245,7272,9887,4574,9245,9024,2924,5060,4533,1061,0635,7045,6924,9434,2503,2136,2663,5342,9328,9104
5189/20,28/10/2020,Wed,1809,1998,8012,2877,1277,0713,6646,2156,3354,4080,5515,2980,3678,1466,9214,0085,4091,1902,8525,4158,2125,7861,0347
5190/20,31/10/2020,Sat,5407,9701,0174,3459,8480,8431,2033,7385,9133,9003,3424,5136,4927,6413,2320,2666,7494,5183,5519,9603,6126,0982,5689
5191/20,01/11/2020,Sun,3518,4745,9019,5088,0396,6957,2517,2244,9172,4817,9913,2722,9290,9487,0437,0762,8599,0411,6088,9005,3376,1705,3592
5192/20,03/11/2020,Tue,0922,0723,9934,6579,4214,0116,0854,3466,8845,1992,2198,3346,5092,2855,8135,8989,6017,0384,3763,3097,4964,9906,0765
5193/20,04/11/2020,Wed,5447,1616,0171,9527,0617,7508,9513,6134,4965,3067,7421,6049,1115,0005,7737,5194,3713,9136,3492,1028,6605,2740,5513
5194/20,07/11/2020,Sat,4783,2949,7915,7151,4962,8640,3362,1718,4498,4086,0601,0877,6071,8848,5658,4310,6477,1734,9202,7524,4700,2654,5779
5195/20,08/11/2020,Sun,4722,7357,3171,1278,5231,5698,9574,0231,3753,5114,3984,8956,4179,2232,3649,6420,1092,9888,5804,0325,0629,1076,4213
5196/20,11/11/2020,Wed,9218,4850,7600,7659,6992,6703,4019,5518,1871,9560,2816,0452,4194,9596,3018,3511,0975,4994,3803,4612,4898,5927,5329
5197/20,14/11/2020,Sat,7945,2305,7265,8032,5240,4050,7981,1449,8097,5812,9435,9347,8859,3906,1572,5208,6562,6203,5288,5449,7568,3675,5469
5198/20,15/11/2020,Sun,6624,2293,0694,2462,1404,5630,6053,4266,8832,4240,1062,4806,4634,8616,3278,5500,0418,5182,6923,5968,1527,7869,1307
5199/20,18/11/2020,Wed,8290,5534,0910,6507,8283,3622,3176,4535,8805,5763,8529,9168,8133,1619,2051,6548,9192,6744,4316,6677,3777,6239,2085
5200/20,21/11/2020,Sat,4965,0061,8701,9215,8808,7718,3565,9556,4287,9129,3720,6767,5999,8834,3057,1131,1365,0183,8729,3354,9116,4234,5862
5201/20,22/11/2020,Sun,2775,4520,5101,6513,5081,0007,8402,6552,9589,4764,3533,5345,2031,9860,6030,2562,3606,4799,7352,7355,6878,0331,7754
5202/20,25/11/2020,Wed,7724,1557,5934,2646,8742,6651,6366,1357,2029,7143,6473,4424,9950,9051,4245,1169,6266,3121,2782,1467,6482,1763,0188
5203/20,28/11/2020,Sat,5056,3088,3421,0367,4707,7149,8441,8234,5220,4745,4280,8435,6497,7791,2725,6035,5811,2671,4622,4638,8455,1051,7940
5204/20,29/11/2020,Sun,8137,9179,6360,9253,9857,4011,1212,5334,0856,5333,9039,9236,7417,6833,7252,8358,1767,5082,3356,6403,3648,6630,9482
5205/20,01/12/2020,Tue,0003,8192,4466,6856,5705,1571,9721,8012,0749,1602,3529,7454,1091,8045,8230,5404,1441,3127,6116,5401,8074,3390,8711
5206/20,02/12/2020,Wed,9391,0567,9628,1743,1703,7321,3060,7170,4740,3496,5553,6708,9535,2748,8030,8431,1359,9756,2651,5317,7006,2604,6827
5207/20,05/12/2020,Sat,0008,8546,7314,0083,6185,1460,8768,1793,2389,1158,1635,6903,6262,7417,5681,8089,6297,9942,3336,7233,9123,7302,5136
5208/20,06/12/2020,Sun,9217,4152,5619,9361,9039,9719,9513,0006,0486,6946,2582,7170,9622,7512,4680,5628,3765,0193,9755,0672,9542,3865,1130
5209/20,09/12/2020,Wed,2950,9530,6336,2033,9930,4275,1996,9317,2082,0206,8957,4085,2120,5219,7983,5381,2319,0311,5138,8083,7225,0158,8587
5210/20,12/12/2020,Sat,2359,3283,5712,9962,9834,4558,7575,0767,2436,5220,4457,1119,0075,2888,5771,8388,0753,0542,5320,6035,9257,7932,5601
5211/20,13/12/2020,Sun,1356,7794,9844,8990,5369,5973,4481,4403,1769,2693,2046,0255,4932,7572,7829,2072,7531,5118,5454,8667,4371,2632,6027
5212/20,16/12/2020,Wed,1066,2769,8214,2371,1723,1815,4368,4396,2998,9327,6677,3999,0764,6613,4711,8101,5181,0035,1678,6794,2190,3052,8865
5213/20,19/12/2020,Sat,8978,4231,9166,7868,9098,6316,4545,5069,6551,0516,6424,5367,9847,4418,1113,5906,3256,9136,4781,9687,3933,5679,2908
5214/20,20/12/2020,Sun,4458,7740,3684,0067,1014,5669,7642,6364,2484,6877,3958,3666,7066,0527,0310,4771,1907,4566,1414,2306,1885,7629,0611
5215/20,23/12/2020,Wed,6860,6068,8741,5595,7253,5424,5360,3521,6755,3827,7391,4784,9895,5102,2842,3002,2299,0041,4011,9459,2570,8258,8803
5216/20,26/12/2020,Sat,3770,1238,2980,5786,1038,5066,5540,5374,5841,4460,4333,6602,9563,2599,2908,8903,9830,3496,0378,1700,1045,5686,2474
5217/20,27/12/2020,Sun,1640,2813,7700,1903,5833,4394,2196,4388,3177,0314,8508,9461,6279,8665,5435,9067,2280,3944,5137,8970,4828,9246,3762
5218/20,30/12/2020,Wed,0659,6835,9582,6672,0584,8459,7382,9600,4868,3797,0596,1262,5114,4468,4062,7073,9698,9373,4036,5865,4671,4762,5879
5219/21,02/01/2021,Sat,5220,0703,2794,7148,1422,5635,1345,0870,4073,6738,4106,5671,2292,4088,4032,3019,9606,2668,8753,2044,7844,8005,6460
5220/21,03/01/2021,Sun,9192,5730,3833,9427,5831,8585,5472,7789,5295,2599,0494,8926,5328,6798,0840,5868,0467,2540,1128,4678,2775,9979,4126
5221/21,06/01/2021,Wed,1276,3409,2331,2720,2248,4276,2823,3652,4449,8815,3291,2915,3692,9257,2935,8463,0751,6505,5836,1802,2225,7119,0688
5222/21,09/01/2021,Sat,8762,0869,6103,7247,2723,1282,4105,6800,0284,0915,9327,0756,0966,7389,3364,2877,0319,9990,6697,8352,7245,3802,2505
5223/21,10/01/2021,Sun,3904,5851,2809,2676,2444,4407,2265,3227,7710,1940,2994,2331,6964,2012,9980,7915,4636,0798,4004,6750,5822,5480,9924
5224/21,13/01/2021,Wed,0133,6008,9826,8394,9296,6841,0684,4529,0203,4779,1624,9654,5692,5768,8074,6899,8402,2260,1842,6453,9568,8410,1297
5225/21,16/01/2021,Sat,8992,1794,7281,4939,5447,9535,5636,2448,3212,3916,4364,9552,1136,2092,7634,3369,4823,9203,7227,9731,3221,1811,5501
5226/21,17/01/2021,Sun,1246,7530,4503,2281,6171,1387,0501,1713,3405,8809,8907,5550,5039,2611,4515,4614,5926,7697,1724,8249,7658,9708,2798
5227/21,20/01/2021,Wed,6136,5865,9025,0596,2882,3349,1740,8970,5357,8350,6708,7068,6206,9991,9763,8999,0937,5066,6606,5550,5412,5664,8783
5228/21,23/01/2021,Sat,5708,7913,9818,4772,2451,5146,0917,4669,2459,0995,4845,7833,6451,7734,1880,0463,7516,1494,0654,1341,0344,2907,5149
5229/21,24/01/2021,Sun,7695,1424,2152,9255,9657,1740,8094,5320,2487,7771,0785,0100,9231,9957,5334,7575,3887,9281,1483,8670,1661,0843,9103
5230/21,26/01/2021,Tue,4862,7538,4604,1696,0066,2089,7067,9674,1082,1844,2268,7335,3740,8940,0836,0995,9988,1331,0092,6933,2789,3456,5718
5231/21,27/01/2021,Wed,1340,8424,2070,8298,1670,8216,5417,1896,1285,5442,3611,3009,0390,5448,0172,9182,4994,7368,6471,7765,2644,2041,4027
5232/21,30/01/2021,Sat,4423,2815,0852,9018,3207,6280,3519,1153,8042,7295,0050,3687,3182,2012,9772,9125,5626,0172,5860,5535,3751,5396,8743
5233/21,31/01/2021,Sun,6286,0127,7526,6205,4857,0972,9095,4699,4892,0548,9371,7735,3261,0990,0244,2883,2488,7868,4080,3963,9422,5342,6190
5234/21,02/02/2021,Tue,3915,9117,0494,4366,0003,1212,1216,5646,4642,8695,4251,2438,6367,3975,1378,0650,6204,4673,1611,3079,7772,4256,3197
5235/21,03/02/2021,Wed,1295,0038,1510,3524,3675,5156,3130,6331,8832,3501,4652,5143,0215,0997,7935,2545,2026,3650,5588,5394,4536,4269,1210
5236/21,06/02/2021,Sat,6314,0187,4359,8481,8312,7936,3007,2590,1628,9998,9460,7710,1832,9663,8745,0670,5710,1288,1090,4130,7198,8742,2092
5237/21,07/02/2021,Sun,2478,7044,7391,7785,7415,1170,9699,3812,6927,6701,2181,5939,6564,0501,1402,7268,1538,6629,1913,2894,2255,5792,9029
5238/21,09/02/2021,Tue,4725,0100,6483,1302,1162,2825,1965,0717,5875,6121,5734,6283,9977,4214,6224,6235,7281,0226,9752,0045,3942,8230,7329
5239/21,10/02/2021,Wed,4959,9923,0350,2784,4053,0482,4883,1636,5651,8562,6486,5919,4795,1347,7524,5522,3169,4350,8415,1427,1805,3086,2079
5240/21,13/02/2021,Sat,2502,3079,7311,9708,1024,5968,0636,3488,0239,1495,8951,2153,2313,9531,9830,8647,9425,8651,8035,4687,0305,8881,5055
5241/21,14/02/2021,Sun,3389,7888,5337,4784,0442,1053,5220,6786,9906,3064,7564,0189,9443,6646,5336,8422,2457,6757,8656,7753,2647,3599,8897
5242/21,16/02/2021,Tue,9619,7545,4152,9883,1701,5255,7683,6966,7443,7151,8329,3885,3688,6666,0018,1070,9957,3998,0109,0489,8125,6250,5098
5243/21,17/02/2021,Wed,1298,9653,8610,9684,5903,2461,8080,0348,9932,8964,7603,5839,8182,6399,3834,9877,9239,2627,8782,9284,7138,7453,8248
5244/21,20/02/2021,Sat,5356,7059,2165,7488,7745,5337,3631,7881,4289,4403,9198,5825,5025,0043,8091,1935,9304,3789,1500,5671,5537,5264,9494
5245/21,21/02/2021,Sun,1369,5633,3402,2161,4221,9795,0929,3341,4241,1452,0961,3054,0892,8110,9339,9477,0928,0679,1286,3663,4524,9897,6590
5246/21,24/02/2021,Wed,0971,9898,5582,8581,0144,4174,9336,8355,4922,2089,5837,3905,5128,9305,1721,1320,3793,2317,4832,1526,9213,2010,6865
5247/21,27/02/2021,Sat,5597,4366,9967,1888,7472,8613,3278,5525,6212,7064,2782,7204,4795,3622,4739,4462,1763,6017,0651,9154,0259,3043,1782
5248/21,28/02/2021,Sun,5777,5952,8135,8785,6208,8156,2396,0774,2083,2627,4403,8987,5420,9151,3941,8763,8145,5586,8292,3171,2746,9233,9951
5249/21,02/03/2021,Tue,2888,5015,7128,3618,8805,3009,5574,3124,7646,6145,3382,0138,1244,3083,1883,7562,8433,2129,3068,0779,0549,6554,8137
5250/21,03/03/2021,Wed,5333,9297,2349,7877,5511,8809,2819,4631,6367,3669,8671,5836,3112,4611,6760,0897,6140,6724,0780,7974,6214,8395,4296
5251/21,06/03/2021,Sat,3819,0058,8391,7736,5454,1001,7959,0068,6179,7856,9862,7348,6173,0862,0124,7141,7149,6650,5448,8179,1275,6454,8980
5252/21,07/03/2021,Sun,2020,0371,4089,1260,8234,4260,5517,7805,4327,0702,1746,2470,7208,0090,8356,6905,8506,0834,9750,8352,4578,2827,7589
5253/21,10/03/2021,Wed,9008,4043,6201,0883,7099,2061,5750,7601,7864,5328,6261,7929,3312,8197,2999,6183,7095,2055,6209,5119,6501,9109,1094
5254/21,13/03/2021,Sat,1098,6155,0734,0256,2710,3405,9845,2441,0068,0889,8574,5033,1874,2278,9813,6263,9142,7876,1431,2978,7235,8086,0707
5255/21,14/03/2021,Sun,6964,9033,4176,2362,6369,1680,8907,8360,1651,5719,2132,1807,5716,8992,3934,0527,9435,1021,6427,5826,0296,8789,3653
5256/21,17/03/2021,Wed,1541,8477,5641,4342,8334,7960,4520,1524,1673,3872,4125,2903,7689,6701,9332,6667,4292,5000,2416,6826,4153,9476,0248
5257/21,20/03/2021,Sat,1860,7596,1431,8046,3901,6116,0635,8902,7297,9018,9743,5439,4274,5726,9114,0728,1292,4352,5198,2673,0156,0457,5613
5258/21,21/03/2021,Sun,9687,4958,1011,0207,9493,3678,6264,0033,6512,0819,2912,2559,3280,5502,5470,8889,8111,0425,3368,8229,3627,5263,5404
5259/21,24/03/2021,Wed,1096,6446,7633,6936,0627,7236,7471,5482,9991,3455,6600,3006,0689,3817,6131,6349,7420,0001,5555,5914,6702,4904,3494
5260/21,27/03/2021,Sat,7973,8132,1966,0979,9403,8896,3228,7972,1224,6401,1130,6322,0483,5076,1833,9318,7451,8000,4270,6482,7521,6859,5126
5261/21,28/03/2021,Sun,0375,9593,6249,9402,2104,2025,0151,8804,6145,9763,1222,3472,7048,9471,9415,9481,5113,2146,5739,9998,2908,2854,2774
5262/21,30/03/2021,Tue,0579,3942,0658,8801,9164,9722,0044,2825,4186,5689,2758,9412,7811,0203,1849,8043,4692,1152,1541,2557,1970,0220,8208
5263/21,31/03/2021,Wed,7409,3239,0358,6874,1587,8259,9794,7944,0878,1058,4929,5671,6409,4060,4380,8055,8140,7327,7604,5086,8144,8108,7340
5264/21,03/04/2021,Sat,1119,2038,7569,3202,6053,3721,1108,4819,9075,9189,8841,5243,6580,1949,6886,5152,5987,7250,2443,6889,8580,0707,6080
5265/21,04/04/2021,Sun,0400,2811,2806,5240,4789,4999,0754,2775,9691,4119,6333,7006,3580,6763,0700,9376,3762,6191,8922,8570,1888,4802,8330
5266/21,06/04/2021,Tue,6822,7481,8641,2213,0954,4605,8570,4285,0140,4137,0451,8060,3230,9271,8139,3146,1929,2886,8453,7381,3070,3061,1901
5267/21,07/04/2021,Wed,2235,6705,1461,8064,4317,5292,0981,0221,5354,1431,3402,7399,6270,2741,6987,1808,5825,1747,4024,1529,8526,5226,8026
5268/21,10/04/2021,Sat,1702,4252,9018,9749,6371,2600,4454,4881,3909,9108,9983,6060,6332,7871,5280,0656,2716,4305,5393,8472,5558,0299,3282
5269/21,11/04/2021,Sun,8515,8718,6610,1789,8310,6362,0676,8755,3595,4837,5870,9710,7247,8043,1564,4128,5216,9656,2246,8191,9785,7770,0134
5270/21,14/04/2021,Wed,1361,0308,9741,2428,2405,4464,0634,2687,6941,6019,7555,1671,5123,0016,8050,5640,8535,1182,6335,3438,4704,4099,6441
5271/21,17/04/2021,Sat,3564,1070,3929,6232,0583,2077,8333,4385,0665,5672,7107,7924,2740,6428,1251,0567,0745,6368,9572,9749,4244,1149,3233
5272/21,18/04/2021,Sun,5697,3723,2508,8862,4802,0873,3741,2434,3637,1253,9472,5469,9533,8935,5187,4468,9066,8934,6306,9025,4473,8133,6323
5273/21,21/04/2021,Wed,7775,7866,5534,2564,1212,1685,8291,2828,0997,3996,3802,7413,7516,9627,4855,7313,4791,5680,0234,0598,5406,4055,8477
5274/21,24/04/2021,Sat,1968,9477,1692,4341,0597,1099,8494,7955,0960,4665,5917,3046,8071,8810,5495,4688,3499,6951,0798,1739,1431,0223,0495
5275/21,25/04/2021,Sun,9492,2529,8448,2676,9298,6298,3393,1824,8575,9403,0289,9578,4993,7851,5480,9472,4262,5370,8698,6695,9205,1722,9928
5276/21,28/04/2021,Wed,9433,7441,8106,3015,5298,2613,0838,0326,8428,1656,1272,3207,2316,2718,7175,0248,9285,9084,8890,8137,7170,1694,9008
5277/21,01/05/2021,Sat,2270,3598,1560,3823,2778,4239,4891,3682,5277,6462,1358,0823,3008,9595,3023,9964,4694,8342,9661,7588,4478,3755,4875
5278/21,02/05/2021,Sun,9535,2420,8604,5416,1293,3993,1674,3329,0533,3928,6176,0012,5657,8029,3797,8621,3285,9439,0201,8661,2277,9235,6980
5279/21,05/05/2021,Wed,2611,6265,4255,6391,6839,6049,8441,6661,7512,0517,2736,7504,6460,2044,3629,6780,2232,2080,2901,8230,7311,2475,7869
5280/21,08/05/2021,Sat,5489,6424,6311,4347,9117,1640,5818,7614,7010,0113,4517,2207,3835,9925,2134,1279,3232,4227,7025,7512,6145,4874,6475
5281/21,09/05/2021,Sun,8859,4287,7516,4747,2483,1597,0193,8091,3961,3624,2416,5611,3504,2779,9068,9961,0090,2790,8599,4560,8075,0943,7911
5282/21,12/05/2021,Wed,4558,6224,5982,9487,2105,6216,3207,5271,2894,4225,6649,3126,6257,6630,1346,5727,7427,9149,1172,9365,5017,5914,7246
5283/21,15/05/2021,Sat,3706,0057,5585,5806,1782,9309,4247,4832,4593,5124,9991,6689,2820,5389,2418,2327,0341,0766,4622,5124,0520,5557,2166
5284/21,16/05/2021,Sun,6435,7385,4060,3463,4003,6970,8343,2045,6054,2857,3797,2153,4921,6111,3466,8799,0463,2824,4625,7364,9538,1907,1159
5285/21,19/05/2021,Wed,6500,9212,2717,6551,4662,1332,1282,0713,9309,6654,6097,0713,8293,0893,9396,4091,9515,9725,7546,0012,3517,7382,3332
5286/21,22/05/2021,Sat,1637,4342,4316,7189,0764,5892,2891,0130,4370,0166,4638,3662,0255,1943,4827,1269,4984,4178,1022,4393,4074,7690,8986
5287/21,23/05/2021,Sun,6790,5778,4986,7375,1481,6242,0142,9129,8323,9921,5018,2299,3187,9738,0091,1479,2439,7438,0227,1665,2209,2284,8600
5288/21,25/05/2021,Tue,3045,6740,3311,9874,9756,1636,9775,2403,8857,4081,9781,7071,1881,2847,8068,1937,1964,8164,7055,3017,5781,7240,0060
5289/21,26/05/2021,Wed,9995,8546,4876,7400,1226,8644,5380,1575,5298,8215,4209,7153,2515,7079,6327,5263,1751,4834,8905,7664,6106,0206,8799
5290/21,29/05/2021,Sat,4268,3627,5700,1176,9524,2303,9251,7589,5577,5322,8990,9712,0781,2724,0813,9646,1504,3162,6649,7403,1276,9297,3575
5291/21,30/05/2021,Sun,4800,6728,1510,8092,8264,5520,7991,2336,5564,2660,9305,0712,1426,6019,0382,7720,8785,3859,2327,3886,1674,1502,2553
5344/21,15/09/2021,Wed,8628,0899,4257,6096,5598,6628,9517,8334,6221,4901,7474,9997,4774,7897,7913,2978,7058,4959,7681,1776,1152,9751,2809
5345/21,18/09/2021,Sat,9677,6317,7370,8159,5780,1773,4773,0947,1267,0165,9953,7799,1905,9073,9893,3371,2675,0186,3735,7805,1888,0083,6268
5346/21,19/09/2021,Sun,1819,9091,3814,4721,2649,9955,6918,4207,3449,9099,3309,4339,1365,7584,0462,2924,9124,2101,0186,3057,2344,9873,6659
5347/21,22/09/2021,Wed,6653,7543,1330,3978,9029,4250,5735,0054,9870,8215,3079,3143,7552,5185,0338,2403,9156,7563,5002,8715,4714,1507,7584
5348/21,25/09/2021,Sat,7917,8085,8616,9677,1969,9151,5494,2257,7524,4917,7023,6785,4179,2605,1955,6854,2722,9266,0456,8629,4621,0217,2748
5349/21,26/09/2021,Sun,2463,6832,4858,9871,1210,8554,6550,0134,2981,9132,8357,5352,9934,7890,0478,3706,2489,3465,0278,5847,1726,9335,5311
5350/21,28/09/2021,Tue,3070,2410,4487,3681,1666,7668,0621,2081,0025,2474,4151,2832,3373,2439,7568,6122,2171,6341,2315,4540,1922,6505,1250
5351/21,29/09/2021,Wed,8336,2818,6443,5779,8400,5230,2710,5021,7823,5173,6916,6537,8486,1340,6675,6252,5662,6931,7977,7554,5948,6112,0189
5352/21,02/10/2021,Sat,1263,1953,1974,0808,7616,8214,3013,7564,6693,7252,6188,0026,1123,0748,8555,6993,5908,8921,1806,6531,3976,4822,9003
5353/21,03/10/2021,Sun,8491,5587,7473,1481,4898,2468,0676,1998,2265,5257,5025,5067,9794,8272,1921,7632,4556,1844,3723,1759,1970,1298,1705
5354/21,05/10/2021,Tue,9717,1479,1358,1182,0161,4816,8774,3171,8215,1901,5711,5177,9995,6127,1516,5209,7064,5558,3424,1291,5677,2347,7043
5355/21,06/10/2021,Wed,5025,5234,7322,8237,7636,0881,4754,5506,0687,2150,7455,3711,9207,9504,3647,5242,4614,9937,8658,3914,9654,8090,2309
5356/21,09/10/2021,Sat,8898,2539,8873,7575,4659,3109,9005,1730,0732,6931,8916,7239,3518,0557,6737,2392,9589,5108,1436,0581,7453,6398,7975
5357/21,10/10/2021,Sun,4306,6503,1255,1173,2547,5637,1571,0132,7394,2347,0433,3442,9900,3452,5306,1251,5708,7973,5106,1392,2847,7794,8230
5358/21,13/10/2021,Wed,7125,8631,9260,9450,3699,7201,5526,4613,2658,1085,2011,4914,8284,9000,8390,7975,3783,7130,7050,1554,2319,4658,4494
5359/21,16/10/2021,Sat,8127,0884,9209,1556,5811,7083,9003,3582,8156,7966,0582,3891,1172,5591,4469,2652,9497,2350,8298,2909,7167,9600,2201
5360/21,17/10/2021,Sun,5694,5580,7681,8722,7560,5793,7337,8312,3854,5648,0197,8571,7277,7874,0784,0811,8016,6380,7217,5883,5477,7558,7563
5361/21,20/10/2021,Wed,4264,5407,6916,9289,0107,5044,4050,7862,4124,8384,8075,1918,9929,4980,0900,9225,8286,3295,3973,7189,0523,6562,0936
5362/21,23/10/2021,Sat,3052,7802,1923,5873,5613,3163,5626,8372,1525,0251,9245,5189,7295,1346,2147,3758,9431,5197,7399,7296,4630,4015,8396
5363/21,24/10/2021,Sun,9219,6889,5480,5125,0213,5765,5795,6495,5604,2346,2162,0224,0639,9382,5995,1577,1973,8626,0845,8371,6137,4658,1359
5364/21,26/10/2021,Tue,7156,5376,7208,0049,1736,7639,1683,1214,3314,6953,9895,0774,4638,7297,2669,5829,1081,2764,9504,9494,1744,4706,7846
5365/21,27/10/2021,Wed,8032,5683,7851,4716,0111,1110,7853,4393,3551,2949,4859,7375,6671,9475,8450,1255,6798,2000,0333,7844,4510,0590,0576
5366/21,30/10/2021,Sat,2148,0601,5713,1661,2666,6099,7332,5134,7901,1415,1516,8716,7338,2190,8196,5635,4730,7493,4431,9621,3403,6551,6701
5367/21,31/10/2021,Sun,7812,1637,0090,0030,4394,3979,8055,2850,6239,5343,9647,3998,2078,2011,4572,1728,6329,9025,1121,6235,7380,4256,9713
5368/21,02/11/2021,Tue,3959,9065,3991,1114,4415,7591,0074,3729,2679,2657,0735,2224,3228,0393,4007,2329,7647,7440,6411,4574,3399,9438,9248
5369/21,03/11/2021,Wed,6450,9460,2180,3500,9208,8394,9325,6080,6229,4808,8895,0815,3170,4658,0725,0475,3439,9347,1004,8814,5624,7465,3364
5370/21,06/11/2021,Sat,6793,7936,6349,9098,7221,2851,3729,0598,1813,0998,8701,9249,4094,6478,9098,8277,0276,1432,4852,0699,8642,1737,2746
5371/21,07/11/2021,Sun,9814,3787,7798,5427,3251,0997,6800,1964,7244,3516,3671,4986,6216,9314,9586,3012,5424,5211,2371,4731,0613,2079,9423
5372/21,10/11/2021,Wed,6783,6585,5101,9217,2676,3250,3319,5307,9463,9753,9370,4364,9285,9088,5504,7314,7532,7220,3467,3213,3061,0394,7532
5373/21,13/11/2021,Sat,8945,5113,2699,8348,5146,1226,4002,1698,3357,8503,9612,4335,7179,9585,1507,2211,0644,5117,7820,0510,7998,5960,1356
5374/21,14/11/2021,Sun,6131,6433,3457,6615,4102,5786,4429,0554,1096,6749,6164,7932,2546,9557,7782,4423,2767,8839,2988,9450,9872,2220,2930
5375/21,17/11/2021,Wed,8229,6309,8758,7699,1532,6548,3209,7172,6031,3161,1367,3964,9031,0645,7415,7480,1806,7664,5697,7189,4700,9372,9504
5376/21,20/11/2021,Sat,0558,2100,6498,3658,3031,4536,0368,4647,0943,3576,2487,3854,7633,5901,8171,5300,8315,0073,9409,7738,6955,2172,0490
5377/21,21/11/2021,Sun,6733,8571,0977,1758,2288,1280,8427,6100,7091,1285,8588,3928,2179,1486,6647,0171,1149,6691,3499,2316,8876,6179,8647
5378/21,24/11/2021,Wed,6138,9855,8590,2506,5598,3363,3294,5097,8842,2746,2692,0462,6217,6536,4541,6274,2040,5207,9965,6093,1941,3891,1798
5379/21,27/11/2021,Sat,6247,1084,4075,8293,3823,5994,6797,7324,6744,6758,6657,4276,4578,1496,8424,7582,8814,2551,4311,6368,9451,5157,4855
5380/21,28/11/2021,Sun,2617,5522,4776,0297,6088,0337,7253,4374,5167,3930,1407,1118,1323,8912,5418,9738,2516,0833,6079,3447,6405,0700,0555
5381/21,30/11/2021,Tue,3627,3096,7803,7570,8777,2863,8540,7048,1657,4994,3587,0065,6171,4839,3518,6125,9418,6703,6724,6852,7923,8295,2316
5382/21,01/12/2021,Wed,7532,6792,6505,9696,6481,9223,1385,4187,3612,7372,5050,6716,6403,3792,4163,3504,4133,6545,5261,6284,9646,8465,3622
5383/21,04/12/2021,Sat,2607,3836,8540,4848,8080,8018,6807,6238,2486,0771,0504,2154,9826,6737,6982,3010,8217,5414,7137,0145,2421,2362,4997
5384/21,05/12/2021,Sun,1635,7492,6019,5295,2741,0482,7006,8132,8463,9402,3078,0863,7792,2474,7333,9239,7467,7016,5916,2106,8584,1789,4330
5385/21,07/12/2021,Tue,4639,6922,6676,5271,1713,0473,0227,2671,2250,7284,7747,3505,1156,9734,0955,9792,6117,6947,9976,5670,1412,7253,9914
5386/21,08/12/2021,Wed,8128,1211,0287,7649,4181,5522,9241,8835,7188,5081,2301,3470,7892,6198,9287,6095,5490,9125,6038,9326,1350,5679,4781
5387/21,11/12/2021,Sat,2899,2093,5562,5768,7794,8404,3020,9378,0870,1049,1329,7613,3170,2902,3170,1083,7939,4531,8300,8089,1379,4365,5909
5388/21,12/12/2021,Sun,0436,5107,9944,2291,8945,4647,7228,5580,9122,7006,1341,0214,8606,2032,1406,1573,4359,1270,6801,4196,7765,1499,6901
5389/21,15/12/2021,Wed,1138,0886,2059,1298,1844,1327,9516,5899,1433,1912,0303,4733,8682,3493,7669,8406,5734,7835,5327,4605,8416,7601,0333
5390/21,18/12/2021,Sat,7697,0582,9478,7943,7761,6370,0172,0726,9000,4013,1575,0429,0269,1776,8543,0452,9522,7734,9194,8382,6106,5781,8248
5391/21,19/12/2021,Sun,4828,7042,4429,0093,4193,3859,9781,7814,7343,9454,6713,0423,5449,9330,2557,3014,2132,5898,5644,3719,2854,7552,6742
5392/21,22/12/2021,Wed,6776,0884,8531,9925,1256,9574,3781,4469,1898,0059,4469,3139,8709,1508,3643,1724,8411,6241,1648,9507,9226,6376,3004
5393/21,25/12/2021,Sat,2670,2673,4418,1524,3313,1264,9779,5546,0850,0327,1430,4367,7313,5662,5629,0267,2135,4572,2663,5114,9642,1204,0278
5394/21,26/12/2021,Sun,3965,9688,8577,1431,3545,7533,4565,5590,3266,2476,8054,1720,2100,6593,6329,7501,8490,6693,9289,6515,8852,1539,5786
5395/21,28/12/2021,Tue,7221,4947,3344,1482,1513,3673,9477,2417,7423,9165,1558,5317,6144,6638,9647,9002,5806,8747,1600,8234,1845,9410,5378
5396/21,29/12/2021,Wed,8138,3429,1581,3960,0516,5406,3884,9944,1526,4977,2648,3222,8410,8482,0331,4759,1523,8541,4738,0836,9833,1731,8808
5397/22,01/01/2022,Sat,0086,9763,3395,8542,5244,9760,5083,5394,8548,3578,1137,2398,0445,1043,3128,5478,9260,5566,6678,4723,8000,3594,7615
5398/22,02/01/2022,Sun,9968,2356,1590,6003,9644,1330,3516,9920,1684,2419,3025,0763,7954,8300,3398,5947,5633,1510,9577,5387,0841,5321,5879
5399/22,05/01/2022,Wed,1908,2137,5273,2437,4598,4287,3491,9891,2899,9067,7719,0709,9711,3701,6557,7513,5465,4189,7323,9490,5414,3137,8423
5400/22,08/01/2022,Sat,9922,2121,1519,0073,7644,1213,9746,8655,4045,2326,0781,1909,9133,3431,7582,3739,2697,0537,4585,0244,7942,3114,2445
5401/22,09/01/2022,Sun,7526,8322,7585,7174,3071,8155,5125,4246,6406,3412,9511,8304,5608,2849,7675,8819,9117,6481,6711,0928,2605,5574,8398
5402/22,12/01/2022,Wed,7350,8200,9549,6836,0613,8406,5175,5913,9989,2985,7860,0858,0679,1020,4637,4230,9760,7967,5156,7142,3661,4562,7700
5403/22,15/01/2022,Sat,0374,7860,2663,1708,6617,4432,6697,4799,6102,7775,6435,1082,8146,3488,9108,2034,4905,7574,0226,3136,7589,1886,0475
5404/22,16/01/2022,Sun,9726,4505,8135,3561,3804,1073,0601,0173,5777,2539,3902,9497,9186,8228,9756,3182,3887,7237,7481,1509,2677,3806,2510
5405/22,19/01/2022,Wed,7628,9297,4891,7549,6743,0759,2603,7758,3976,7697,5095,4156,7667,5139,9858,4844,1816,6390,2460,5759,8352,1282,5184
5406/22,22/01/2022,Sat,5600,9120,6891,3544,2239,1036,0340,9984,2500,5344,9212,1242,9342,4553,9058,6747,5815,5072,5236,6447,3826,4577,8111
5407/22,23/01/2022,Sun,7232,7812,2480,0216,3233,3031,2370,3941,7554,4102,5284,6255,3024,0473,6960,3447,1816,5243,6418,2429,5844,8509,7800
5408/22,25/01/2022,Tue,5171,7294,5832,7261,9842,9739,1209,1467,8757,2391,5810,1316,5227,2958,9928,3631,3655,8645,4738,9864,6908,1170,1850
5409/22,26/01/2022,Wed,8689,1251,5802,2985,5267,9712,0868,7807,9718,9000,6550,6536,6926,8262,4127,0864,8348,4337,9253,2972,3754,9519,1224
5410/22,29/01/2022,Sat,8182,2114,9871,3335,5653,1812,5503,5310,9234,8864,0841,6947,0275,5765,0869,5877,0160,5120,0107,3023,8970,6360,4241
5411/22,30/01/2022,Sun,0251,1292,8111,7166,6149,5676,6301,5207,3242,2205,0765,9177,9988,4080,6972,5337,9173,4805,4720,8152,8805,5028,8625
5412/22,02/02/2022,Wed,5685,8977,6755,1198,6196,5904,3310,4159,7938,4458,0394,7348,5459,9165,0346,6047,7171,0715,0733,3528,8751,4026,4066
5413/22,05/02/2022,Sat,9958,7361,2240,6848,2874,5092,0199,9898,9387,7323,8021,4130,4954,1651,6877,4377,0761,7249,1547,3562,0587,7777,3259
5414/22,06/02/2022,Sun,0344,2202,3150,8179,4833,2147,6557,2263,8180,7075,9028,7268,5491,5149,3796,5262,6663,4426,3487,3381,9901,8747,0946
5415/22,08/02/2022,Tue,5019,7976,5501,4705,7630,0688,7621,5107,3461,2185,4898,9720,7179,9383,7291,5450,5277,6348,0855,0029,4092,4109,0937
5416/22,09/02/2022,Wed,8355,8998,7465,4409,6484,9239,9979,3205,2709,7075,8003,6677,3587,2819,1161,0885,2649,0294,3571,2817,3437,5174,7739
5417/22,12/02/2022,Sat,9403,0037,6916,4193,8263,9115,4137,7675,2782,5724,7517,0479,7703,5078,9436,8462,1097,5537,8334,6064,1906,2202,4641
5418/22,13/02/2022,Sun,5167,2374,7115,2248,5014,3033,5336,0564,4796,2610,5932,2841,1233,3089,6081,1298,8705,9293,4994,7848,5465,9540,7824
5419/22,15/02/2022,Tue,6576,8548,3444,0362,1854,2888,3598,5447,8334,4365,7459,9416,0460,5473,3938,0080,9953,8449,5176,7066,0217,9183,0385
5420/22,16/02/2022,Wed,8501,2994,9669,6236,5845,0334,4862,2989,9713,5632,7701,3169,8470,6549,0556,5522,5193,5977,9095,5777,8281,2343,7443
5421/22,19/02/2022,Sat,8380,9371,5663,5472,3418,3589,5491,0251,5943,6540,7597,9083,3356,4490,8101,3297,9197,5489,9811,5827,1995,8108,9009
5422/22,20/02/2022,Sun,7180,4563,0364,7403,0800,6574,9703,4290,7080,7202,1253,5510,1339,2259,8413,4269,2183,1037,7817,7244,6892,0494,4473
5423/22,23/02/2022,Wed,8299,4962,0874,2026,0626,3444,2666,5676,3154,5061,4455,8560,4760,2953,9798,3608,2504,6071,3277,8950,7248,1277,6836
5424/22,26/02/2022,Sat,2023,1679,7549,2168,5499,0995,7570,7018,0767,0058,1753,3764,3226,3729,7400,2141,4963,0981,9912,1038,8164,9802,9286
5425/22,27/02/2022,Sun,8443,1230,6431,5971,7687,4997,3183,7844,1856,7792,1501,1610,5136,4819,4526,1240,6273,9947,6987,3889,9241,2307,2464
5426/22,02/03/2022,Wed,3197,9253,3623,2346,2012,3469,7708,2589,1672,6190,4016,9753,0846,4960,1289,9070,6021,2548,9025,9225,7975,9893,8163
5427/22,05/03/2022,Sat,4159,1414,9443,4350,5210,0735,0164,7768,6930,4169,6597,7459,4626,5636,8338,2394,3222,4841,0552,9786,6249,0623,7756
5428/22,06/03/2022,Sun,1390,3131,3286,0219,6789,0888,0992,0759,7463,1190,8979,1433,0488,6731,9606,9673,5214,0236,0216,7079,2771,9781,5186
5429/22,09/03/2022,Wed,1008,1536,3979,5508,4769,4968,3969,4760,9770,5612,0826,3383,7547,5225,3065,1278,7909,5804,3256,4007,4295,6239,9259
5430/22,12/03/2022,Sat,7643,5697,8091,2605,8493,4619,7365,4529,6892,2226,9315,7351,0156,8830,0661,2172,8044,1536,1123,4843,1697,5527,9670
5431/22,13/03/2022,Sun,2487,8994,2444,1153,9477,0142,0147,8722,1057,9779,6909,3425,9063,0577,1633,2558,8301,5445,6939,8680,2772,6219,3410
5432/22,16/03/2022,Wed,1335,9199,5531,2666,7520,1255,0895,4673,8041,8247,5074,0500,0162,6034,5768,5435,2949,7390,8263,6503,2817,1424,5731
5433/22,19/03/2022,Sat,1215,5838,2179,6827,5180,2567,1850,5920,8457,3256,8145,2580,9306,4678,2079,5726,2272,4020,2337,7202,9971,8676,1240
5434/22,20/03/2022,Sun,4637,0038,8625,8234,5059,9276,6307,3033,6522,5250,1563,0107,1884,3281,4492,5519,8708,0912,6956,2343,8869,1867,3025
5435/22,23/03/2022,Wed,1538,4891,8822,2269,2554,2759,5557,8185,4961,6075,8601,4393,7961,6890,2546,6711,9981,3918,0404,5642,4026,5361,7385
5436/22,26/03/2022,Sat,1356,1348,0089,1030,9409,0485,9137,4756,0894,3665,7008,6523,4939,6183,9396,6968,4727,6188,4780,3816,3061,9969,5348
5437/22,27/03/2022,Sun,2340,7753,8207,5176,3698,8783,2625,9703,6300,3050,7967,5201,1124,4144,9390,5164,5082,1422,9083,6765,1287,4574,0495
5438/22,29/03/2022,Tue,8696,8869,9863,3417,7094,7112,1071,4603,3056,1911,5569,4835,7685,7762,4596,4644,0527,5386,9329,1377,3759,7054,4092
5439/22,30/03/2022,Wed,5873,8120,5031,2225,8490,0127,0785,1857,3398,8045,3826,0263,1989,7715,3089,7183,3340,3805,3172,2043,1102,0372,8447
5440/22,02/04/2022,Sat,6639,1089,9328,5248,0018,6802,9903,1623,9369,4919,0125,1798,3614,3457,9578,0431,8520,5011,7839,0751,5106,0212,0624
5441/22,03/04/2022,Sun,1309,2820,9982,3772,1763,4428,3372,1553,0749,3507,3813,0813,8339,8596,3374,0265,5818,7746,5590,1676,6489,3254,4094
5442/22,06/04/2022,Wed,7035,6592,5235,3751,7442,7812,7356,4436,7690,5513,6104,7973,0033,6801,7660,8707,8610,5872,6184,5534,1770,5320,7374
5443/22,09/04/2022,Sat,4873,0198,4858,4311,3658,9493,7112,9454,4289,4990,7385,7372,3216,9868,8852,6673,8986,0595,6921,8386,8621,2378,2000
5444/22,10/04/2022,Sun,3716,0148,9264,5654,8181,3998,5308,0358,3047,4323,8769,4212,9887,7478,6611,9653,6188,6533,7764,0341,6659,3709,6836
5445/22,13/04/2022,Wed,7304,6298,6855,5789,5172,6105,2469,0422,7815,7548,1823,8133,8110,9761,2103,7689,7308,6898,0140,0026,6457,9773,7165
5446/22,16/04/2022,Sat,4504,0782,4736,0663,4785,8017,0765,9684,9336,6538,7695,8238,5596,5395,9667,3078,4064,0711,0850,2402,2732,0981,3720
5447/22,17/04/2022,Sun,5568,3248,1258,6579,4615,2385,1534,9164,5074,7750,1019,7436,3126,7307,5937,7116,2394,8988,5669,4668,6297,8485,7285
5448/22,20/04/2022,Wed,2425,3512,4632,8328,5116,6601,6423,1737,0419,8466,3790,3889,0002,8483,1910,0316,9139,2933,4873,6609,6316,7656,0869
5449/22,23/04/2022,Sat,7696,1946,4884,8595,3143,9961,7213,9153,8908,2680,5759,6497,2991,6555,8211,4845,6119,9380,8710,6350,5169,6026,4368
5450/22,24/04/2022,Sun,9641,1474,8206,8757,5272,4495,8403,5991,4592,8835,7015,5870,3581,6011,9921,5032,1439,0457,6483,0896,9890,8290,2710
5451/22,27/04/2022,Wed,6652,6864,2588,8816,7666,7092,7670,5498,6115,0226,8830,8866,2073,4552,5916,4186,4690,5173,2696,4584,3047,1976,6403
5452/22,30/04/2022,Sat,6786,1609,0099,2525,4380,4731,5975,1691,4327,4075,6479,6271,5209,1338,1334,9924,0581,9060,5849,5645,2428,2942,1246
5453/22,01/05/2022,Sun,8222,4868,7315,7339,7606,8042,9113,8418,5410,7989,4145,5632,8357,6124,4019,5664,2313,2187,7278,9526,2650,4665,5444
5454/22,04/05/2022,Wed,9158,8546,1425,1694,0227,5860,8344,9187,5303,6197,2673,6923,3481,7443,1920,8145,4391,5741,1025,4654,6745,5938,1620
5455/22,07/05/2022,Sat,6310,1550,8237,9199,0204,1539,6254,6712,6738,5653,9865,8234,9497,7487,6628,4149,9252,4041,4600,4159,9684,3089,4499
5456/22,08/05/2022,Sun,6830,2147,7885,7853,9047,5433,1114,6721,1204,0408,8911,2096,0748,2112,1814,2964,3867,3595,2357,1344,9456,7284,4749
5457/22,11/05/2022,Wed,9911,1715,1933,1420,1948,2666,2607,5279,3766,1612,2540,2995,8338,2211,0709,8796,8497,4135,1887,9324,1817,1173,5307
5458/22,14/05/2022,Sat,9656,3704,0057,9998,0996,9455,7999,2079,4972,4350,1989,9360,9355,8209,6298,1312,7744,6334,7960,5012,9502,2988,3934
5459/22,15/05/2022,Sun,7871,6296,8907,6828,1391,9511,3533,3119,2600,0566,8088,6815,4334,4671,6764,7287,8134,2571,0915,4919,1655,6537,8068
5460/22,18/05/2022,Wed,4397,6840,9722,0926,4645,5426,3799,4093,7477,1723,7834,3454,8777,3291,1856,3762,1809,1459,0525,8663,4580,7634,6115
5461/22,21/05/2022,Sat,9545,4887,0223,3631,7924,8445,0827,7894,4878,1812,5963,6081,9577,8955,5157,4428,7492,7482,9280,7272,7467,7981,9276
5462/22,22/05/2022,Sun,5985,0660,1619,9750,9360,7028,5553,1252,7174,4214,0229,1969,2377,5677,9411,4610,7129,9100,5668,1568,0027,3567,3259
5463/22,25/05/2022,Wed,1525,6448,7679,2923,2233,5800,7680,0285,9582,2797,6143,4618,2998,5352,9940,3729,2513,6124,9006,4931,8519,8095,9283
5464/22,28/05/2022,Sat,9367,7159,2732,3834,3304,6998,0848,6107,1477,5376,7310,7464,2144,8956,6188,9300,5040,4196,5723,0735,2012,9259,0987
5465/22,29/05/2022,Sun,7100,3828,1376,7355,8824,6628,8089,1243,9705,8886,1499,9023,7222,6181,0678,1294,1843,1014,8337,3745,7908,6176,4165
5466/22,31/05/2022,Tue,1835,5840,0867,9840,0706,9651,5894,8958,0006,1400,0131,2224,9822,6408,9754,7012,8774,4255,4487,8260,5670,2442,5463
5467/22,01/06/2022,Wed,1094,8698,2651,3558,7558,7587,0726,0259,1572,7203,5195,5928,1949,3743,3833,5902,3155,3942,6922,4205,4938,3084,7832
5468/22,04/06/2022,Sat,2307,6861,7069,1788,0353,8835,5000,4377,0566,1965,5524,4376,1740,5670,4058,4071,9526,2564,0973,0615,1491,9247,1521
5469/22,05/06/2022,Sun,7720,9110,7916,5381,1366,7736,0118,6243,7671,3288,2748,6795,3179,5340,3021,0420,4723,8351,3946,0528,3728,4394,1006
5470/22,08/06/2022,Wed,0607,1296,8978,3986,5067,9144,2673,9643,4345,9209,5575,6624,7554,9194,2965,3908,2890,4858,0589,2808,1014,7504,8946
5471/22,11/06/2022,Sat,7166,1652,8205,6125,7275,7582,0382,8459,1161,8047,5635,9074,4129,4801,7344,9464,5868,3525,6642,3553,9317,5434,7968
5472/22,12/06/2022,Sun,8536,0621,7014,1559,5198,0589,8575,7256,9617,7619,7442,2199,8615,9038,3071,9089,0975,7158,7001,8623,3654,7303,8674
5473/22,14/06/2022,Tue,3624,9588,4329,5332,6056,1471,9582,0517,3772,9977,3853,5811,4593,2916,5710,0192,0532,7980,9036,5643,3163,1562,8953
5474/22,15/06/2022,Wed,0900,8471,3653,1733,7228,2598,2144,9868,2122,4342,2929,9941,7151,7036,8770,1157,1677,0709,4118,4928,1690,0169,6153
5475/22,18/06/2022,Sat,4302,6309,4758,2084,7709,1915,1587,1863,0716,9060,4681,1006,0741,2315,4227,8984,2212,9440,9276,0204,5894,3238,0050
5476/22,19/06/2022,Sun,8088,7533,2874,1203,9168,1358,8795,9049,7895,4512,3588,6055,3163,4624,2704,3198,3150,6985,6608,9423,8746,0888,0223
5477/22,22/06/2022,Wed,5574,5994,1526,4763,9985,9687,1904,6418,5325,1351,2177,2319,6458,0161,2588,0656,9377,0597,8310,8387,3211,0698,0700
5478/22,25/06/2022,Sat,5405,8754,9486,1272,6740,6838,0075,1995,1190,4795,8609,0296,3051,9685,9287,4434,3476,5089,0559,1781,4256,6536,0084
5479/22,26/06/2022,Sun,2484,7381,3099,6847,7716,7303,1255,1098,0070,6770,3116,4772,4180,3007,7765,9934,3577,9958,6646,3794,0548,0473,1359
5480/22,28/06/2022,Tue,1586,0764,1270,3897,9473,5890,5301,0690,6699,0192,5633,5749,1199,1179,5263,4982,0632,3631,3582,9476,4383,4435,1196
5481/22,29/06/2022,Wed,5561,6611,5226,9148,3861,8905,9496,4827,8155,2949,6070,4258,4127,5420,7665,0103,6351,9750,8568,0718,8321,2550,4521
5482/22,02/07/2022,Sat,2929,7321,4246,4751,5353,2879,8051,3660,9318,9314,3877,3808,9373,5963,7799,8519,8047,4656,2443,7175,8197,1135,6956
5483/22,03/07/2022,Sun,4873,1140,0526,8629,1957,0320,1808,9744,2638,3422,5194,3896,9702,3897,8481,4789,6565,9749,6542,6852,2025,8094,1484
5484/22,06/07/2022,Wed,9147,0705,3483,3879,8400,8082,1896,1070,2702,8110,7395,1644,6930,4872,6207,4240,5318,7348,8822,7593,6432,1271,4657
5485/22,09/07/2022,Sat,7916,2444,6400,8959,7342,8573,8855,0267,4062,2604,9366,8704,6550,5756,2642,1680,7174,1097,9306,6012,1455,3887,1023
5486/22,10/07/2022,Sun,3169,6730,0458,4891,1973,9355,1497,2854,2899,0916,1514,6887,8309,3204,9211,2101,3465,4863,7388,2783,5492,7594,7527
5487/22,13/07/2022,Wed,4754,4559,2974,9460,7893,6151,7937,8259,5652,1647,2957,0562,7665,9411,3195,7815,2388,6061,5164,7114,1853,6570,8042
5488/22,16/07/2022,Sat,9511,3856,7260,4429,9650,8350,2672,9468,1642,5887,4228,6582,9098,0892,6341,4717,4459,4314,6006,1918,1564,5020,6370
5489/22,17/07/2022,Sun,2025,7302,1751,1348,8248,9162,7125,9372,7417,1955,1255,3888,5381,7646,0790,2979,6524,2527,9778,6322,5867,0615,0997
5490/22,19/07/2022,Tue,0277,2956,7127,6221,4518,0691,2787,8460,8301,3662,5154,6629,2724,5844,4715,9681,9866,7154,7785,1065,4434,7762,9668
5491/22,20/07/2022,Wed,6218,1480,7595,2191,4225,1926,7979,9539,4280,7011,7130,7267,6971,4291,1120,4953,5554,0002,5177,2381,7133,1819,5639
5492/22,23/07/2022,Sat,2746,3935,6825,0835,0226,0977,8659,4561,0421,3919,7950,0032,1074,7082,0108,3888,6094,4157,2128,5950,0186,7254,0548
5493/22,24/07/2022,Sun,6463,8247,0943,3094,2557,4468,9228,5176,1469,8274,8472,3486,4964,3491,2107,6982,0935,3646,4729,6106,3962,2705,7424
5494/22,26/07/2022,Tue,1475,9384,8176,9824,2122,1165,8423,2297,1245,9693,6513,9269,8504,8876,6010,3496,5719,5185,4319,9318,0368,4451,5445
5495/22,27/07/2022,Wed,5445,5886,2444,5270,6179,1892,3484,5527,8287,8230,5723,5654,5315,2200,6655,5604,1508,7481,2877,6062,9475,4753,1443
5496/22,30/07/2022,Sat,7489,3658,7415,9500,9521,2408,0367,0218,7950,7134,9503,3553,1979,8059,7460,5252,1317,7689,3393,4874,5964,2452,5038
5497/22,31/07/2022,Sun,0540,0642,1444,8733,3724,9472,5138,5256,6795,4490,7151,3596,1120,7397,0109,9514,2937,7361,8773,9521,6365,8242,6089
5498/22,02/08/2022,Tue,0301,2430,5287,5745,7694,9540,1944,2157,9782,9222,8449,6561,0453,7845,1316,4173,6958,3423,2924,3415,8747,7771,7603
5499/22,03/08/2022,Wed,8035,5586,8323,8915,0341,6672,3722,0654,3892,3702,8490,6203,9318,7857,3539,1477,6960,7157,5152,7811,9009,1653,1550
5500/22,06/08/2022,Sat,1936,4048,8131,1502,8157,3748,4418,6410,0222,3684,1535,1484,2585,6151,0273,8788,1409,7908,1997,7367,6020,3278,7200
5501/22,07/08/2022,Sun,8465,4185,6561,6024,8781,5126,5765,4478,7972,9167,7900,3072,0273,0817,1271,7388,3123,5292,1918,1218,4318,9033,5821
5502/22,09/08/2022,Tue,9126,6532,0317,1818,2743,7344,7084,0768,6231,9267,9701,1511,2050,6031,9828,9216,0761,9670,1898,7709,6427,4390,6266
5503/22,10/08/2022,Wed,5339,4548,2559,6814,7149,2120,2006,2410,6935,8233,8690,8696,6957,8738,9879,4746,0180,7091,3115,8239,4670,2594,9185
5504/22,13/08/2022,Sat,9352,0074,1162,5654,4687,2221,3373,3121,9353,5317,8634,6743,2422,7038,2240,5996,6547,3490,2796,9933,8862,1283,1741
5505/22,14/08/2022,Sun,3298,9835,4770,1318,0403,5072,1758,9369,7753,7015,8051,7562,1646,3799,0297,1855,7621,6345,3534,7840,0311,9616,6306
5506/22,16/08/2022,Tue,4208,3650,4655,0738,0468,1150,4790,7591,3197,9621,5065,1721,4184,9131,0719,2596,0547,4076,2303,9789,0509,0512,9117
5507/22,17/08/2022,Wed,2239,4147,2437,8711,1859,9397,3887,2110,3607,1062,8285,3867,8458,5192,1231,0971,2393,4076,3749,7434,2387,2166,5922
5508/22,20/08/2022,Sat,1439,7933,6723,7895,2796,0447,8445,8905,1230,9066,3104,2996,4076,9750,5147,8957,6696,2431,1511,1689,8091,3183,9601
5509/22,21/08/2022,Sun,1656,5309,7045,6373,5599,0305,1859,8641,3862,0053,4343,5639,8878,3466,8950,6688,4698,4180,1684,3826,7994,9148,4002
5510/22,24/08/2022,Wed,9987,1448,8204,1468,1482,2286,4154,2468,2821,9351,8078,4856,8546,5695,3320,1972,8783,1033,2815,1185,9484,6939,5403
5511/22,27/08/2022,Sat,4642,6730,6865,2769,0931,0366,2565,4977,8285,6013,0387,6116,2939,4457,2793,2803,0781,4183,1834,0674,9427,6880,4977
5512/22,28/08/2022,Sun,4398,2255,9692,2510,1961,4620,9883,3987,0393,8606,9965,7482,3467,5321,7889,4030,5820,4865,9089,6125,5229,1725,4876
5513/22,31/08/2022,Wed,5252,6628,9569,4023,5949,3895,9400,2957,9198,1825,0499,5975,6804,7341,3545,4654,3259,3261,4287,0891,9137,3166,3858
5514/22,03/09/2022,Sat,7716,0693,5612,0466,7616,4411,2696,3510,1050,0846,9549,3585,8179,0297,0730,4680,1047,2161,9351,7268,1290,3240,1042
5515/22,04/09/2022,Sun,1946,1947,5686,1383,3712,3021,1327,1675,2208,7360,4487,2324,7167,4032,1799,3920,8043,1841,1552,9650,9445,4408,4377
5516/22,06/09/2022,Tue,4757,0418,3514,5888,0865,3739,9394,8742,1679,9738,1241,8647,6936,3394,3280,6645,8505,3952,4614,0416,0441,7142,7563
5517/22,07/09/2022,Wed,3787,4209,2952,9853,6717,9443,7249,1061,9374,4076,5304,9129,0990,4161,0615,3756,7255,6836,0407,9916,6995,5268,4908
5518/22,10/09/2022,Sat,9604,2332,4987,8520,7288,1136,8577,6767,1602,7671,2324,8406,3844,6740,8622,3946,1628,6972,0488,3412,1497,2102,7442
5519/22,11/09/2022,Sun,4126,1193,8642,6831,3885,8734,7318,0128,7894,9373,8508,8647,1692,0973,4244,1826,9671,0164,7731,8837,4065,1958,2109
5520/22,14/09/2022,Wed,5342,9876,7443,2184,4713,8445,4658,5321,2745,0549,2440,6818,7394,3611,6550,7243,6388,1294,2148,3577,2146,4790,9617
5521/22,17/09/2022,Sat,0653,1872,0237,6340,5095,1786,6878,3047,4893,3867,6728,4021,1287,0904,2677,8350,5266,6762,8481,5582,3629,4073,1187
5522/22,18/09/2022,Sun,3034,0562,0956,0978,3523,0683,0562,7165,9408,9561,5512,6550,7833,3045,9125,2091,9297,9849,8047,6389,0650,6424,1923
5523/22,21/09/2022,Wed,4069,2968,8851,4306,7809,8992,0225,7560,7408,3989,8901,7653,4635,3557,5095,1813,9702,6391,7939,8818,3604,7629,1423
5524/22,24/09/2022,Sat,5914,4801,3580,9697,5516,5073,5188,1902,9402,2099,6036,7547,1826,7677,2412,2131,9596,1091,5905,4935,8001,0867,4527
5525/22,25/09/2022,Sun,1217,5275,2544,4257,4584,2585,0754,3114,5383,4191,9836,9974,6787,6559,0993,3635,6082,7280,7714,6708,8256,5733,7642
5526/22,27/09/2022,Tue,4644,3483,3686,6369,3480,3054,0809,3247,2525,0008,4001,9436,2953,0341,6115,9301,9942,8951,7990,7740,6871,0665,3447
5527/22,28/09/2022,Wed,8234,7084,5406,6310,8604,7829,2589,5279,5318,4392,7780,4862,3371,7316,0294,2875,4299,2787,9249,5301,7263,1427,0242
5528/22,01/10/2022,Sat,4056,3255,5224,2676,1789,8578,9262,0678,1069,8222,9061,6387,1803,9827,2132,1564,2264,1702,2818,3937,0296,2728,3752
5529/22,02/10/2022,Sun,1836,9758,4783,1428,4149,2276,6651,0716,7136,7060,8914,8410,8594,0229,8392,2245,0452,3568,9308,6242,9430,0790,6297
5530/22,05/10/2022,Wed,1046,5595,6441,8679,6813,9353,3945,0472,5391,9613,2843,2796,0484,3173,5814,7320,5845,8966,8404,3921,9629,0822,8344
5531/22,08/10/2022,Sat,2414,2565,5035,2250,8909,9098,1989,1618,4207,1363,4321,5963,2144,8619,2328,3036,3635,2473,3463,3197,5145,4829,4435
5532/22,09/10/2022,Sun,1592,6698,4412,0719,5485,1568,8262,8859,4706,9473,6224,1732,4887,2272,0660,3144,3000,6693,5395,5868,6240,0339,4714
5533/22,12/10/2022,Wed,4878,1167,0165,3888,9040,6009,3683,6018,9498,5414,3648,1508,7287,3465,8721,5104,3018,3543,8881,8436,2251,0828,5101
5534/22,15/10/2022,Sat,2408,1212,4733,5426,4227,8872,9769,1462,2849,9754,6562,1262,3114,3827,7463,8226,2417,1868,5972,7516,1080,8691,5107
5535/22,16/10/2022,Sun,5229,0236,4573,9413,2620,1991,1698,7692,1021,9694,7424,5841,1419,7605,9267,8031,3935,4030,6185,5200,8425,3502,4547
5536/22,18/10/2022,Tue,4060,2076,3662,7850,5923,3071,7468,5276,4523,1398,2794,1045,4213,4021,6733,3945,7722,6918,9700,7958,7613,0742,4094
5537/22,19/10/2022,Wed,3683,3809,8895,8936,4017,5880,0803,6501,1476,8429,2490,3019,8864,0690,5602,6978,7931,8678,6953,7847,0761,8488,1995
5538/22,22/10/2022,Sat,6392,4614,5020,9739,7850,0521,2740,4432,1549,1592,3562,0321,6744,9461,2974,5157,8943,5070,1468,4072,9308,0013,4529
5539/22,23/10/2022,Sun,2256,8482,3709,5509,5023,9315,3999,3124,2796,4792,3576,2573,8408,6429,0602,7192,1017,6068,4024,3127,4903,7906,3202
5540/22,25/10/2022,Tue,0058,5656,4362,6633,7140,0143,9355,3550,1214,4020,0546,5843,9174,4359,2538,0821,4716,7932,2329,7970,3222,9236,5323
5541/22,26/10/2022,Wed,6264,8294,6430,3351,7665,0551,5868,4912,0211,9847,8396,8563,1067,5578,8427,8353,8402,8003,5817,7244,5111,2569,8432
5542/22,29/10/2022,Sat,3388,1615,4337,8171,7781,9215,3943,9850,2713,1275,4316,5250,1419,3966,8719,8063,7310,2969,5654,3134,4645,8539,3563
5543/22,30/10/2022,Sun,4701,0835,3850,3671,9071,7672,0963,4023,2346,0392,5766,0096,0352,2430,3328,7409,9109,4690,4887,7962,3052,3737,0308
5544/22,02/11/2022,Wed,6390,9499,7149,8335,9734,9105,1950,6168,0741,6176,4103,8895,8578,2097,7028,7066,8250,8054,8576,8338,8335,0164,3451
5545/22,05/11/2022,Sat,0176,9902,2275,3503,7748,6402,1732,3188,5787,9729,8898,3674,4394,2014,0652,1553,3484,2505,6473,7596,0757,1936,8138
5546/22,06/11/2022,Sun,3290,6571,3233,5738,9401,3194,4271,3515,7076,0127,6925,1648,9766,6225,1154,4317,1310,1607,6148,8689,8831,2797,5412
5547/22,09/11/2022,Wed,7468,8731,3904,3609,1544,1898,5596,4066,4196,1108,9701,8362,1389,0384,5530,2739,1965,2701,5830,7650,5300,9606,2978
5548/22,12/11/2022,Sat,3411,6331,5163,6522,1478,0076,0291,2894,0229,9007,6098,4056,3038,7948,6962,6171,1377,6277,2800,2039,4605,5459,0743
5549/22,13/11/2022,Sun,6385,5709,5660,1594,2581,2622,8366,5544,4386,3046,9480,9846,8186,6116,5597,2225,4299,7363,4557,9692,4408,7062,3980
5550/22,15/11/2022,Tue,7905,5722,3788,1896,1623,3141,5882,9076,3809,5982,7690,6491,3125,8272,5632,2684,0595,9616,9913,1411,3767,5475,8446
5551/22,16/11/2022,Wed,4620,6408,6368,6393,2635,6802,6693,6622,0637,7612,9135,7526,1228,2487,8780,6431,2889,8010,1113,8169,7193,5427,4742
5552/22,19/11/2022,Sat,2481,3390,1071,6731,6768,0101,2256,4407,8532,3604,0421,5122,2315,9541,4035,3551,3699,1872,1131,2136,9667,9793,8744
5553/22,20/11/2022,Sun,6561,1075,4305,6897,4338,4214,8338,9882,0376,1419,9052,2085,0277,0776,3507,5538,1395,8219,1628,5027,7341,7963,4109
5554/22,22/11/2022,Tue,2884,6663,2305,5610,4013,9579,4175,7897,1414,2566,2127,5523,7615,0755,2513,1727,7572,0921,1297,5446,7381,2400,4066
5555/22,23/11/2022,Wed,7968,3393,0149,9864,8786,0240,1941,8466,4907,6769,9029,1485,2784,3847,6448,3349,7489,9539,3796,4929,8076,2446,3312
5556/22,26/11/2022,Sat,1027,0171,3151,6040,3647,2437,5188,3810,3483,1410,5118,9612,5312,9421,0039,0592,8543,3350,5863,9270,8936,2870,9703
5557/22,27/11/2022,Sun,6925,6261,0453,0607,3915,3343,2028,0079,0639,8814,0960,3263,5221,1729,8678,4792,8569,7064,5251,7338,5619,8500,3880
5558/22,29/11/2022,Tue,3387,4713,7004,3783,6310,5519,3550,4117,4851,5978,9610,7077,4611,1218,6581,9892,1774,6349,3793,0429,9240,4001,0209
5559/22,30/11/2022,Wed,1837,8321,5547,3607,4562,9212,6432,3524,6341,4277,4229,5559,8839,2534,3176,3654,1217,6556,0611,6538,6868,9840,2917
5560/22,03/12/2022,Sat,6133,4785,9075,4117,5237,3958,5845,5274,2896,0759,4160,2596,5692,2811,3957,0823,4414,6844,2974,8697,2393,5022,7686
5561/22,04/12/2022,Sun,1549,4728,0686,5830,5181,6670,0634,4264,8657,7288,7517,5411,2903,6032,3435,7747,2588,4372,8618,1795,0283,8668,6140
5562/22,06/12/2022,Tue,8690,8200,8123,4477,0102,5882,2409,4743,6638,4534,0047,0695,0791,6463,3374,6137,9101,8424,4894,1786,9738,6467,5950
5563/22,07/12/2022,Wed,3831,6472,1475,8346,0543,5583,4066,0426,4133,0198,8279,3203,8867,1140,8586,5654,8456,0450,8716,4113,2696,1444,7367
5564/22,10/12/2022,Sat,9473,7280,8870,9974,9292,3747,4405,5241,8690,5175,1755,1605,8725,7873,8396,4551,8026,7986,7635,5680,0758,3372,2751
5565/22,11/12/2022,Sun,9426,5880,5498,3256,6279,5457,0734,7536,7216,9789,4728,8053,9656,5669,4351,9263,0705,4246,3117,5578,5702,6534,4420
5566/22,14/12/2022,Wed,5363,9506,1406,6619,6283,1226,2192,0211,4243,2515,8785,0140,4477,8528,9842,1956,7615,6560,9505,8637,2944,9118,8369
5567/22,17/12/2022,Sat,3118,9628,1389,3560,1406,0678,7281,4994,1733,9812,0752,0775,5602,6500,8304,3689,9534,4021,2944,6271,6546,4370,9045
5568/22,18/12/2022,Sun,2430,7970,7312,7254,4241,2243,6935,1199,4970,9161,3959,6686,4355,5239,0021,9946,8676,5335,8290,6559,0283,8913,3716
5569/22,20/12/2022,Tue,5970,3830,9636,6239,3600,5105,6487,7371,0324,5648,4567,0454,0990,5783,8238,2342,5717,8156,7131,1909,4950,4229,3774
5570/22,21/12/2022,Wed,9296,0632,1824,7647,9514,8368,9699,1063,6546,6705,2730,9668,6551,8754,8801,4210,7062,5949,4260,0104,5196,7811,8671
5571/22,24/12/2022,Sat,0907,6789,4052,3951,1789,2094,4744,2260,1684,8746,8943,1212,3295,8796,1165,7211,2711,0430,4282,3106,5786,7466,3831
5572/22,25/12/2022,Sun,2903,8711,1706,8160,8070,2194,6300,6231,9958,6694,1080,5564,8352,9152,5150,8580,5965,8779,7957,3496,4707,7530,7719
5573/22,27/12/2022,Tue,0912,3441,9985,9659,5127,2030,8673,6440,5615,0680,9570,6782,8644,5496,1349,2406,3715,7844,6346,2966,5280,1638,7306
5574/22,28/12/2022,Wed,7096,2974,2437,9515,5301,4605,3967,6476,8348,0772,6356,5285,1578,3896,5753,0780,1672,0516,3723,5727,9200,5319,7123
5575/22,31/12/2022,Sat,5018,1356,3779,2413,3628,8868,8922,8371,5407,6326,8533,6770,1580,2426,5954,3494,3457,0752,4820,3979,5545,7435,5673
5576/23,01/01/2023,Sun,7668,0047,6049,2193,8355,3350,2638,2430,9451,1901,7496,4620,5589,3642,9909,5240,0678,2292,5710,1735,7805,0509,2809
5577/23,04/01/2023,Wed,7420,4234,9231,4452,2127,1349,1554,9587,8446,2261,4697,4866,7480,3477,0468,9010,9194,8727,2500,9478,8892,9827,6327
5578/23,07/01/2023,Sat,3130,1801,3173,9563,5315,5418,6623,4036,7348,2293,0848,8575,1135,7342,7797,0064,0312,3974,5242,3049,3405,0765,1525
5579/23,08/01/2023,Sun,8686,8431,8111,3209,3197,7361,0016,6740,2060,9550,6320,8446,7491,7305,1855,1993,7773,0870,6243,2802,9228,7692,9333
5580/23,11/01/2023,Wed,5349,1635,8360,7966,9281,5424,0305,7036,1121,3525,6734,6233,2939,9380,7050,7455,3801,7105,6896,4115,9530,4127,5036
5581/23,14/01/2023,Sat,0066,1693,6523,8238,5428,2623,3977,1885,2533,4926,7758,4344,2922,3724,6854,0810,6989,0962,9164,0090,5292,0614,5535
5582/23,15/01/2023,Sun,9308,2403,8995,6757,9198,5022,3810,7950,2289,7843,4400,0610,7185,6686,7608,7631,3065,7146,5621,6496,8789,5717,7681
5583/23,18/01/2023,Wed,2845,6022,0528,3843,8427,0749,0806,6487,3005,1327,0041,7013,5480,2598,0700,9369,2305,4618,8479,7526,2681,1284,3562
5584/23,21/01/2023,Sat,8875,9881,5786,0538,8718,2553,1354,1367,3960,1844,1834,1010,2011,9994,3424,7594,0732,6944,0916,7920,6655,3417,6114
5585/23,22/01/2023,Sun,6212,3859,7955,2855,1326,3734,3750,5973,6452,0011,4041,2721,8347,3497,1490,2143,1247,4457,2348,1200,7034,7785,2971
5586/23,24/01/2023,Tue,8662,1948,6212,7588,4694,2425,8158,2757,4176,2195,6314,4052,3846,5239,5606,2979,5398,9344,0933,7826,2230,4169,5310
5587/23,25/01/2023,Wed,1658,3660,6651,8894,6796,1372,9733,5139,7914,8337,3175,6491,8467,3821,3366,0809,2126,3116,3118,6342,2484,1237,4591
5588/23,28/01/2023,Sat,0209,7933,0072,2092,8178,2790,0752,1485,0995,5524,1191,5400,5139,1546,5279,8324,6709,4817,3173,9422,1617,8701,5191
5589/23,29/01/2023,Sun,6889,0060,8103,5230,5217,0164,3623,1616,9255,8787,6798,0555,0767,9279,0472,0784,7852,1365,3897,3923,7013,8182,2251
5590/23,31/01/2023,Tue,3902,3895,3434,5314,6861,2588,8552,2170,3689,8541,1781,7209,7270,4408,7788,8511,2590,3162,1365,8984,5190,8917,5414
5591/23,01/02/2023,Wed,9983,9811,4067,1588,4689,4625,6814,9394,6427,1675,6337,8672,0964,4412,3095,8770,1228,3553,7829,9677,2834,1407,7953
5592/23,04/02/2023,Sat,7441,0577,8350,6211,8416,9034,4887,9727,7799,0867,5250,5172,3648,1476,6475,3875,7301,1765,2703,1111,9562,2287,8923
5593/23,05/02/2023,Sun,4123,6887,6351,8494,8966,4902,6215,2724,1618,0470,5197,5534,7314,2195,8158,2985,1074,7894,9844,0030,4971,9329,0167
5594/23,08/02/2023,Wed,0808,8662,5219,7859,8151,0689,3000,1128,2625,6381,9151,0699,7794,0345,3428,4796,8200,7670,7964,4248,3991,5373,6128
5595/23,11/02/2023,Sat,6611,6784,5031,6424,5655,1587,9199,9600,7659,4479,5644,5331,4650,5606,6732,6605,3864,3470,5041,5292,2510,0296,2576
5596/23,12/02/2023,Sun,4336,2171,2792,0277,3788,9297,2657,7574,4976,6590,3424,6902,4509,9848,3521,0173,3126,6061,7562,5735,8349,5764,6675
5597/23,15/02/2023,Wed,5846,5874,0320,4960,4362,3981,5096,5242,2258,4060,7506,8105,5115,8429,4381,1169,0321,0848,2206,4727,8165,2558,7680
5598/23,18/02/2023,Sat,3558,1100,9809,5141,4663,0287,6164,5675,9271,7947,7725,4365,9457,7196,5011,9974,5538,3097,4039,2081,0593,2898,1731
5599/23,19/02/2023,Sun,7575,8234,5132,7165,2279,5441,2151,4226,7681,2521,7059,9344,5509,4395,9792,5705,8654,8355,2473,4769,1857,8515,0920
5600/23,22/02/2023,Wed,7613,0923,4720,5182,2096,5206,7771,7185,2551,2409,1852,4096,6447,5722,3162,3762,2314,4153,9114,6211,6101,2745,9379
5601/23,25/02/2023,Sat,7039,4800,8640,1839,3443,9504,9467,9196,7858,4769,0631,9744,0381,3188,5874,7957,1244,6741,8774,5791,4252,3552,0825
5602/23,26/02/2023,Sun,3549,9255,2103,8908,1989,1978,7232,8126,3148,3339,7175,7214,8582,1525,8129,2515,5263,3526,0626,9518,9006,2757,4394
5603/23,01/03/2023,Wed,2955,3089,5516,7368,3050,8651,9381,2974,5649,7318,9266,3378,8691,7664,0728,5485,5466,5893,9354,7461,5119,4290,2684
5604/23,04/03/2023,Sat,9533,9899,1721,1078,9155,9090,7901,5777,7723,8032,7399,5195,7711,6113,3130,3408,9050,9545,2610,8153,4309,5935,5803
5605/23,05/03/2023,Sun,9887,5483,3440,1128,8367,9673,4562,0340,4537,2675,3935,8874,8120,7796,8322,9723,3789,2580,9733,5520,2680,4509,4614
5606/23,07/03/2023,Tue,4313,1901,9172,9302,3711,6723,3753,3501,6735,7769,4093,1604,8449,3697,4688,0202,6247,9145,6117,7031,1417,7114,4493
5607/23,08/03/2023,Wed,6826,1269,9028,9744,5937,1637,3782,5737,6856,6428,5240,2445,5686,1870,9100,0692,4137,7758,3820,9201,0921,7832,3984
5608/23,11/03/2023,Sat,1678,7131,3917,2924,5284,1325,2087,7682,2724,8291,8877,9855,9961,5984,1340,5187,4969,3477,6738,9241,8557,4102,9009
5609/23,12/03/2023,Sun,8717,1577,3330,5660,4200,4232,3773,6545,7954,0685,7984,7725,4664,1857,2621,5442,3190,8237,7511,6057,9392,5382,8499
5610/23,15/03/2023,Wed,7172,5052,7962,1943,6823,5008,9625,5495,7830,7653,8618,2235,5498,5320,4390,4168,3889,0134,5525,7414,6530,8698,6781
5611/23,18/03/2023,Sat,6311,6743,5623,0787,6937,4340,3991,3659,2895,8449,9245,8723,8701,0492,0838,4907,2202,9796,0091,1724,1905,6429,2477
5612/23,19/03/2023,Sun,4147,2497,9590,8953,8802,7860,7881,3032,6070,3872,5022,0924,8102,9381,4279,8277,3903,8652,9284,0524,9730,8219,1269
5613/23,22/03/2023,Wed,3925,8940,1580,2018,8423,4295,5323,9776,7871,7658,9794,1687,6134,7901,3657,1267,2597,8652,4056,1814,5116,5011,7714
5614/23,25/03/2023,Sat,9977,9166,0200,0033,2788,0596,6997,0984,4815,3452,2529,9859,7878,8886,4833,3821,4177,3518,0529,6594,8911,4997,3110
5615/23,26/03/2023,Sun,0023,1446,8258,8551,9534,3626,4230,2795,0642,1537,4296,6050,3571,2522,0607,5444,1255,3290,6493,7720,5884,9677,4973
5616/23,29/03/2023,Wed,0890,7046,9310,2940,5796,5268,9781,1978,3322,0108,2511,3225,7697,5810,6471,7352,9708,0324,4468,3439,7721,5083,2917
5617/23,01/04/2023,Sat,3646,6555,5078,1526,6899,3041,8885,6689,0309,1132,8019,2685,9699,2933,8556,8340,4491,7013,4753,1714,3122,4427,4188
5618/23,02/04/2023,Sun,6316,1177,5237,2109,0970,3196,9752,4495,2174,6107,8926,9094,1733,0742,0544,9885,8040,2219,9824,4829,0216,0486,6256
5619/23,05/04/2023,Wed,4612,0309,5888,7693,4381,6469,6771,9417,4180,2010,5816,9029,8223,2139,9169,0713,3990,2666,5925,6744,3764,9990,9250
5620/23,08/04/2023,Sat,0044,3806,1700,0590,5771,0687,0032,6051,2672,0085,2573,6156,2028,3820,6085,1440,7200,1560,3571,8008,8053,9255,4012
5621/23,09/04/2023,Sun,9893,9971,7285,5076,9734,6255,9828,9051,6713,0289,5807,5001,1770,3133,2400,3902,5974,7705,2720,1110,0170,3077,1028
5622/23,12/04/2023,Wed,0330,9333,0855,9423,0258,7890,7163,4748,4458,6488,9916,5238,1365,6671,5391,6333,5111,3892,2576,3553,3671,2099,6220
5623/23,15/04/2023,Sat,1538,6249,4695,6560,9822,2897,2166,2845,7689,7407,5113,7173,5233,2348,7087,4934,4604,5783,1303,4740,5492,3088,3541
5624/23,16/04/2023,Sun,3925,9742,4269,1611,7259,7811,3726,6880,4205,1166,6469,1277,9266,8297,1636,3642,8757,2028,9706,8665,2207,0698,3546
5625/23,19/04/2023,Wed,6485,6499,2606,0898,1112,5883,9830,8007,1468,5220,5179,3701,3644,3176,3540,8975,9065,1603,9308,7089,6125,9489,2024
5626/23,22/04/2023,Sat,4284,9871,3928,9526,3731,3906,7093,9086,4496,0570,0074,6648,6052,8942,5022,5137,0419,4401,9170,3191,5296,1020,3585
5627/23,23/04/2023,Sun,2516,4855,0861,5637,2903,1216,3938,0906,0567,9515,6602,5253,6188,3323,7549,5909,9310,0999,6888,7997,9289,9715,5456
5628/23,26/04/2023,Wed,2114,5861,2224,2445,8713,1413,2831,2964,1755,7673,6907,4655,7000,9421,3178,6531,2998,8930,8729,4633,0634,9400,5764
5629/23,29/04/2023,Sat,3391,2575,5364,1801,1520,5308,4761,0718,1758,8514,9364,5195,6152,8871,5094,1920,6899,5616,5896,8534,8933,6751,1963
5630/23,30/04/2023,Sun,0491,3951,1258,3658,0253,5449,4112,5382,2289,3756,5897,0975,3760,3365,4187,1923,3420,1758,7196,3643,7358,2071,9922
5631/23,03/05/2023,Wed,2425,4553,2085,1431,8262,0327,4329,8363,9799,5548,3074,6856,5913,4668,2189,6126,8239,7816,0085,0037,6057,8265,5627
5632/23,06/05/2023,Sat,5141,9222,0438,4085,5555,6419,0986,8208,8215,6421,0321,5186,8863,3256,5204,8853,6018,8089,5665,1989,9505,3628,1399
5633/23,07/05/2023,Sun,4897,9351,1348,0512,2391,0182,7020,7117,6403,9588,8145,7692,2687,9791,3112,2807,2626,8070,0940,4273,8736,2331,1727
5634/23,10/05/2023,Wed,7491,6763,5598,6216,4742,1370,4702,9939,8162,5602,5829,4585,2474,3527,8381,4886,6033,0789,4074,4933,4939,1540,0490
5635/23,13/05/2023,Sat,8294,1986,7256,1910,2799,2601,0453,9594,6030,9757,8651,6426,3958,6248,6776,8079,1023,3919,7048,0329,6810,3063,0608
5636/23,14/05/2023,Sun,3356,9877,1334,0581,3014,3393,3979,4574,9314,2017,5456,8472,3139,4933,6238,7968,2152,5275,6771,6706,6843,8511,2398
5637/23,17/05/2023,Wed,9518,3445,0431,5917,4872,5103,3798,0119,5152,1129,8567,9879,8465,7324,6003,3716,9326,4498,1774,0336,2444,3350,2988
5638/23,20/05/2023,Sat,4681,3031,3005,3122,6571,0393,5490,7446,1163,7110,8248,4903,4980,0137,1529,7939,3948,7456,4218,2288,5085,1227,6688
5639/23,21/05/2023,Sun,6976,8010,6308,9332,1295,8630,5936,8433,2165,1685,2286,3305,4642,4197,6636,2062,0427,9267,0557,7068,1735,8010,3779
5640/23,24/05/2023,Wed,8455,2138,8070,6128,9378,1151,0895,8851,5741,0125,9323,4914,0928,1634,4340,5719,0984,7888,6997,1046,2413,1752,3555
5641/23,27/05/2023,Sat,8784,8050,4248,9791,2565,5961,8306,4985,7215,6259,4219,0524,4582,2544,0941,7859,6761,3502,9818,4376,4660,4448,6231
5642/23,28/05/2023,Sun,2718,9297,9734,6749,0466,3643,6007,5382,9962,5359,4211,8130,4315,3304,8356,9197,8855,6562,3745,2945,0303,7015,4907
5643/23,30/05/2023,Tue,8184,7580,9180,8069,5477,7625,6311,6132,4321,9419,7404,4295,6061,4184,5338,8896,2195,2166,3608,4727,1992,4689,2218
5644/23,31/05/2023,Wed,5187,7469,0369,4849,8837,6149,4321,9173,2426,9807,8419,1186,0447,7295,7389,3134,1597,4761,3237,3968,1501,6628,0089
5645/23,03/06/2023,Sat,4774,4692,7077,4014,9646,9731,9418,8365,1958,9340,4733,7620,1424,7178,0980,7506,5581,9356,5258,4388,3546,7134,0725
5646/23,04/06/2023,Sun,3823,1103,3761,0302,7676,4143,1157,7824,4350,7351,1245,5226,2850,3529,8589,1391,2498,6799,7604,6081,5534,1204,4962
5647/23,07/06/2023,Wed,9553,2824,2795,0446,6803,1648,2464,4001,4164,0453,2146,4968,1106,9613,2171,8754,7886,4049,0157,3559,0601,2582,4605
5648/23,10/06/2023,Sat,5653,3610,7597,1997,0801,7916,6177,6322,5117,4191,6674,7342,3010,9750,0018,1317,2103,7089,4313,9955,9555,3426,2440
5649/23,11/06/2023,Sun,1428,5656,3497,0333,0171,5107,3915,3853,4469,8012,8101,3082,2124,3875,0810,8808,8523,6841,1185,6709,5352,7847,8133
5650/23,14/06/2023,Wed,1871,7254,1673,7115,8761,2554,9537,1460,0151,2938,7111,5782,5761,8500,7082,8710,2876,5224,4760,7887,6179,3476,0999
5651/23,17/06/2023,Sat,4084,1388,7860,3829,7980,3478,0081,0668,9972,0195,1167,4448,5031,5523,4363,4132,7889,3024,0416,7955,9256,1988,5103
5652/23,18/06/2023,Sun,5931,3144,6599,5193,1386,6966,3799,4913,7416,6666,1137,3726,9285,1244,6489,0953,5840,2689,4016,9472,4286,5541,7888
5653/23,21/06/2023,Wed,9085,7741,8688,2279,5147,5033,6852,2286,1237,6976,5617,2770,4405,2483,2591,3842,8890,8042,1866,0231,1011,3690,4928
5654/23,24/06/2023,Sat,4734,2479,5880,0864,0446,6509,3982,5740,1182,5236,3017,9021,9024,2999,4546,5313,9342,7667,4292,8429,2340,8338,8449
5655/23,25/06/2023,Sun,1753,4288,9765,2928,0935,2215,7959,1514,7310,5686,2623,8915,1459,0257,1732,8835,2023,8339,4083,7292,7189,2963,5144
5656/23,28/06/2023,Wed,3067,6603,0083,1977,1089,6429,7068,0045,6910,7939,1820,3251,9534,0913,7546,4196,7750,4689,1983,4402,9632,0289,3465
5657/23,01/07/2023,Sat,0768,7996,3550,0085,5575,3068,1954,7469,4389,5418,9263,3269,4433,0414,0219,2386,0704,6068,9197,4904,5789,1147,4138
5658/23,02/07/2023,Sun,1414,2890,2183,1427,2205,6036,6047,1383,0305,6010,8584,3148,7890,7109,9781,0561,3894,0159,1882,5174,4687,6913,6273
5659/23,04/07/2023,Tue,1955,5730,9365,1406,7559,5438,5543,7336,0251,7597,2901,1101,9626,4347,2569,2417,4808,6357,8223,4228,1388,6991,5398
5660/23,05/07/2023,Wed,0921,1635,4714,6014,9984,7505,5746,9055,8027,8381,8572,5239,5156,6646,9144,2020,3324,5841,1088,6065,5280,7086,8568
5661/23,08/07/2023,Sat,6843,2683,8239,0144,8643,7995,3934,9988,6852,9524,4756,5494,6854,1606,7599,2408,2795,7219,1426,5922,5818,1916,3910
5662/23,09/07/2023,Sun,0360,9669,2241,4628,6793,1249,6868,5915,4330,0733,5927,5738,9570,3057,8101,2002,5954,1135,9148,1439,4697,2891,9586
5663/23,12/07/2023,Wed,7118,1284,2857,6405,5371,9535,5743,7359,9084,7748,6905,9410,3403,6508,6191,6903,0182,9800,2691,2760,7314,7411,2541
5664/23,15/07/2023,Sat,6462,7771,8064,6997,4996,2445,4375,2084,0410,5052,6300,9795,8446,9844,5035,7137,9426,8097,0343,1347,1031,6110,4312
5665/23,16/07/2023,Sun,4380,1188,6476,9454,9444,2232,6223,2687,9417,1014,0946,2412,1174,4358,8488,6350,4876,3181,6340,1450,5321,1355,2794
5666/23,19/07/2023,Wed,4945,3322,9933,3047,7613,4574,8927,3951,0524,4314,4948,8930,8698,5692,5111,6708,5042,7984,9530,4878,9941,2744,2560
5667/23,22/07/2023,Sat,8396,4233,9698,8850,0886,3322,7384,4913,2560,4901,6716,7853,3566,3446,3522,1632,5811,1910,6881,3701,1280,8226,2400
5668/23,23/07/2023,Sun,3532,4675,7476,5488,6226,9531,5469,7708,2794,5698,9358,4009,0517,0994,5609,7446,7142,7332,1558,9151,7449,9608,7325
5669/23,26/07/2023,Wed,6316,6502,0613,4398,6390,9868,3855,1890,3072,5656,0154,7969,0300,8348,0574,3824,9463,4564,0497,3715,5788,7004,3894
5670/23,29/07/2023,Sat,7035,6732,3222,2641,9469,4675,7089,3917,0337,1557,7138,0375,6689,7244,2221,8177,9522,8768,1458,1894,6615,8485,3970
5671/23,30/07/2023,Sun,0398,7471,7749,4008,2364,9723,7086,5014,7809,9411,2157,5865,5109,2318,1225,1835,6339,0462,8054,7838,5949,0150,1577
5672/23,02/08/2023,Wed,9873,7616,6502,4290,6240,1951,3081,9526,7953,0563,0760,4917,6633,5057,6000,9156,9084,1642,3769,0609,2455,8708,4225
5673/23,05/08/2023,Sat,8499,3568,4385,5902,6137,5442,1694,0339,8716,7807,6868,4419,0310,0729,3927,9777,3057,7636,1536,1552,5866,9110,0120
5674/23,06/08/2023,Sun,9981,6967,9489,1311,3403,9740,9677,5501,8140,5297,7022,7827,0377,9611,7290,4539,3502,0395,5029,2653,8720,7605,4475
5675/23,09/08/2023,Wed,0613,1577,8723,7355,6156,1799,1819,8350,4429,4432,4556,6183,9336,7746,9649,7612,0994,7339,3660,9171,0660,9074,3688
5676/23,12/08/2023,Sat,3992,4917,5726,5144,3758,0023,9778,6153,1230,3343,0490,4327,2774,5838,5240,2416,6047,9586,8562,4848,0637,5144,9411
5677/23,13/08/2023,Sun,6020,0408,4913,2947,2625,3232,3574,8914,5466,6428,8785,4873,6714,9719,5648,7444,6098,6753,1544,0507,3116,1426,8063
5678/23,16/08/2023,Wed,7239,7974,8939,2462,8656,4460,3241,2825,3544,4959,4366,5015,5503,8076,8059,5407,5702,4243,5720,1807,0273,3194,4669
5679/23,19/08/2023,Sat,1112,8096,7149,0424,6264,3965,8474,7558,9048,5896,6344,7832,9891,9034,4081,7274,6988,9503,3922,0453,9624,6927,8922
5680/23,20/08/2023,Sun,1628,2713,0899,4288,7135,7327,3858,3231,1035,6350,2044,9312,9589,4656,3825,4186,7529,4521,6466,4118,4618,6013,3612
5681/23,23/08/2023,Wed,6791,4639,1604,7925,1716,9911,9946,3872,3662,5949,0119,1814,8957,3189,6438,5216,2276,0383,7936,0025,7924,4574,9487
5682/23,26/08/2023,Sat,9013,9444,7496,9174,9391,0857,5907,2168,0316,2753,4627,6523,3183,1887,9031,9354,8777,4533,7508,1488,0141,6500,9424
5683/23,27/08/2023,Sun,3771,1414,9151,1781,4091,1892,7251,7234,0842,4366,3814,8052,2102,4435,3982,9700,5280,1969,1651,9348,7030,0316,5949
5684/23,29/08/2023,Tue,5125,1752,6632,6799,8880,8495,3059,8405,6160,8959,2190,5755,5224,3310,9221,4772,4112,1278,0941,8671,0570,7664,8614
5685/23,30/08/2023,Wed,6895,9289,6093,0860,4839,6103,2592,7476,2717,6885,2810,4003,5231,2286,4684,0610,7390,3078,9767,8863,5172,1507,8203
5686/23,02/09/2023,Sat,2636,6896,2342,9561,1454,6825,1733,6674,6610,4226,8296,9558,0077,1968,0525,0097,3473,5494,8462,2552,4506,9922,0140
5687/23,03/09/2023,Sun,2405,4472,3712,6572,3266,1630,0138,9988,9240,9551,7760,5293,2644,6063,0102,8371,0034,1403,6935,6077,1302,3781,1604
5688/23,06/09/2023,Wed,6554,1302,0938,5389,1646,3119,4097,4541,6647,6783,2061,0753,7967,0035,0239,4707,3328,5879,4842,4572,9170,6019,9343
5689/23,09/09/2023,Sat,1113,9861,3856,6176,4200,5520,4337,1707,3322,9851,8437,4447,8589,0074,9529,7909,9103,9758,1690,9342,7744,4719,5486
5690/23,10/09/2023,Sun,2484,8657,1192,2787,6386,6677,0264,5569,9273,2485,0815,7345,2953,9582,9293,9649,3747,9375,2639,4674,0017,4156,6440
5691/23,13/09/2023,Wed,1595,2006,9424,9421,9337,5505,9737,5374,4350,4127,0337,1452,1282,9434,8147,8602,0046,0160,7281,6571,2787,5207,4909
5692/23,16/09/2023,Sat,7672,0165,3811,5750,7172,7450,1495,4053,3887,5588,5678,8968,4077,0222,9811,0550,4955,5635,9381,7604,4201,0715,4488
5693/23,17/09/2023,Sun,3345,0708,2907,9235,8096,3514,1282,1010,2701,1874,0753,9783,6090,9026,3174,7620,7122,9788,0049,4279,6940,4762,0652
5694/23,20/09/2023,Wed,0178,4089,8689,6301,4654,3356,7452,5701,7984,5237,2718,0482,7288,6815,2016,4317,7538,8569,2498,7933,9626,6184,8307
5695/23,23/09/2023,Sat,3814,6366,9255,8731,4723,6462,9297,8217,0637,3608,6532,0552,9586,6452,5629,0406,5377,4575,9872,4309,8364,0232,9403
5696/23,24/09/2023,Sun,8124,5775,3690,9523,2094,9234,3652,8700,9782,6473,1031,7933,3172,1787,9552,1167,0890,8880,6756,7664,3852,4746,3085
5697/23,27/09/2023,Wed,6348,4048,8766,0337,2808,5007,3676,0071,6787,8742,0456,0993,8811,6509,8544,6819,2053,2958,3998,3831,2004,7618,5493
5698/23,30/09/2023,Sat,8135,1829,6029,7478,7303,1500,3952,5550,9258,9827,8750,0824,2255,8692,2174,8266,4859,9008,8887,7816,2866,1163,5009
5699/23,01/10/2023,Sun,5689,7642,6773,2949,8954,5225,1965,9587,6862,0969,1010,8465,5313,0168,0079,4561,7893,6088,3804,3352,2884,0895,9030
5700/23,04/10/2023,Wed,9268,0708,0814,8967,7602,2632,4115,6900,4185,2976,0093,6759,3979,3682,7428,2134,7425,8219,0253,5368,1149,3631,5602
5701/23,07/10/2023,Sat,5024,1668,9073,4522,6320,2278,7028,1210,3128,4296,2403,3069,3740,4275,4658,5930,9408,9560,5477,0612,6280,1456,0243
5702/23,08/10/2023,Sun,8575,5063,8070,5787,6983,3816,4436,8365,1393,5371,7333,6459,9131,2750,9773,9446,0824,9095,0638,6558,4972,7031,0183
5703/23,11/10/2023,Wed,2708,9708,6531,1535,2075,1141,3618,0797,8064,9535,4455,7287,3906,8065,9995,3390,2179,0542,1614,4776,8506,8654,4773
5704/23,14/10/2023,Sat,5361,8983,8258,4347,9479,8794,8231,0316,6750,4844,1541,8847,8927,6039,9948,4993,0066,2395,3555,9180,4744,3349,6908
5705/23,15/10/2023,Sun,3919,4621,5249,1688,4020,3491,0465,7058,6500,2284,3282,2171,0726,3494,1826,2377,0400,3463,2100,6048,9447,7524,7774
5706/23,18/10/2023,Wed,0374,7347,4800,3831,8507,4755,9867,5843,9679,5243,9561,1090,7556,2073,1282,2633,3659,4142,8603,5101,7166,7292,9830
5707/23,21/10/2023,Sat,1643,5537,7986,6822,8321,8484,8656,1061,7962,7802,1939,0555,3965,0129,1961,5510,3862,6838,6323,9360,9259,2782,0345
5708/23,22/10/2023,Sun,1111,8609,5414,6544,1006,3837,3308,5153,7183,5332,9991,0720,7566,8561,0998,8904,1163,1082,9440,6124,7684,0490,6164
5709/23,25/10/2023,Wed,3494,9818,6985,0513,6769,6756,3703,1308,0359,6150,8823,4155,1779,3979,7543,7607,6496,2660,3590,7057,8634,1418,4961
5710/23,28/10/2023,Sat,5198,2807,9079,5953,3474,4367,8839,7160,4990,6793,7584,4711,3386,9866,2627,7728,4541,1450,6881,4925,6720,2491,3716
5711/23,29/10/2023,Sun,9280,8539,3240,6674,7709,0063,0000,5645,8328,7681,1951,4367,6294,9657,6620,2680,4227,5861,1079,0453,6664,6262,8561
5712/23,31/10/2023,Tue,0893,8504,7933,6024,8873,4097,2714,8899,2287,2133,7001,2002,6768,7267,2974,3528,5580,2844,2320,8857,9093,1867,7627
5713/23,01/11/2023,Wed,7195,8787,4815,8749,0341,0103,9695,3366,8280,9612,4344,1866,1266,0599,6998,0172,6538,3888,5941,1533,2961,7672,8113
5714/23,04/11/2023,Sat,8522,2108,3515,9711,8740,3591,9579,9365,3058,8482,0406,8129,9276,5766,0254,9924,2700,0253,6988,4948,3144,1361,9198
5715/23,05/11/2023,Sun,4158,5339,4724,6125,3125,4391,3367,3548,5185,0066,3244,5126,4171,0151,9909,2416,2437,9862,8107,1095,8643,3067,0438
5716/23,08/11/2023,Wed,3560,3960,7970,8744,2969,4269,3772,1957,3489,9049,1399,6510,3865,4621,5149,0510,4178,4745,8286,5015,3656,6033,9814
5717/23,11/11/2023,Sat,8675,0469,6581,2417,5000,3754,0778,0456,6925,6134,5015,5773,4607,9767,6629,4184,5136,7355,4887,1542,2062,8880,6256
5718/23,12/11/2023,Sun,3097,8508,3030,6164,9384,4329,7003,2802,8863,1532,0610,1314,0871,2666,3246,4263,3532,2436,8885,5522,5724,5107,6652
5719/23,15/11/2023,Wed,0271,9067,3427,9227,0765,7067,4412,0972,8853,2677,3869,2826,0676,4355,4250,1324,2597,4699,2007,9229,9415,5493,0519
5720/23,18/11/2023,Sat,6856,2940,8737,0513,7032,8229,2253,0560,7877,9480,5044,1172,7421,6009,0334,0337,6589,3677,9475,6971,6342,8938,2627
5721/23,19/11/2023,Sun,9043,0307,5736,9171,5266,2259,5839,9434,8646,8214,8404,0809,5185,1942,2671,7293,2968,2923,9814,6496,8861,9036,8111
5722/23,22/11/2023,Wed,2622,3027,2107,6788,9281,6575,5891,1299,2244,9710,3942,5906,7404,0434,3017,1485,0240,5008,1415,5608,8446,4239,5020
5723/23,25/11/2023,Sat,2351,7091,9976,5524,8818,5307,9811,2307,7239,7348,5787,5703,5815,4860,2010,4961,7600,8034,3171,2235,5772,0634,1681
5724/23,26/11/2023,Sun,6459,1252,1388,6756,2339,8016,1149,4928,9407,7381,6415,7974,1022,2400,6794,5763,4430,5959,8616,9415,6832,5337,7458
5725/23,29/11/2023,Wed,3145,2352,8446,9295,7952,6390,1955,8404,9819,2162,4102,7562,5744,3523,0593,5272,8516,7553,0938,2029,5548,2917,5817
5726/23,02/12/2023,Sat,4208,7522,5952,7203,4610,2661,7140,9102,9400,0538,4468,1223,3188,1591,2443,7737,5687,4696,7499,6234,4159,3129,2316
5727/23,03/12/2023,Sun,5289,0096,7973,4932,9452,5652,0833,2107,1278,6435,9149,4767,8668,5565,2285,4238,0653,2671,1637,7139,8688,6709,6052
5728/23,06/12/2023,Wed,7450,8971,1186,6448,4093,9861,7845,3791,5526,5583,6223,5023,0747,2986,6507,7955,9944,3292,4967,3839,7222,2959,8401
5729/23,09/12/2023,Sat,6886,8736,3955,5485,9134,3090,0594,9784,9032,5612,7255,6612,9968,0684,1352,9758,3954,7034,1891,1824,3888,5553,8122
5730/23,10/12/2023,Sun,9165,8667,0962,4600,4171,4807,9661,5014,5732,3062,0372,4903,5005,8136,6388,0341,7672,4604,9517,8567,5022,1947,8248
5731/23,13/12/2023,Wed,4081,7270,0807,1056,6629,3517,1485,8968,3786,4552,4008,6302,3128,2550,9110,6518,3532,7453,0409,1764,6505,8419,4285
5732/23,16/12/2023,Sat,5016,1355,2844,2608,7078,5281,8231,9608,8878,6769,7570,0439,0883,5789,6671,5908,7376,5728,6836,6863,4763,4509,5188
5733/23,17/12/2023,Sun,6099,2494,4363,5700,7531,8187,2396,3170,8737,0625,8207,2736,5051,3728,5769,4763,1358,2635,3761,8122,6029,6778,0656
5734/23,20/12/2023,Wed,0894,7700,0935,1853,4219,9494,5923,9912,6288,1406,1234,6704,8576,6606,6888,7929,9649,2688,0323,6532,7176,3283,7208
5735/23,23/12/2023,Sat,4001,5266,4764,6836,6914,4016,8098,4206,8762,0141,5882,3758,1236,2858,2161,5438,8760,1212,4204,4703,4883,6116,7871
5736/23,24/12/2023,Sun,1662,8314,4674,2762,0216,0823,9929,2914,5412,5498,8950,4659,3012,3506,8882,0488,3587,6293,8367,1593,4788,9786,8812
5737/23,26/12/2023,Tue,7871,9736,3567,8283,9119,1058,9475,6120,1362,5798,2903,1502,5867,0291,7687,2383,2367,6455,8595,8324,2502,2624,0070
5738/23,27/12/2023,Wed,9534,4710,7043,8929,4451,5755,9414,2160,5714,3538,2020,9408,1036,2014,1815,9487,8291,9639,6762,6124,5147,9688,1533
5739/23,30/12/2023,Sat,9221,1225,6181,0609,2976,5594,5696,0381,6060,5970,8725,0792,7561,8284,9828,8349,6295,0314,8597,5650,5971,4927,9389
5740/23,31/12/2023,Sun,1441,0877,5816,3623,1736,4985,7339,6000,8992,1745,1383,4944,4648,5775,5508,1644,9444,1086,9754,8936,7182,0009,4055
5741/24,03/01/2024,Wed,7672,6493,2528,2171,0343,3159,3856,1418,4125,1885,0605,2785,9369,0826,9159,7225,1744,8648,2224,6989,8166,1027,0445
5742/24,06/01/2024,Sat,6236,8079,2334,3691,1156,9821,6821,9138,8853,2676,1473,2747,4890,6877,7140,0441,3957,6387,0203,5791,3967,7488,7350
5743/24,07/01/2024,Sun,2550,8648,4707,7795,7185,4158,7181,6913,2197,2375,0619,6249,7981,3020,5778,5296,6853,5014,3944,4071,2213,0926,8613
5744/24,10/01/2024,Wed,0190,2400,0205,2811,1882,1762,5698,3817,8518,0804,3068,7493,7211,1586,4526,0189,3134,5497,0097,1657,6432,4108,4924
5745/24,13/01/2024,Sat,3760,6046,6758,5249,7193,6812,4845,7190,9077,1503,3737,4926,2478,3990,6370,8641,5552,9671,2820,3101,4787,0286,0805
5746/24,14/01/2024,Sun,1835,6507,7745,8767,5829,6563,9590,8609,8252,7288,8274,9164,5415,1883,2957,4277,9787,7511,8064,2210,1908,6864,2485
5747/24,17/01/2024,Wed,2314,5300,6382,4316,1737,2982,8758,7618,1356,8121,7123,8648,5123,8431,7933,1548,1749,9901,1890,0052,4510,6923,7399
5748/24,20/01/2024,Sat,8028,0321,7367,2544,6446,3486,3082,9322,4156,3685,2451,8601,9396,3509,9095,1188,0933,2251,6217,1707,1367,9263,8236
5749/24,21/01/2024,Sun,1514,7195,8434,6629,0892,4650,7370,0061,9967,9487,4838,7914,4744,1671,8272,3597,6252,4703,5892,1707,0892,4739,4283
5750/24,24/01/2024,Wed,0739,3893,9727,6960,7983,6140,7028,5288,7325,0681,0979,4695,1185,2751,8999,3504,8228,3155,3945,8636,7337,7428,9657
5751/24,27/01/2024,Sat,0712,2589,8075,7089,4402,3364,8738,4693,4829,6637,7058,6245,8270,4075,5372,5109,3738,1883,8946,4292,1170,4809,7778
5752/24,28/01/2024,Sun,6186,0601,5074,6595,9643,0672,6348,2980,4866,4032,1107,2246,8474,3355,0885,8765,3868,1298,5214,9826,1866,0426,0827
5753/24,31/01/2024,Wed,5196,5967,3178,0822,7124,1283,5668,9556,6187,4583,3279,2281,7143,8753,8926,1128,5801,0333,9738,8369,3017,8257,6532
5754/24,03/02/2024,Sat,4067,2975,1108,9017,3692,4150,9637,3676,5122,6569,5484,0218,1383,9373,3703,0823,9336,8412,2848,5556,8682,0903,2594
5755/24,04/02/2024,Sun,2970,1109,9330,8628,1634,5527,4025,6441,3177,2388,0945,0364,7142,0574,0165,9124,7957,9060,6758,4056,8972,6234,1741
5756/24,07/02/2024,Wed,3225,1981,4784,5687,9365,2543,4512,6574,7422,6218,2219,9268,5532,1087,1537,4164,0319,6310,6964,3039,6840,3798,0850
5757/24,10/02/2024,Sat,2393,7619,0518,5156,8700,6784,0818,6907,8746,6057,3689,9560,5626,1796,2125,9947,6640,0192,2667,6251,8668,6688,2074
5758/24,11/02/2024,Sun,0863,6531,9014,9304,7052,4490,5688,5547,2853,4646,7065,4387,2325,5516,6597,7818,5101,8875,3864,3822,8249,8206,1255
5759/24,13/02/2024,Tue,0148,0469,8492,2177,8474,8317,0584,1709,4660,4885,8608,3292,9010,6330,7238,7218,3243,0780,7799,5406,6199,5935,3090
5760/24,14/02/2024,Wed,2164,7085,3525,2646,0771,8159,1205,0637,3209,2066,3044,5562,4985,0136,0461,2793,1106,9699,2914,3717,4801,1759,6266
5761/24,17/02/2024,Sat,5215,4606,7991,1112,2681,9873,1132,0945,1382,2996,6388,6475,2100,5118,1914,3663,3226,2065,6568,4332,1074,3059,3024
5762/24,18/02/2024,Sun,0280,7626,2606,1383,4916,8887,8247,1837,0493,8529,0570,2259,8132,8507,2951,2432,7919,2237,4709,8327,3037,0721,5918
5763/24,20/02/2024,Tue,6320,6668,7217,0062,7970,5527,0385,6403,6222,7950,6872,9106,8962,1821,9955,6239,3968,8303,2994,5936,9244,7570,1814
5764/24,21/02/2024,Wed,9015,5022,4142,8588,7142,1630,8441,8472,7570,5354,3038,4165,3539,1948,2487,9197,4586,1754,8656,6842,4408,5153,6424
5765/24,24/02/2024,Sat,6281,7276,8976,9048,2825,6526,3351,0344,2084,9319,1115,9294,5675,4836,2635,6099,8552,9032,1807,2163,2488,0496,0715
5766/24,25/02/2024,Sun,8517,2663,3273,8246,9959,5253,8097,6635,2161,4835,0104,4694,6030,8747,6289,0257,5971,5562,0962,2240,6665,3410,0706
5767/24,28/02/2024,Wed,0447,6023,2109,6495,9640,0076,2151,1523,2491,9028,9973,2936,4650,4237,7097,0222,7665,2490,3541,9733,7262,5273,8986
5768/24,02/03/2024,Sat,1203,1227,7191,5637,9906,4028,8919,7598,6942,0503,8977,9323,0938,2508,5925,6964,9853,9094,3447,4067,8788,7064,5629
5769/24,03/03/2024,Sun,2950,1626,6777,3230,5687,1325,7066,5816,9005,5930,8981,9082,4104,7271,9910,8089,1213,5349,1822,4371,0957,4956,5070
5770/24,05/03/2024,Tue,8605,0410,9114,2103,7022,4503,4903,1487,8382,0991,9811,1589,5290,5357,1152,1543,9957,0965,7211,1719,9260,8035,9286
5771/24,06/03/2024,Wed,5653,5811,7076,9846,6049,8157,0682,4634,5767,8335,8705,9353,4900,9467,1620,0142,5144,3989,6308,6705,4825,2632,9388
5772/24,09/03/2024,Sat,6243,7901,6838,1390,2775,0677,0103,1770,7030,7488,3597,6862,8045,9330,3201,6767,1962,2661,6121,9659,6816,3187,9012
5773/24,10/03/2024,Sun,7774,4461,7002,0045,9441,2371,1781,1608,1833,0458,2603,3642,4670,3694,6613,1918,4105,4537,7484,5460,1297,5205,6466
5774/24,13/03/2024,Wed,5075,1775,1343,6455,5235,2232,4307,4076,4966,7560,3596,1820,9551,8983,2262,9089,5685,7075,1613,0658,8176,4819,1755
5775/24,16/03/2024,Sat,8483,1430,9269,1443,6806,6454,1397,1582,7108,7919,6146,0480,4731,9635,3035,3001,8496,5070,4666,6912,9917,3893,9017
5776/24,17/03/2024,Sun,6419,8313,2218,2479,1630,3548,3236,6770,4901,6016,5850,8333,3646,6115,5461,0101,5258,4398,2689,6140,1277,5787,1385
5777/24,20/03/2024,Wed,2375,6363,2063,0708,4690,7964,0806,0835,0956,1136,4776,6435,9102,4007,6235,7997,9841,7230,7438,7697,5494,0280,0956
5778/24,23/03/2024,Sat,2013,1622,5538,5302,8257,2747,7071,5110,7407,4038,9429,6842,8025,8795,6556,6707,5968,7599,1156,9415,0941,0865,3185
5779/24,24/03/2024,Sun,3290,5511,0581,9912,4741,6446,0315,6791,6380,9057,2394,8935,3505,9964,6694,4694,1369,7793,0985,8794,0437,2562,6015
5780/24,27/03/2024,Wed,7479,3657,2763,5824,7025,8547,7115,3929,7629,8195,5672,4750,2229,1406,9186,8938,3161,1184,5465,0424,1111,7804,9645
5781/24,30/03/2024,Sat,9107,3286,7320,5539,3230,0190,5785,2969,8125,9945,9540,1597,6097,7615,3024,8137,0501,7794,6193,8427,0214,0190,8768
5782/24,31/03/2024,Sun,6886,1094,1670,4333,1801,9605,1781,5983,2094,9699,0049,7193,6502,6567,1106,3218,9226,7823,6410,4701,7234,9027,1880
5783/24,03/04/2024,Wed,6257,4368,6891,1349,5884,9664,5877,7636,2009,2953,5378,1859,3535,1055,4887,8004,4395,8846,5371,5404,9717,1364,8171
5784/24,06/04/2024,Sat,7755,2579,5809,3403,5602,6812,4651,8700,0631,6102,2525,4388,4045,4393,5514,4862,6053,4648,2539,0098,4310,3711,8506
5785/24,07/04/2024,Sun,0766,4498,6560,6915,5849,6077,2668,7615,6999,7496,2155,4792,5365,6530,8306,9341,8038,8042,6965,7429,4898,1167,4661
5786/24,10/04/2024,Wed,8467,4085,8282,0001,5392,4597,1274,3970,4169,6652,4385,4303,9451,4469,3163,8897,6210,9013,1249,6775,6581,2557,0072
5787/24,13/04/2024,Sat,2035,4016,8519,5392,6127,4325,5227,9991,9053,6485,8721,8243,5868,8355,2078,6617,8004,2182,1642,4079,6993,2071,1122
5788/24,14/04/2024,Sun,3241,0688,8128,9466,9063,9789,6060,4605,6308,1287,5059,1305,0521,7607,3507,8184,1157,1779,3170,4175,0215,5281,7830
5789/24,17/04/2024,Wed,8149,4704,3243,7141,7227,6305,1971,0155,5904,1765,6050,1666,9899,2648,2373,4918,9784,0719,1508,6097,8751,2731,3865
5790/24,20/04/2024,Sat,1864,0320,8422,0859,6939,5525,7936,3761,5900,6840,8069,4101,6702,7104,0148,2244,6058,7846,9051,0854,4218,9168,5128
5791/24,21/04/2024,Sun,6117,5251,3615,1922,4185,5670,9113,1178,7891,5531,7242,1298,6252,7981,8285,3269,9628,4616,4827,4314,2276,3201,8413
5792/24,24/04/2024,Wed,4499,4001,0285,6963,0511,3548,8168,7135,9431,8632,0537,8895,4398,7012,1489,6912,3333,8508,9044,3424,7931,3602,3052
5793/24,27/04/2024,Sat,7386,6003,7365,0649,1063,4790,8591,1156,0639,2996,5291,1205,1885,1554,3836,4425,6279,2239,4154,1444,5683,8536,9759
5794/24,28/04/2024,Sun,6661,2900,1252,1779,8001,1609,0169,8725,5864,9875,4709,3221,8030,6529,6232,6279,0695,8706,3527,7661,2094,8322,5476
5795/24,01/05/2024,Wed,4800,5652,3089,0215,4924,8513,1802,3958,2858,0953,1763,8131,6056,3920,9736,2583,8427,0825,6274,6518,8366,5700,3545
5796/24,04/05/2024,Sat,5317,8145,2448,3626,2922,8315,5124,2442,8462,7965,8009,2886,9982,2031,5201,2905,7550,7857,3113,6571,3212,2476,6225
5797/24,05/05/2024,Sun,7586,0623,9047,9410,0979,6903,7391,4877,5648,2351,3414,1109,5590,6391,8517,1953,9886,7925,2465,5698,6029,3076,7282
5798/24,08/05/2024,Wed,4393,4095,9250,8204,0717,5022,5237,1914,9722,8414,9755,8611,6722,4796,4942,3999,4498,8372,1730,6638,4757,0272,8879
5799/24,11/05/2024,Sat,0809,0664,9828,0144,2806,3302,0929,0121,9845,8544,3407,9282,6987,7241,5896,9907,3496,3764,4894,3065,0546,7408,6727
5800/24,12/05/2024,Sun,0898,3287,5096,4612,7285,3447,0275,7381,0079,5504,7390,0380,4059,0503,0541,5483,4977,3767,1072,2388,1381,1951,1760
5801/24,15/05/2024,Wed,1737,5238,2297,8207,3493,9114,5799,3787,0965,9183,3228,9858,4014,5195,3900,6925,2145,6848,9994,0191,4955,2108,9620
5802/24,18/05/2024,Sat,2948,6358,0957,9301,8660,6446,5659,1909,6145,4513,9237,1242,1566,1898,2989,8313,9775,1803,6746,9499,3355,4855,1792
5803/24,19/05/2024,Sun,0897,7552,6770,2210,4975,0005,2816,0533,6358,4057,0053,5455,9668,8550,9313,8401,0601,8930,7907,7329,1558,5115,4950
5804/24,22/05/2024,Wed,4026,9227,9555,3805,2179,8911,6741,2524,7604,4969,2359,0778,7190,1730,1261,5153,1018,1294,8714,4273,1497,9351,0640
5805/24,25/05/2024,Sat,3087,3502,1210,7260,7714,2676,7604,2477,0702,6394,9791,1799,6036,1359,6763,5869,6686,7198,0317,7926,9139,7043,0774
5806/24,26/05/2024,Sun,9114,2230,4135,3411,6621,4866,9318,6224,1878,1517,4777,1096,5468,4878,7930,6642,8610,1148,6265,7682,6578,8534,9029
5807/24,28/05/2024,Tue,8403,1063,2012,1570,3422,1992,9581,9098,5501,9349,0190,9896,7763,6928,4944,8196,9089,7004,9097,8115,8772,7673,2867
5808/24,29/05/2024,Wed,6137,8685,4985,8488,7178,7277,0283,5489,2912,7416,2451,1240,0304,3790,7333,4660,6197,2398,0522,5354,7510,3031,8429
5809/24,01/06/2024,Sat,3448,8306,0420,5023,5342,0242,7553,1492,2863,5528,5663,3602,1256,4073,6658,8196,6364,4025,4956,4747,6246,2522,1131
5810/24,02/06/2024,Sun,5172,8485,6193,9650,7430,7848,9764,3224,8140,6863,3690,0889,3589,3877,9411,6681,0265,6768,8103,3422,3756,3845,7447
5811/24,05/06/2024,Wed,2517,9518,3677,9732,8568,3874,7144,3469,2656,1731,1791,9431,7469,8863,4297,8392,9995,8384,7566,1817,9741,7227,1703
5812/24,08/06/2024,Sat,0173,5612,5429,2321,5761,7815,5844,4876,2414,3862,4953,0873,4250,6264,8907,8293,9709,2136,8151,2623,3646,0883,2357
5813/24,09/06/2024,Sun,7686,6443,1523,4677,5993,5283,4851,9533,2561,0396,3027,8925,7183,0735,5174,5403,0065,6318,2629,1571,1721,3344,7763
5814/24,12/06/2024,Wed,1663,0494,9417,5435,2095,8802,7695,0558,3767,9846,6075,2901,7823,6868,7905,1868,0363,3425,2485,5872,4136,2221,6768
5815/24,15/06/2024,Sat,7215,8278,6683,6144,9694,9836,8576,2620,7599,9934,6841,0354,0698,9473,7960,2905,7323,4652,9067,2084,3326,7382,0220
5816/24,16/06/2024,Sun,4055,0166,3451,7955,4147,0125,2540,8429,7667,1048,8688,8365,4790,8281,2297,4667,5573,7366,6167,3347,6847,0557,8281
5817/24,19/06/2024,Wed,0084,3661,9795,0071,6899,8698,5357,5739,3750,1742,6762,1930,0732,8156,8534,7230,0547,5534,1775,5053,9905,7113,1356
5818/24,22/06/2024,Sat,3497,0398,0746,1333,5224,7010,8163,6202,4738,7419,6186,4025,1123,6475,7232,3928,1696,2360,4517,4118,4562,8489,8110
5819/24,23/06/2024,Sun,7296,9029,8764,4992,6919,7880,8952,6545,3389,6008,5949,2283,3103,1805,3229,0448,7347,0262,7833,0585,3409,4298,6721
5820/24,25/06/2024,Tue,9334,2560,3327,1283,2025,5076,1533,6813,8624,3290,4120,0648,3136,9794,2704,9812,1776,6443,8357,1055,5454,4478,7464
5821/24,26/06/2024,Wed,2664,9683,3467,7193,7768,5532,8128,4565,4598,3765,7884,2658,7609,4079,9963,3466,0962,0600,3230,0225,9816,9676,9075
5822/24,29/06/2024,Sat,2353,5572,5344,5455,2196,2491,2996,2288,6224,6053,5542,6862,7645,1800,0840,3375,4753,6546,3486,9919,0373,7707,8464
5823/24,30/06/2024,Sun,7603,7325,9182,0563,3315,0096,8297,4798,2477,5835,9909,1498,3200,7911,3359,7002,4419,6363,8128,3007,0882,1801,5479
5824/24,03/07/2024,Wed,3451,4656,6469,7050,2719,1301,7265,9348,8336,8754,4876,6803,9160,5977,1103,3536,7961,8677,4011,2603,1766,4210,7889
5825/24,06/07/2024,Sat,1327,5391,6382,0471,6963,7869,7584,1430,5118,2095,7492,5512,3801,3032,3247,5623,9201,3620,5577,2632,5571,0449,1755
5826/24,07/07/2024,Sun,4017,1794,0888,9268,3180,7818,7719,5159,0455,8723,1376,2067,7926,3646,9771,6561,3714,4396,2428,8993,6225,3441,1935
5827/24,10/07/2024,Wed,5292,8957,4785,9728,6609,7678,0897,8594,8654,3277,0909,6891,5983,4677,3679,0743,0972,1453,4421,7536,9376,1879,7173
5828/24,13/07/2024,Sat,5053,7274,9764,2667,3863,2910,2869,1644,4604,7039,7892,3895,5719,7363,3147,4262,2578,0578,3679,4696,5093,0458,3370
5829/24,14/07/2024,Sun,3910,0436,0545,6479,9144,8664,6931,5572,9836,7909,7296,0861,4179,1332,3336,5349,3905,3458,4337,8639,6169,3494,6116
5830/24,17/07/2024,Wed,8568,0506,6280,5546,0080,9979,7462,7208,7057,8959,7087,6065,0916,6341,1851,6922,5997,7545,7160,8822,3085,8969,4664
5831/24,20/07/2024,Sat,5066,2529,4280,8780,6559,7247,5852,4784,3077,0376,0266,4341,2201,4295,9387,0777,6974,5773,4144,5851,5112,2334,2287
5832/24,21/07/2024,Sun,7244,0574,6643,9781,8114,4289,3093,2596,6942,5873,9951,7244,7982,0334,7032,6360,8043,0284,2718,0284,5376,9613,8573
5833/24,24/07/2024,Wed,9938,9161,8388,7837,4854,6089,7758,1120,9511,9175,6834,1355,5610,8677,8707,0545,2873,6854,2077,2773,7949,1370,8549
5834/24,27/07/2024,Sat,8480,2309,6088,5184,2617,0470,6550,8430,2935,1379,9786,7066,6839,9467,6958,4591,8761,6726,4378,0831,8611,0781,2371
5835/24,28/07/2024,Sun,9769,5000,0545,7636,3712,0374,7246,0349,7275,5789,0742,6330,6756,5315,9664,0606,1978,1509,5877,3639,6793,3949,7080
5836/24,31/07/2024,Wed,5078,9913,7431,1062,0875,6886,7602,8473,1478,1184,6502,8724,2428,6993,6189,4077,7851,7148,5058,2819,6381,8665,1237
5837/24,03/08/2024,Sat,0315,9727,8548,7078,4341,1729,9377,3834,9509,5020,0215,5557,9519,7023,7276,0118,4836,5370,9657,6127,3323,8129,6339
5838/24,04/08/2024,Sun,7496,9462,6871,3535,2938,7580,5652,4707,7779,7897,0837,1794,6260,6348,3721,8426,7389,8919,8543,1701,4261,1358,3570
5839/24,07/08/2024,Wed,2899,3484,1287,0393,7459,2179,7676,4108,5200,7968,1662,2970,2085,6060,1606,1410,5663,2872,8907,4366,5006,2650,9497
5840/24,10/08/2024,Sat,2515,2296,9482,9779,9151,6818,5055,4400,2970,7139,4086,3691,7605,0380,6423,3930,0204,8594,7022,2541,1746,3517,6508
5841/24,11/08/2024,Sun,8371,8806,3974,8251,3761,3624,9328,4575,4867,1583,8285,8158,8695,3656,2788,3288,7340,4729,2011,0772,8929,9387,2413
5842/24,13/08/2024,Tue,4332,0750,5145,8195,6033,9267,8962,1895,7955,9086,0674,0656,8591,0056,2142,1554,0419,6921,4720,2756,7454,8725,3836
5843/24,14/08/2024,Wed,5396,0991,5243,9746,0672,5794,7081,1653,9042,2706,3502,8094,6970,5113,2045,0074,6385,2175,8463,2731,7922,3010,3959
5844/24,17/08/2024,Sat,0176,4492,5694,9646,1865,1206,1435,7432,7203,1762,2682,7576,8720,7275,5760,3739,4642,6567,2892,5011,2101,7974,2719
5845/24,18/08/2024,Sun,2566,3524,3523,6536,2884,6573,4677,6359,9187,0073,3767,0875,1073,7790,3305,0326,7207,4031,0841,9728,8352,4453,5274
5846/24,21/08/2024,Wed,7763,9848,2506,0908,4699,3825,5759,8786,8712,8240,5234,0325,5780,3543,1894,7584,1227,9563,4544,4493,8430,9387,7612
5847/24,24/08/2024,Sat,5225,0404,4799,6002,9037,1829,5700,0477,8341,4797,9409,1953,4362,5362,3879,3975,2615,9675,6431,1155,9586,9164,6612
5848/24,25/08/2024,Sun,7881,5626,4194,0130,5968,5603,4655,7928,6305,5297,1859,2162,5632,4728,4305,5179,6980,1274,7636,0374,0971,8085,3365
5849/24,28/08/2024,Wed,2593,7377,5078,4378,3003,1575,9490,7190,4992,2081,6645,8399,4056,2329,4730,7402,6424,0995,6525,8535,8107,3370,9892
5850/24,31/08/2024,Sat,0138,1827,8041,2472,1129,2956,2991,4132,1300,8347,5244,4399,8113,4422,8462,9308,2334,3699,5216,9476,3697,4281,2556
5851/24,01/09/2024,Sun,2330,0058,0465,0883,3625,3417,3441,9046,2270,7773,9742,7937,4023,5257,8495,5375,7209,6051,1227,6705,7348,1270,6307
5852/24,04/09/2024,Wed,5413,5573,9736,4195,1976,5263,1343,5721,0312,6322,1269,5341,3743,8130,1707,8044,2426,9275,5838,7802,0893,5625,2432
5853/24,07/09/2024,Sat,3131,5202,2171,1671,8820,6318,9777,9921,6895,1871,1040,7949,1126,1617,6296,3763,7876,1270,8973,4187,5940,2507,0893
5854/24,08/09/2024,Sun,7042,3982,8383,0248,7902,9719,4883,0450,7225,6323,5176,9744,3157,5259,6461,4407,8118,1993,6249,4279,5994,5670,8501
5855/24,11/09/2024,Wed,8537,0442,2608,6554,5231,4071,6801,9153,2576,6440,2457,5357,7630,6320,1763,8892,9317,5105,7109,5547,3970,8038,8888
5856/24,14/09/2024,Sat,3354,1496,0717,0917,7361,8065,8747,5134,2747,8902,9075,7888,2235,8919,5759,5018,7434,0705,2309,0920,2761,7116,4759
5857/24,15/09/2024,Sun,0041,0442,7850,1029,6964,9776,1766,6484,3157,0626,6541,1722,1613,8352,2119,7378,9952,3564,8361,9322,0771,6744,9380
5858/24,18/09/2024,Wed,4946,6687,7040,6608,5684,8952,2331,2468,8224,8838,4408,4195,1389,0205,6701,4329,2672,6653,9955,5058,5882,2438,8049
5859/24,21/09/2024,Sat,6131,2278,7944,0632,3285,5442,3471,1162,1925,3765,4975,3764,5168,0813,0565,7205,1003,8035,0193,5558,0513,9335,4678
5860/24,22/09/2024,Sun,9907,6059,2641,4320,9197,1554,3843,9503,4776,0775,3642,8241,2858,9047,0835,8728,2190,4063,5848,7795,1978,1512,0618
5861/24,25/09/2024,Wed,4678,2640,0630,1413,9672,8817,1856,1717,1868,9268,8215,5710,1466,4220,9916,2996,9442,0533,2971,7474,4048,5991,3648
5862/24,28/09/2024,Sat,4609,5165,5503,6800,2460,8933,7332,8452,8382,5729,5647,4623,9026,6230,3300,8769,1665,6030,7301,8334,9278,2185,3240
5863/24,29/09/2024,Sun,9033,3642,6426,9910,0753,1592,0894,5822,5006,8709,4664,3303,9512,9916,1067,1045,9105,2863,3769,8059,9557,8137,7685
5864/24,02/10/2024,Wed,6543,7537,6524,3756,2471,8812,5513,8905,6349,1163,0914,1604,5245,2671,6562,2593,2180,6147,6289,8443,7833,2202,3088
5865/24,05/10/2024,Sat,5203,3045,5173,6032,7605,2251,9613,0816,2932,9795,1241,3345,6304,0802,1105,9769,7799,0589,9289,6687,4843,2400,4795
5866/24,06/10/2024,Sun,2681,1363,9501,1704,8829,5762,4649,3571,8280,6240,6870,3950,5913,1029,5121,2726,8311,4910,2373,1592,4595,8370,4739
5867/24,09/10/2024,Wed,1486,9422,0040,9638,7475,8449,3207,1486,4440,7255,8139,0210,9984,6111,8221,5557,6736,9906,7571,4859,0443,0892,0183
5868/24,12/10/2024,Sat,5088,1777,2323,0379,2847,4507,7434,1518,5949,6424,0052,1050,4057,3217,7128,9589,1408,1310,4285,4434,2355,5899,5849
5869/24,13/10/2024,Sun,6146,9132,3143,5723,8744,7038,5559,8761,8916,1343,5153,0007,3484,0062,2219,3754,1241,3924,9020,7399,6882,0661,5360
5870/24,16/10/2024,Wed,8111,3884,2411,7395,8327,7594,5081,9820,7670,7982,1464,8769,5328,7418,6780,6271,1143,0995,9322,1115,9934,1732,2194
5871/24,19/10/2024,Sat,6115,8326,0434,7762,6559,1986,9144,8591,5737,8203,2212,7202,0182,1227,3464,8749,8779,9022,7627,8149,8012,9886,9134
5872/24,20/10/2024,Sun,0229,7462,9020,0957,2976,5749,8088,6234,4000,1360,3636,6858,0441,7416,4206,9031,9410,5561,9811,3019,7584,7612,0539
5873/24,23/10/2024,Wed,9946,8008,2680,4722,8095,3764,2311,1325,1794,9834,3811,1367,8215,5597,7717,9520,3034,2086,5617,5909,9606,6202,9245
5874/24,26/10/2024,Sat,5809,5774,2917,4575,6444,0437,2987,9790,0871,2570,6708,5199,2402,1596,8218,8791,0982,7804,9159,0614,7560,6640,8238
5875/24,27/10/2024,Sun,2369,1079,5604,8663,7057,3693,9555,4533,6563,1676,3051,2127,4176,6932,1597,2818,2381,7039,4091,4710,0723,9119,0114
5876/24,29/10/2024,Tue,6501,8783,7963,9535,8458,8629,3325,0234,3081,0272,0775,6366,4268,6673,0286,4569,8434,8077,3582,5089,0168,6815,7353
5877/24,30/10/2024,Wed,8018,6666,0140,7931,3295,9800,3813,4029,2165,7108,5240,0263,7867,2346,1407,1921,3417,8880,0873,5738,0059,2787,2113
5878/24,02/11/2024,Sat,1493,0803,7273,5762,6138,4929,4157,4246,3498,5941,0050,9562,1707,9050,1166,8301,8151,8788,3418,7690,0458,9440,0916
5879/24,03/11/2024,Sun,9628,9290,9308,2401,0990,3989,3563,1842,3122,8356,5369,0070,9045,8418,4410,0091,1016,4350,0088,3636,0799,3490,2861
5880/24,06/11/2024,Wed,0199,7922,2026,7676,4701,8539,0520,7737,7013,6450,0697,3227,6299,1132,7893,5912,9303,6326,0100,0283,6291,4981,1402
5881/24,09/11/2024,Sat,1239,6450,9643,9421,4709,5003,9990,7777,6727,6757,7751,9393,1652,1342,5794,4692,2200,7501,4922,1080,2420,5810,7654
5882/24,10/11/2024,Sun,5772,3377,7615,7180,0857,0956,3340,1440,2320,8255,2136,6451,6344,7577,2575,1544,4605,6802,4725,0048,9171,7971,9555
5883/24,13/11/2024,Wed,5258,7512,0639,4770,2729,8606,7635,2775,0211,3544,2403,2569,8722,8824,8484,3671,4638,7863,8849,6021,1285,2325,7090
5884/24,16/11/2024,Sat,0760,5567,0516,0246,4304,1600,2599,8709,5833,6904,0795,3335,0500,7289,5632,5801,4427,6130,6573,1207,0968,6684,9250
5885/24,17/11/2024,Sun,9163,1786,9295,9250,5801,6374,7448,4147,5287,9600,8996,0470,8796,5815,7375,9542,1381,7779,0457,7666,5755,6100,2983
5886/24,20/11/2024,Wed,6430,5822,1739,0988,7693,7683,8287,7786,3042,1680,9557,8971,0768,1841,3149,7929,6628,3460,0192,7044,6141,1038,2410
5887/24,23/11/2024,Sat,4308,1774,1931,2835,0143,0184,2062,6689,4478,6649,7456,7055,9703,0072,5076,6502,2429,2272,4874,6175,8279,7501,0646
5888/24,24/11/2024,Sun,9666,1018,0433,8574,6156,5896,5821,7628,5207,4606,6589,4358,2787,1798,2671,9040,5393,7786,7517,7078,4933,4734,0232
5889/24,27/11/2024,Wed,2590,9155,4353,7597,9559,1403,0486,0346,3883,8128,6469,1496,2628,3294,2403,5765,7482,8123,2162,0366,7796,0527,7297
5890/24,30/11/2024,Sat,4418,2569,6757,1554,0817,7971,9091,1439,9751,2581,6668,2808,6126,2627,6895,6886,6258,2592,8902,8248,1344,5763,6126
5891/24,01/12/2024,Sun,2758,2664,7655,4909,6289,3789,6260,0643,8910,1850,7239,0578,7153,7387,9440,1588,5715,8067,9203,0022,2445,7447,1990
5892/24,04/12/2024,Wed,5650,0758,4654,9796,1684,8664,8742,8227,6875,6244,4824,6817,3862,2561,7331,7436,7470,8154,3316,8340,1631,1885,4310
5893/24,07/12/2024,Sat,8433,2549,4268,0333,2096,5520,0379,4553,7247,8155,8664,6178,3656,9430,3414,6082,3168,8907,9855,1205,3394,7281,9901
5894/24,08/12/2024,Sun,3265,5841,1562,3801,1772,6275,9200,7583,0360,1816,0076,0200,3052,9373,4080,3763,5294,6637,5900,5818,3689,7914,7159
5895/24,11/12/2024,Wed,0717,6839,2230,8596,6243,7249,6669,4816,6184,4787,1624,9967,6302,7191,6477,7981,4051,1177,0326,8118,7990,5700,3385
5896/24,14/12/2024,Sat,9356,9312,6088,8458,5350,4655,0403,2507,4182,8146,0571,6650,1224,7050,8367,3609,8056,7084,1314,9822,4986,4391,0643
5897/24,15/12/2024,Sun,2531,2766,5259,1903,1337,5812,9467,1848,2030,0992,6204,5952,7721,8566,4635,3879,2712,9234,3684,9430,3426,7387,7358
5898/24,18/12/2024,Wed,9247,0388,8107,6622,5553,0927,2954,7965,4876,3085,3143,2178,8009,2793,5037,3072,1636,3967,2664,0219,9306,6787,7865
5899/24,21/12/2024,Sat,1573,8090,8813,6385,8567,3554,5223,6334,2757,5809,7881,0280,8148,2359,2102,0115,7709,9996,7048,1249,9068,3090,4725
5900/24,22/12/2024,Sun,7819,1610,6419,7482,8085,8911,0059,2741,3477,5621,7240,4922,1896,1109,7964,6801,1400,0702,7208,7743,5297,8628,5779
5901/24,25/12/2024,Wed,2277,4376,6821,0392,5840,2240,5293,9140,9819,4019,6545,6871,2222,2090,4817,1044,4847,9698,8460,6007,2698,0932,8586
5902/24,28/12/2024,Sat,3970,1759,8810,3766,0895,6875,5384,2505,4377,9477,8358,6648,0288,7732,6318,5733,1123,2570,3046,6962,8678,3621,0434
5903/24,29/12/2024,Sun,9497,8025,6992,7144,8850,2779,7444,1309,8482,0474,1850,9604,4506,0835,0353,1823,4296,2998,8045,5656,0389,5250,4724
5904/24,31/12/2024,Tue,8037,7598,7959,8250,1291,5492,4579,6681,7105,4457,3500,0930,5770,3512,3453,6175,6474,9815,9185,4181,3860,4449,4242
5905/25,01/01/2025,Wed,0966,3253,3972,5127,2688,3658,0852,8551,2226,4924,2497,7068,0840,7931,3969,1165,0245,5687,9733,8087,1361,2828,0314
5906/25,04/01/2025,Sat,0384,2542,7537,2747,6284,5579,9076,1979,3413,6078,7197,4474,8671,4015,6895,5010,2933,8183,6491,1582,1446,9526,4986
5907/25,05/01/2025,Sun,2010,6674,5618,5770,5826,2430,1680,4910,6873,0960,4712,5305,3527,1525,4931,1876,5625,8383,9307,0017,2722,7224,2831
5908/25,08/01/2025,Wed,1913,6874,3362,3160,0571,5693,2536,6706,3476,1714,6502,7550,6334,5044,3409,6853,1133,2274,5530,7637,1262,4654,5209
5909/25,11/01/2025,Sat,0141,0935,3544,9309,7943,6334,4598,8027,2290,2964,6791,9454,1046,2480,2464,5112,5792,6489,8547,1937,4356,5394,8501
5910/25,12/01/2025,Sun,8438,8984,5164,1484,3599,2964,5199,2525,9536,6562,8749,2669,2946,6332,5189,7905,1904,1606,1027,2472,1600,8156,7915
5911/25,15/01/2025,Wed,8847,6734,2983,5125,8330,7992,3299,9198,8194,1780,4520,9706,5605,8012,4529,9191,2467,2971,6672,5392,8621,7305,8596
5912/25,18/01/2025,Sat,9844,1426,4980,4042,0087,2515,9474,8883,6522,5289,3101,4466,6012,9302,2799,9970,6271,8853,6565,6973,9238,8793,0096
5913/25,19/01/2025,Sun,6833,7485,1124,1187,3483,6521,0919,7668,8502,5225,8977,1870,4134,4281,9287,7785,8237,1382,4705,6472,0920,6207,7931
5914/25,22/01/2025,Wed,8379,6785,3020,5363,1674,7547,3415,0721,8173,2276,3298,0721,9855,6546,4683,5600,8965,5276,8031,3668,7504,7605,1334
5915/25,25/01/2025,Sat,1867,4127,1527,1726,8756,7844,4808,2996,6212,2524,4086,6850,8222,1374,3982,9441,1521,6371,2902,1797,4013,1744,7342
5916/25,26/01/2025,Sun,2511,4826,0064,8528,1625,0512,9963,4682,0902,8670,8259,5612,2330,7621,0478,7942,2974,2453,4100,1923,1289,0881,8688
5917/25,28/01/2025,Tue,8544,2896,6238,5090,8020,5495,7453,8250,9183,2018,9915,2323,4109,4553,3982,3089,2407,4327,9216,4163,0056,4160,4066
5918/25,29/01/2025,Wed,6673,5342,5287,5341,1307,4272,6666,3509,1781,5259,0992,8848,4787,3914,9231,6782,8218,5850,7524,3036,5551,9712,7061
5919/25,01/02/2025,Sat,5036,0553,4367,5221,2625,4756,5304,2532,1829,3900,0362,0117,0357,7723,5481,7200,6874,1214,8716,9009,2913,9862,0905
5920/25,02/02/2025,Sun,3262,0869,0369,9421,2450,2962,8273,9938,5963,7745,0164,6385,0178,1631,1638,7377,1956,1046,0024,6518,5113,2480,7500
5921/25,04/02/2025,Tue,2163,9350,5213,4812,4879,9913,8940,4364,1420,5894,0091,5726,3825,5436,0272,3876,0513,7643,2342,7517,4067,3567,4052
5922/25,05/02/2025,Wed,7883,1436,0886,1523,2125,4111,3731,7934,8026,6231,1776,3144,5547,1902,0433,0085,0014,2564,1624,8176,1653,6914,3142
5923/25,08/02/2025,Sat,9031,6639,1715,2777,6610,2476,3430,7660,6171,0078,1228,6634,5786,9121,3526,1576,7535,8148,1356,8416,0295,9137,2653
5924/25,09/02/2025,Sun,4869,5045,3828,9730,7030,8231,3734,6419,8829,4366,1339,4206,3730,8277,1300,8880,2501,8809,6621,0594,4614,8992,0630
5925/25,11/02/2025,Tue,8071,2750,0334,3053,6964,4289,9666,0943,8344,0597,0013,0775,1106,8932,6587,2781,4589,9650,7878,5439,1112,4090,3572
5926/25,12/02/2025,Wed,8415,4516,1773,5108,4397,4054,4621,3520,2506,4304,2646,9634,5960,3344,4644,2760,7709,2310,7291,8333,3948,1950,5538
5927/25,15/02/2025,Sat,5255,4970,2192,6842,8795,2709,5003,1752,8774,3175,9956,9369,2812,7651,6299,0263,2088,7473,9709,3212,0435,0086,9183
5928/25,16/02/2025,Sun,0149,7172,0177,2032,2062,7111,4088,0627,2577,9562,7400,4621,6119,8442,2180,8469,9078,5605,6508,7802,7261,9801,8427
5929/25,19/02/2025,Wed,8744,0746,3178,4168,2120,1937,0112,7636,9622,1155,8555,4500,5681,1598,3104,9367,2189,3978,0701,8527,9326,9287,3830
5930/25,22/02/2025,Sat,7824,5447,9626,3533,0739,3329,0502,8374,5555,3950,6611,0682,1797,1844,2186,2348,3934,1196,5608,2235,8420,5304,9678
5931/25,23/02/2025,Sun,6669,9494,4328,9565,4757,2329,9258,3294,4628,2411,2843,2324,7133,0315,4768,8261,7968,3109,3661,1211,6841,0981,5580
5932/25,26/02/2025,Wed,5345,6227,7984,0776,6672,6630,6195,6606,0387,9617,8586,3356,3104,9932,4271,0486,3870,2011,5308,3988,4434,2621,9102
5933/25,01/03/2025,Sat,3033,6184,1966,1144,9119,6801,0610,5572,1013,8721,8323,6956,3298,3310,8944,1579,2855,8756,1391,2185,0722,0680,5046
5934/25,02/03/2025,Sun,4509,5145,3084,2344,0788,6393,6487,4964,7217,8570,1215,2113,7862,4587,5514,0142,1959,4132,3525,7980,8860,6448,1543
5935/25,05/03/2025,Wed,5910,6384,9327,5478,2938,6638,1267,4744,6822,8548,7497,1977,5897,6832,8964,4445,5074,0958,6990,8171,6717,7504,6390
5936/25,08/03/2025,Sat,6756,2149,1103,4866,0512,2060,5559,3733,7475,4709,9486,8254,3540,4008,5809,7189,8573,0609,6873,6239,4347,3742,0388
5937/25,09/03/2025,Sun,4788,1954,2546,4568,4130,8911,2035,9396,9313,8421,5324,5601,2035,8388,5972,9214,6269,6257,1376,8442,8349,6970,2002
5938/25,12/03/2025,Wed,7064,8154,1615,4956,0070,3936,4639,0014,5384,0698,3607,2637,0235,9719,5956,5592,3558,5180,4422,9060,3097,6609,4022
5939/25,15/03/2025,Sat,4656,6194,9617,1120,5865,1609,1027,7652,3250,9290,5692,9896,7051,7430,5782,9371,2283,6730,9061,2105,1731,5095,0397
5940/25,16/03/2025,Sun,6816,0932,2943,9800,9653,5295,0901,5602,5040,3982,4668,7576,7648,9982,7026,8149,0692,0738,7426,9221,9227,5064,0520
5941/25,19/03/2025,Wed,4306,8492,3110,5350,3396,3969,8882,6238,1764,3271,6062,7273,1364,3175,6458,1619,4079,5483,2183,9251,3759,1078,3860
5942/25,22/03/2025,Sat,6050,0140,8154,1972,0623,6874,4036,8714,9154,8668,2956,4847,2681,7057,1346,6818,0677,0032,9117,6444,4329,4676,1912
5943/25,23/03/2025,Sun,3168,1143,0281,1615,0826,9073,7227,5957,7917,1394,5247,3263,3658,2869,0074,7354,4871,9826,4762,4115,7913,3325,8098
5944/25,26/03/2025,Wed,0836,1526,2198,7938,4738,5806,3657,8499,8806,3078,9088,6798,2253,2515,7598,5934,3356,5909,3859,8694,8023,5296,3125
5945/25,29/03/2025,Sat,4486,5704,5328,3102,2769,5886,5548,4456,7357,0281,7899,4919,1544,8276,4832,5010,2226,7779,0407,4047,1593,1494,9587
5946/25,30/03/2025,Sun,5469,6161,9179,4255,9167,7502,7751,4115,2086,7020,2774,6073,3204,0830,3869,3070,3514,6762,0549,6895,8871,3316,3701
5947/25,02/04/2025,Wed,1916,9092,9917,4212,6301,6645,1392,8491,0325,2590,2339,2756,6281,6868,1707,8382,2404,5004,2199,4137,3065,3550,7433
5948/25,05/04/2025,Sat,4626,1432,0518,9127,4251,1960,8499,0008,8551,9993,3665,1762,8627,1506,2974,5087,1940,9394,7842,1270,1564,3027,1447
5949/25,06/04/2025,Sun,0127,2613,9913,3223,0844,3254,6371,4248,9272,6563,1692,6062,0518,8737,8140,2201,2329,0067,6481,0076,9411,6550,6810
5950/25,09/04/2025,Wed,0542,5225,4543,5064,1607,1754,0401,4365,5539,4049,1647,0003,8104,4084,2301,9552,0649,2391,7479,2600,7397,8990,8066
5951/25,12/04/2025,Sat,5527,2167,4918,1013,3782,8087,6664,3444,1526,5108,7525,8848,1867,4279,1207,3312,9091,8036,3747,7740,2781,4657,7315
5952/25,13/04/2025,Sun,1899,5787,0273,8053,3126,2212,6094,2062,0190,0148,9891,2743,3055,2695,9633,7222,7583,4887,5805,2629,1451,8500,9770
5953/25,16/04/2025,Wed,9491,1829,0369,5320,6241,2328,0035,9761,4492,4508,2202,4182,1547,0237,9432,1768,6037,7054,0254,2247,6275,7548,7643
5954/25,19/04/2025,Sat,4778,3897,6701,8388,3120,3677,7318,4401,0982,4338,9960,9030,8511,9588,4160,9985,5371,3933,1128,7730,1639,7777,1369
5955/25,20/04/2025,Sun,2517,0841,1012,7333,1294,0623,6791,5096,5795,5183,7300,4523,9780,5276,4194,7213,7527,8688,1190,5143,9273,1014,2226
5956/25,23/04/2025,Wed,0143,1217,7144,2659,5112,2401,0414,7237,9663,3904,2103,6905,8884,6712,5253,2245,9622,0292,9473,1541,9279,7596,3783
5957/25,26/04/2025,Sat,1521,2270,5599,1273,8605,0316,1872,9952,5330,9178,5438,4313,7996,3397,1046,6516,9620,7656,8281,3111,6094,3199,4645
5958/25,27/04/2025,Sun,6418,9074,0858,4500,5825,9149,8188,5276,1445,9261,2329,7301,8931,5342,6161,2955,2650,2560,9664,6688,5033,4094,0570
5959/25,29/04/2025,Tue,5581,2640,5244,6668,0066,4426,0105,2432,9505,0338,2547,9791,3538,3383,8034,4338,0328,9608,6597,2075,8476,4238,6225
5960/25,30/04/2025,Wed,2448,3695,1275,0770,0338,6244,2243,1382,4606,3994,2263,3699,4924,2193,0349,5745,3083,3168,9332,7654,8448,3550,7963
5961/25,03/05/2025,Sat,3305,4773,6486,5203,3938,9680,9024,4069,8982,2286,0383,0936,6485,9225,3891,2824,8512,8840,3800,8409,3219,7445,5845
5962/25,04/05/2025,Sun,5678,6727,2983,4440,1952,0483,4863,0276,2053,5488,4567,7789,3520,5575,1586,2914,2445,9938,4180,0669,1687,0783,6194
5963/25,07/05/2025,Wed,0232,3890,9313,8637,9172,0389,7827,5243,2818,6361,8068,1991,6409,1015,0038,8631,7292,8399,8507,2446,0484,0004,0049
5964/25,10/05/2025,Sat,0418,1513,7584,0588,6270,7492,9701,5710,5868,1982,4659,0865,1071,0842,8869,8796,0629,7026,4530,1792,9307,0220,5664
5965/25,11/05/2025,Sun,4272,3275,5957,7853,0910,3958,4211,7533,3431,7027,8462,7992,7754,6220,4119,8911,0056,6438,4718,5788,4285,3846,5021
5966/25,14/05/2025,Wed,9544,1295,5223,0974,2580,6267,6138,0599,6858,0698,4891,9459,2323,7425,2639,4782,8172,7213,4942,8990,1770,4339,8827
5967/25,17/05/2025,Sat,8003,1134,6705,7015,0911,8223,6103,6867,3927,1278,0654,3479,4200,9637,5488,6264,8537,8154,9531,6305,6355,6258,4870
5968/25,18/05/2025,Sun,7283,3922,3821,2517,7551,7150,5163,0934,1203,1765,4018,0638,0436,7541,1337,9963,0814,3442,5362,8660,9834,6328,8848
5969/25,21/05/2025,Wed,2776,3313,4628,5351,5517,9712,9826,3177,8671,4775,1238,3013,0994,2256,8266,3922,1391,9585,0761,0491,1539,6090,0961
5970/25,24/05/2025,Sat,7598,0905,5645,7928,0653,3765,1696,0806,7544,2363,3923,8027,1966,8271,5012,0155,5279,6025,1439,9530,6877,2932,1482
5971/25,25/05/2025,Sun,9850,7524,0007,1069,5417,8962,5393,4478,2147,0601,3364,5399,2671,5206,7789,6119,5553,3395,7325,8098,8806,7524,1098
5972/25,27/05/2025,Tue,4406,6427,7781,8856,3135,4520,5353,4198,8994,5950,4158,8118,1411,6424,2514,7976,4959,2323,5657,8941,3169,6732,7991
5973/25,28/05/2025,Wed,1569,6018,9907,3973,3438,9536,9643,6704,6052,5648,3872,8316,1766,5965,4706,0861,0915,1604,3513,9764,6803,0046,4338
5974/25,31/05/2025,Sat,5720,6202,6408,4884,5741,2339,7650,9123,2408,6437,8807,5402,1984,1910,1874,3292,7820,8514,1898,2440,7703,0526,9389
5975/25,01/06/2025,Sun,6237,2399,5085,1559,5498,9357,6441,2391,4317,0982,2346,6309,0093,1369,5476,2275,1313,1893,5411,1847,5600,4671,0094
5976/25,04/06/2025,Wed,3036,5509,6967,9214,6072,6673,0019,6291,3127,7990,8056,3156,0199,2083,5106,3850,5207,1033,1868,8421,9524,5233,3796
5977/25,07/06/2025,Sat,7467,0945,7124,0747,2777,5217,4971,9871,4944,2192,1256,3180,1140,9074,0065,1034,2513,0482,2977,7668,2875,2530,2867
5978/25,08/06/2025,Sun,3866,5899,3050,6724,4221,7130,2717,6341,0126,5911,2165,3936,9542,2159,6765,6644,3747,6665,5651,9299,5612,7164,6336
5979/25,11/06/2025,Wed,1470,8463,8091,1438,5628,6247,3112,3952,4263,5286,2017,1507,7327,5444,6146,5735,2966,9255,0530,6704,0492,7827,2353
5980/25,14/06/2025,Sat,7842,4346,5602,2814,5286,7475,3143,2765,5326,2292,5017,9495,3495,1517,1582,2400,2150,1351,0367,6685,8304,4346,3199
5981/25,15/06/2025,Sun,2127,9630,2778,2151,5338,8509,5944,4774,2444,7921,6627,2242,1130,8205,2699,0712,1345,4266,2421,4302,6423,2438,6479
5982/25,18/06/2025,Wed,2943,5660,5100,9041,7314,7479,6487,1782,0206,0741,2949,4654,7732,1348,0139,2224,8679,3407,0382,9665,3278,8104,2995
5983/25,21/06/2025,Sat,7578,1494,5287,5252,2360,1856,6562,8427,8959,8469,6571,4292,6726,4024,0466,2864,3175,3783,0568,1637,8658,9851,9897
5984/25,22/06/2025,Sun,5036,0150,6461,6517,9583,8158,8454,4813,6674,0031,5408,2825,8583,4697,1319,6000,0710,3929,9995,8966,0369,7913,8100
5985/25,25/06/2025,Wed,3189,8953,3796,4334,5884,6845,7995,7816,8678,4349,7376,5811,5009,5160,1051,4019,5323,6947,1219,9621,1591,0580,3769
5986/25,28/06/2025,Sat,6490,6640,9952,3475,7441,2743,7918,7674,8767,9224,8869,1069,2170,9434,8562,6745,3255,6448,4290,9579,4208,1422,8547
5987/25,29/06/2025,Sun,8397,9695,8179,2933,2987,2925,6802,8192,1223,4171,8500,7165,1132,7298,3416,0185,8052,7773,9624,8404,5113,3775,1683
5988/25,02/07/2025,Wed,3607,4934,6968,7094,7019,4469,4136,7911,5029,8437,8828,4124,8613,7326,6918,7295,1009,6405,2992,2513,2332,3321,4535
5989/25,05/07/2025,Sat,3225,6710,3929,0407,6245,7097,1208,8145,9291,3736,3685,7903,5863,0608,3055,1484,1889,6107,9264,6953,7329,3899,8487
5990/25,06/07/2025,Sun,9885,7242,0807,9304,1213,7393,7459,7954,1274,6210,5002,7861,5603,2118,8561,6315,4641,1625,0121,5997,7567,7384,8965
5991/25,09/07/2025,Wed,5357,5400,2915,4447,6229,8647,9693,6747,1814,2933,5039,9160,2032,1690,0677,6519,6906,6800,7329,9965,2736,4845,4182
5992/25,12/07/2025,Sat,3122,7317,0271,0170,5886,4352,0639,1781,7894,9164,2568,6793,3110,7887,3916,4580,1868,2321,0961,6376,8188,1558,7890
5993/25,13/07/2025,Sun,4900,2018,0487,3248,4258,0156,4089,4727,5215,7204,2088,1758,3115,7820,8971,6237,5284,0289,4079,4540,0888,0077,5943
5994/25,16/07/2025,Wed,7242,5699,7044,3707,9449,4341,9884,8844,6130,8026,9045,1722,8600,8979,3992,4681,1719,5841,5845,6397,9235,9155,0355
5995/25,19/07/2025,Sat,6570,7068,6731,9223,3399,7299,4064,6053,2896,2473,9882,7193,8645,7802,3688,1262,3081,4642,2632,0906,1801,1095,2835
5996/25,20/07/2025,Sun,6102,4297,1791,7183,6464,5257,3181,1576,7372,6930,2967,5434,7790,5177,2547,6989,7698,8765,9483,0784,3775,9949,5821
5997/25,23/07/2025,Wed,7186,9462,5514,8513,5890,6584,6087,7639,1827,3463,3709,7017,6235,5908,2180,2124,9270,0431,9080,9012,6946,6382,5648
5998/25,26/07/2025,Sat,3608,2764,9624,9316,7576,2246,5885,2806,4756,0030,4483,7397,0055,6088,3141,4690,8643,7799,7510,6446,9752,5125,5796
5999/25,27/07/2025,Sun,2209,3341,0887,1317,0067,5919,9566,9210,8985,4193,2594,8115,0592,0070,0398,3671,6328,5747,6404,4154,0900,5155,7321
6000/25,29/07/2025,Tue,5355,3354,8812,8726,8945,1151,5685,7544,7390,2525,1712,2484,6018,4143,0601,6647,6990,5024,5753,8421,6253,7713,4201
6001/25,30/07/2025,Wed,5766,7670,6764,3042,3549,9498,2575,5049,3807,8868,5735,6053,0923,2235,9101,0859,7867,2304,9248,4832,0241,3348,6558
6002/25,02/08/2025,Sat,6501,8508,5288,5994,4748,6171,3806,5868,1567,6324,0884,8815,3907,9279,7401,8520,9277,3272,9129,2550,5108,6021,0796
6003/25,03/08/2025,Sun,4173,5192,9845,6808,8100,9456,2329,8593,8468,9155,6834,3866,6152,8577,1984,9168,0068,4526,7909,8490,6947,7165,1910
6004/25,06/08/2025,Wed,6917,5562,0060,6742,6845,3552,3768,7551,8964,4321,4256,3508,0956,4721,3634,8971,7757,5342,7843,7604,1526,2693,9562
6005/25,09/08/2025,Sat,3375,0957,9154,2309,7676,1344,1574,3494,2886,4822,8469,4537,1294,3847,2893,0063,3621,9392,3816,0062,4372,1257,2872
6006/25,10/08/2025,Sun,4861,8352,3695,4160,2981,5888,6143,4484,2967,7101,9899,5314,5537,3534,5263,0589,4080,7187,3628,2085,1469,6188,3420
6007/25,13/08/2025,Wed,2068,1384,4249,7496,4482,9725,1583,6009,0393,0175,8341,7721,5280,1178,2932,5913,3717,9819,6180,9710,7695,3450,5840
6008/25,16/08/2025,Sat,9562,8427,3839,8201,6786,0021,1886,2075,1130,7824,8890,3246,2026,6502,2799,6952,3481,7709,2583,1445,5733,3891,9835
6009/25,17/08/2025,Sun,8896,1600,7599,2692,1340,6126,5526,4875,2610,3475,9950,3436,1123,9361,1317,6327,4790,7294,5362,7626,9657,8437,4145
6010/25,20/08/2025,Wed,7004,5931,8786,0584,6309,1694,0811,4518,9420,2867,0983,8395,4069,6928,6957,2433,6644,7347,0890,8679,0230,3748,3282
6011/25,23/08/2025,Sat,3687,6722,3794,9169,0011,7359,4296,3959,7202,8809,4673,4670,8485,5646,5220,9380,8702,6831,1267,3234,9530,5522,7786
6012/25,24/08/2025,Sun,2588,4156,8453,4259,8964,4370,7767,6865,7628,0632,5080,6967,6052,1051,7490,8477,5359,2151,2813,5193,2352,0413,4363
6013/25,27/08/2025,Wed,2177,4584,1219,9175,7903,3172,9461,6603,8473,6218,0353,2909,2099,3892,4765,1054,8898,2485,9158,1518,2416,5431,2190
6014/25,30/08/2025,Sat,7625,2310,1688,3741,2399,9686,7180,1192,9592,9377,9779,9193,9285,8245,2003,5790,3861,6227,2026,3799,2637,8187,6630
6015/25,31/08/2025,Sun,1256,2566,3900,9490,3612,9627,6496,8643,8161,7737,9282,8119,6924,6250,4078,4247,1875,0834,6663,2866,4980,5016,4322
6016/25,03/09/2025,Wed,8661,3934,0105,6115,1469,5226,6184,5060,1704,7173,3356,0919,7524,1285,5449,0184,4522,3580,3879,8634,0595,7646,4320
6017/25,06/09/2025,Sat,4741,4055,5697,6045,4735,6177,5681,7991,8227,4963,1210,4300,7995,3154,3262,4791,9324,6067,3510,9067,6045,2249,8715
6018/25,07/09/2025,Sun,3140,6061,4840,5859,6807,3172,3470,4620,4013,5949,5556,3482,2619,7080,4245,7970,0460,7951,6152,2528,9308,7598,5218
6019/25,10/09/2025,Wed,9030,0507,6243,9661,4955,6771,3818,7927,8530,1784,1565,8196,7246,5013,4724,7424,3934,1610,8621,8909,4475,5971,4826
6020/25,13/09/2025,Sat,7628,3031,0042,0362,7773,7156,9198,3917,2281,3321,1490,3156,7912,2433,2872,8882,6714,4377,4938,8254,2631,5360,7049
6021/25,14/09/2025,Sun,4065,2456,2745,2370,4547,1553,8627,8444,1715,8805,6547,2313,8194,1232,2707,7208,0206,7783,2906,8423,4369,2483,3104
6022/25,17/09/2025,Wed,4208,0228,6687,8843,5375,3146,3032,2042,8374,9764,2092,6363,5975,7331,6347,0713,7114,3753,3437,0160,3561,9242,1127
6023/25,20/09/2025,Sat,9675,3841,7954,9348,2014,7060,2358,9718,3970,6537,3551,6735,4856,9697,3753,1008,2530,9406,8943,8886,5887,0834,8686
6024/25,21/09/2025,Sun,6858,2866,4814,5084,2743,8020,4962,7442,6186,3090,7512,6735,4850,5536,3241,9911,7168,8890,4388,8613,0373,0179,2238
6025/25,24/09/2025,Wed,3924,3614,0072,7547,8003,7297,0875,4173,0710,1682,3690,3018,4282,9756,3777,0296,6008,3112,1195,4757,9164,9950,9287
6026/25,27/09/2025,Sat,1370,0971,2459,1926,1230,6452,2870,3306,3853,4872,7769,0304,2575,9193,9304,7567,2410,2282,3249,8816,2207,8150,2336
6027/25,28/09/2025,Sun,5511,1526,4948,5050,7521,4765,2758,4369,9558,5908,8684,3983,6714,8840,8972,9726,6027,9014,3378,8019,6760,5637,7747
6028/25,01/10/2025,Wed,7762,2093,8659,3317,8801,4918,4966,4810,6772,2242,4062,3434,5475,3408,4326,3793,5222,4071,9919,7333,4092,3458,5849
6029/25,04/10/2025,Sat,3554,9558,8544,5463,3142,4362,7898,5617,4956,2722,3677,2539,1370,3888,5568,8910,8777,8936,6241,0429,1034,8531,2284
6030/25,05/10/2025,Sun,3151,8462,0132,8972,9653,9009,4499,7146,6965,8520,5324,6595,5687,7653,2860,4349,5010,9433,8675,2984,4083,0184,4333
6031/25,08/10/2025,Wed,7630,0245,8388,7447,1002,3736,3168,9946,2906,6124,7159,4699,2097,9972,2350,0883,8094,1707,3129,5116,9772,5376,6228
6032/25,11/10/2025,Sat,3083,4354,3165,7979,3586,8609,2621,0027,2349,4591,0166,7155,4311,6113,6576,5906,1384,3250,3455,0647,3362,8889,7096
6033/25,12/10/2025,Sun,7774,2411,0719,2173,4375,8134,3535,9576,9393,4843,3282,6592,1036,9538,0521,8167,0187,0086,7595,8836,7797,0359,5571
6034/25,15/10/2025,Wed,1873,6844,2442,6603,0572,2029,4032,3263,0001,4552,0945,5858,4920,2559,9537,1151,1371,3138,4186,8541,1385,9972,9117
6035/25,18/10/2025,Sat,9245,6250,9584,5206,7899,4881,6444,9583,6965,0061,3278,5319,4686,8771,2884,4075,3313,9897,9685,1531,4847,7763,0236
6036/25,19/10/2025,Sun,3080,2283,2040,4575,4181,6047,6119,3889,9589,0608,1737,3268,7567,6863,4547,0395,6498,0817,8453,4873,4075,6396,0901
6037/25,22/10/2025,Wed,2335,5003,0990,2562,6953,4104,1836,6491,7940,0811,7512,5366,7738,6812,9431,9426,4010,8823,2211,4587,2729,0520,0167
6038/25,25/10/2025,Sat,8137,0348,7555,7081,8536,5039,7447,9451,6391,8184,9767,0145,3545,8463,9654,5879,9488,8254,6489,5414,9152,0005,5179
6039/25,26/10/2025,Sun,2165,7876,5347,9275,7343,3874,8898,3126,0769,8908,1961,7776,0312,9406,7448,4554,1712,0500,0943,5586,9398,8551,4898
6040/25,28/10/2025,Tue,1771,1114,7142,1500,4372,7559,0722,2733,1257,7945,4893,0736,0081,8690,3319,6219,8354,8317,7027,4375,0971,5741,1095
6041/25,29/10/2025,Wed,5194,1787,3730,1188,1719,5200,9632,3447,3260,7720,5750,2834,5334,8509,2164,4975,9180,6141,1826,1530,0555,9483,1202
6042/25,01/11/2025,Sat,2066,0692,5914,9794,5987,1517,5160,2516,4256,9289,0913,1581,3408,2764,0671,6645,6946,9462,6686,8900,0746,4336,8080
6043/25,02/11/2025,Sun,4432,9511,2535,2724,5489,4805,1275,0745,2593,9865,2296,7243,7344,9807,3083,6533,8765,2844,9626,3390,1607,3845,7049
6044/25,05/11/2025,Wed,9976,1224,5704,7171,0904,0489,4408,5322,3674,0945,1336,5556,2094,8657,5723,8305,7841,5980,4600,2001,2403,7908,2461
6045/25,08/11/2025,Sat,9841,1204,0766,9585,0916,8509,4275,6864,0602,5888,7872,4897,4365,7150,1280,8443,7105,6567,7065,4657,4490,7545,6119
6046/25,09/11/2025,Sun,0139,2351,0320,2345,8736,6237,1817,9843,6427,7800,1360,8295,7889,3566,7532,4902,5047,9206,5251,2518,8639,3027,2956
6047/25,12/11/2025,Wed,1057,3526,2347,5803,0109,8518,1382,1167,3845,1822,3935,7298,6572,4231,5582,5534,4465,3367,4542,1743,5292,0516,9494
6048/25,15/11/2025,Sat,1479,9018,2853,2220,2429,3395,3392,6035,1071,1802,6739,1496,3920,8959,4711,4355,2098,7113,2144,7707,5856,7220,8040
6049/25,16/11/2025,Sun,1561,3888,6758,2376,3689,9536,2843,1469,4322,0446,6265,9947,0352,7758,5496,0295,9826,7979,0073,4095,8469,2516,3901
6050/25,19/11/2025,Wed,5371,4344,1071,2499,7838,0906,6858,5629,5406,0198,6893,9458,6085,5262,9673,9467,4362,7247,1617,0857,2361,5992,1438
6051/25,22/11/2025,Sat,7123,9217,9469,7535,7422,6766,0590,3148,3806,6052,7625,1583,0502,5277,7803,2785,7157,1339,5999,9572,0037,3198,3552
6052/25,23/11/2025,Sun,5641,6197,1927,2684,3516,4806,8197,0840,1560,5259,9365,8846,2422,8348,7308,4540,5237,3861,7546,3387,7021,3576,0598
6053/25,26/11/2025,Wed,3086,1592,6575,0644,2842,5245,4960,8670,3146,7512,1434,2564,2779,4429,8604,9078,3857,1053,9053,2862,6413,9634,2138
6054/25,29/11/2025,Sat,7032,9457,5246,3290,3310,6454,4335,2234,5554,1766,7908,3784,9965,4001,5076,3215,9851,8939,1546,6674,2808,3647,3375
6055/25,30/11/2025,Sun,9476,7706,9024,2439,1221,7210,5406,3061,5055,6301,6494,9872,0537,8157,0096,6588,9242,6946,4984,1723,6226,8050,0495
6056/25,03/12/2025,Wed,3906,1351,4921,2386,1313,6641,2360,5790,7166,0239,3392,4438,9097,4665,0549,6235,4924,2331,6691,1554,8756,0036,9554
6057/25,06/12/2025,Sat,4420,1472,3887,9766,0314,9708,2734,7136,7081,0447,5141,9997,7996,6735,6282,1465,1821,3222,7185,2247,1508,7959,6425
6058/25,07/12/2025,Sun,4726,2165,5549,5754,3991,8276,3962,3966,8036,1426,7009,7392,1886,2205,4268,2251,9630,3138,8571,6373,8148,9773,8477
6059/25,10/12/2025,Wed,6412,3223,9807,5577,1280,6513,6484,9100,8561,3073,1759,7503,5856,0097,4953,3812,9074,7302,2073,3725,3666,5247,4728
6060/25,13/12/2025,Sat,4431,2955,1581,1477,9671,0401,0335,7502,6232,9624,5793,9932,9019,1083,3833,7993,7078,4457,5992,1016,9978,2767,6252
6061/25,14/12/2025,Sun,5552,9479,2332,5115,8613,5331,1434,1553,9681,5967,5127,0446,6912,1315,4567,5597,3460,0058,8884,2407,7161,1241,0470
6062/25,17/12/2025,Wed,5157,0340,5222,9584,5976,2128,6206,0876,9329,7479,0651,6648,9816,1553,5467,2967,2528,4396,9085,4878,1161,5583,5452
6063/25,20/12/2025,Sat,5602,7605,6421,2272,4226,0544,9083,8042,0367,4504,3155,7354,5439,7707,5886,5486,2213,8723,3113,5087,2715,3881,9423
6064/25,21/12/2025,Sun,1326,2538,3666,8124,8555,9409,5495,0369,7370,9082,4208,8374,0943,5162,5964,0748,6363,3924,2179,0522,4083,8005,4867
6065/25,24/12/2025,Wed,8587,9995,5913,3950,9814,5304,9101,4101,9111,7890,0465,9390,3470,2629,8331,0856,4000,3212,9584,9686,4739,6796,2912
6066/25,27/12/2025,Sat,4302,0515,7487,5088,8381,3429,0864,1682,4637,9346,2602,0052,5323,2349,0061,8646,0344,2463,6910,1742,3286,0368,6143
6067/25,28/12/2025,Sun,9587,9642,2973,5514,7472,0204,3709,7743,3749,6197,3602,5995,1936,0658,8362,0679,3550,7949,0390,6084,6627,8293,7143
6068/25,30/12/2025,Tue,6343,0885,4951,1536,4995,4680,5787,1616,3472,1861,4426,0184,2640,4021,4967,2047,4576,3058,8252,6489,9257,7829,4670
6069/25,31/12/2025,Wed,5811,6427,0974,0301,7386,2842,6102,6078,8420,5703,0221,7665,6849,1027,1938,1271,5775,4335,7589,1437,2710,9333,4177
6070/26,03/01/2026,Sat,6720,7909,1455,6718,2139,6878,9815,6054,1255,1966,1274,5320,1052,8388,4571,6383,6204,9827,5056,2452,3649,6124,0506
6071/26,04/01/2026,Sun,8461,5410,9912,9424,1050,4918,8588,3983,8896,7997,2990,2088,0402,2640,8882,1306,9346,9593,3970,5557,5664,4506,4612
6072/26,07/01/2026,Wed,0123,0961,7174,4759,5385,2474,3374,1620,3094,1932,1426,7218,2692,0013,3096,9484,6970,5274,0352,4566,3765,0695,6988
6073/26,10/01/2026,Sat,8617,9831,3017,6068,1088,9883,0413,1847,3823,4229,0450,2114,4668,4955,3648,2539,4436,0348,1277,5260,8730,2936,8446
6074/26,11/01/2026,Sun,2425,0274,4854,9754,1881,9032,4290,9909,7370,6187,8473,7124,4307,2475,7318,2629,8404,2271,3214,3315,1410,8736,7854
6075/26,14/01/2026,Wed,4859,7935,2468,0309,7826,3141,0757,7673,9352,5465,4402,4723,2948,1708,8189,8663,2614,1877,5443,6861,0116,7788,9087
6076/26,17/01/2026,Sat,5816,5501,1630,4153,0401,0392,5764,3026,4395,3451,0689,8682,3777,8088,4080,5669,4542,1604,1577,7168,1470,0319,0182
6077/26,18/01/2026,Sun,2581,0704,2756,7661,5634,9615,2267,3851,1008,8312,4936,4321,4986,0295,7966,2140,9102,0020,7501,5257,5582,1434,7130
6078/26,21/01/2026,Wed,9561,3838,3374,6542,4992,5636,7697,9656,8102,0134,4992,5694,5470,3144,9908,3347,1913,3789,2095,9130,3386,9362,7715
6079/26,24/01/2026,Sat,0724,8587,4354,6779,2031,7526,7011,3395,2520,2435,7230,7802,8422,2065,3468,8928,7761,9735,8843,7065,2012,7269,0577
6080/26,25/01/2026,Sun,8630,0354,0358,5330,1549,7653,2068,3857,2580,5743,4655,9437,6190,9331,6235,0737,8030,8012,0011,5502,8955,4737,1739
6081/26,27/01/2026,Tue,8426,5794,0997,0370,9374,4744,6368,0144,1905,4464,9120,0443,7885,0219,8610,8700,6639,5697,0455,7175,3688,7694,2392
6082/26,28/01/2026,Wed,3610,6008,5278,7006,4133,2967,8681,0295,3696,2179,6968,9806,0520,6517,3072,7334,8115,4794,0844,2394,4407,5769,1584
6083/26,31/01/2026,Sat,7094,6951,0756,3549,0697,0249,6392,6811,6129,9090,2252,2785,7889,2976,6657,7248,2642,9131,9319,7086,5254,2921,2277
6084/26,01/02/2026,Sun,4002,6459,1785,4811,7766,3266,3173,1984,7347,8543,7189,4634,5537,8677,2229,7451,5929,1352,3778,6088,1936,3918,9962
6085/26,04/02/2026,Wed,0338,9428,4436,5850,6843,4529,9745,9153,5908,6119,9136,4981,2416,5549,9044,0237,4781,5264,8317,4308,2634,2552,8362
6086/26,07/02/2026,Sat,6777,9948,5085,7272,6226,7458,9311,3031,3408,6183,5554,4113,4850,5485,2174,9558,6806,6681,4290,1815,5515,8748,3683
6087/26,08/02/2026,Sun,1562,0756,5515,7427,0097,2807,3180,8834,9253,2982,0442,5927,1966,9211,7149,2060,0205,6473,9711,1256,6317,2634,3378
6088/26,10/02/2026,Tue,9500,0539,4510,4994,2313,7385,9249,5457,0958,3043,8844,6767,1792,1363,2810,0334,3569,5633,0251,4804,1459,0167,3805
6089/26,11/02/2026,Wed,0444,7857,8826,6906,4964,3627,9475,0876,4744,9337,8835,8012,3462,6836,4640,0710,1351,8538,0550,5573,2255,9738,3402
6090/26,14/02/2026,Sat,2590,9864,3153,7452,7817,9924,3901,7287,5031,8840,3650,6319,9048,2913,8022,4344,2802,2307,8144,2867,5534,0837,5455
6091/26,15/02/2026,Sun,8362,3137,0783,8608,2704,1825,7647,0866,8895,2786,5013,3838,5732,5403,8002,9963,9898,3786,1991,6342,4698,8018,8222
6092/26,17/02/2026,Tue,5239,7318,3358,8581,7992,0154,0052,7330,7561,9351,7598,7684,5806,3046,1820,2827,5548,5442,3541,9402,6094,7822,6992
6093/26,18/02/2026,Wed,9991,6676,0430,6986,5661,2702,2371,3392,5426,9461,2350,0986,5029,5953,0379,5233,7411,9461,9841,2438,7159,9988,4543
6094/26,21/02/2026,Sat,1326,2106,5097,5990,9605,3944,2492,8466,0778,8545,0038,6362,5444,3073,6417,9655,0094,0627,4790,1799,5141,3395,0030
6095/26,22/02/2026,Sun,3294,6710,7919,3543,8142,0712,7493,9645,0134,3733,3361,8091,6240,1927,5797,1468,6862,1125,2022,8886,6717,6476,7419
6096/26,25/02/2026,Wed,3814,7343,9748,6903,4138,5411,2241,3034,9657,1290,3887,7524,6502,0745,6895,5600,9089,5109,7200,8264,8334,5791,4670
6097/26,28/02/2026,Sat,0965,0068,5032,4236,7742,5463,4666,4176,8558,4764,3810,1063,0106,0519,7792,6764,5763,1955,7776,2334,6477,9100,5048
6098/26,01/03/2026,Sun,6210,0247,9080,9649,0567,9207,5916,7971,0000,2279,9334,8205,2882,8229,4742,4000,9979,4509,1781,5788,9259,0232,9483
6099/26,04/03/2026,Wed,5347,2165,4113,0824,5196,6745,3410,7453,4351,3057,1883,7812,6668,6397,7389,7415,0123,4123,4963,6826,8144,7912,1281
6100/26,07/03/2026,Sat,6931,5178,8138,6680,4685,4514,6561,1292,8427,1408,8569,1118,3811,3137,3176,3481,5612,7138,8733,4613,7028,1483,0484
6101/26,08/03/2026,Sun,7015,0291,4864,6661,9548,4583,9151,5847,3713,1244,9944,5539,9311,2903,5022,5314,5778,9261,4239,2305,2626,9097,8712
6102/26,11/03/2026,Wed,1563,3185,6942,7242,8773,3120,5527,3299,9563,1346,2368,6598,2698,5114,6197,4432,4052,7598,6925,2060,5814,0097,0890
6103/26,14/03/2026,Sat,4714,0021,1909,3336,1095,1921,9975,9899,6561,7083,1693,5589,6299,0380,9849,4444,1369,1777,1776,8261,3854,3472,5932
6104/26,15/03/2026,Sun,5039,0631,3863,2139,2833,0929,1984,8185,1040,2304,0604,1629,9971,8758,0929,9610,2269,3220,0397,4602,6487,6356,2293
6105/26,18/03/2026,Wed,8047,4206,7103,2868,5044,0350,8483,1805,4440,4175,5938,5864,5520,9168,4536,0018,7307,1971,7771,8803,1209,6361,1044
6106/26,21/03/2026,Sat,9966,2669,4567,1303,6077,2389,3076,6909,8598,5267,9930,0983,9620,4355,8857,6096,6059,3040,1995,8937,6287,8725,3607
6107/26,22/03/2026,Sun,2956,6464,3967,7544,2798,7958,4191,3761,9657,3649,5206,8168,7500,0954,7262,6881,9389,7216,1451,7934,8093,5091,7653
6108/26,25/03/2026,Wed,8666,8159,0185,8702,4804,5338,9042,4548,5537,2358,7768,9713,7457,4997,5712,4680,6521,9582,6391,1898,8555,2524,9523
6109/26,28/03/2026,Sat,9126,0094,8615,2967,9819,5795,0711,2449,3228,3980,5112,9855,3205,7086,8568,5516,1893,2952,1319,3399,4422,1421,4131
6110/26,29/03/2026,Sun,6889,7350,1031,6674,3125,0479,6451,4243,8576,3194,0008,2822,3927,5100,0315,3888,2544,8753,6198,3019,2012,9843,1402
6111/26,01/04/2026,Wed,7497,6981,7696,5993,3740,8943,4956,2875,5215,0739,1433,9597,5283,0603,2256,4811,3199,4666,7163,3843,1646,7199,4665
6112/26,04/04/2026,Sat,8077,0522,6556,8003,5442,6442,7724,0367,0169,5436,4636,2184,0444,2892,0296,0724,3175,3478,5657,6993,4286,0555,1309
6113/26,05/04/2026,Sun,5884,3282,1175,9601,1322,1054,5035,9141,5825,6351,2723,7519,4888,3394,1778,2915,1372,2876,4899,5870,8000,3731,8594
6114/26,07/04/2026,Tue,0249,4974,7584,5952,7589,4989,1829,1430,1901,9251,9515,0422,1185,9202,8113,8027,7822,5417,9212,6856,1485,3106,4112
6115/26,08/04/2026,Wed,7498,1568,3021,9287,0696,4288,1990,3553,9588,9041,2136,8546,7701,0261,6544,1272,8052,2135,5667,9356,1624,4560,2640
6116/26,11/04/2026,Sat,0069,0679,6782,7779,4672,9795,6402,8998,3223,8055,9442,0372,1951,7500,6276,4314,7894,6223,2161,7715,3325,8291,6074
6117/26,12/04/2026,Sun,6414,0443,8540,3668,3112,2724,8816,2104,7910,1041,2301,6316,7940,0050,3701,3629,3322,6501,1630,8865,7376,9693,0715
6118/26,15/04/2026,Wed,5411,1941,9489,9650,8134,9881,0416,3832,6976,2025,0237,6321,7929,4885,3199,7521,6702,4188,5498,3567,4133,3377,5153
6119/26,18/04/2026,Sat,7372,9897,8333,0019,9003,0985,9083,7538,7772,2710,2981,3665,9651,3291,1490,7274,8774,7429,9775,1823,1695,9416,8231
6120/26,19/04/2026,Sun,2873,5486,2084,7865,7677,4968,8744,2598,5285,1247,9860,4039,6750,1213,5642,0430,2444,2285,8400,4605,2959,4589,2494
6121/26,22/04/2026,Wed,4671,0306,4025,6524,8208,4543,9208,7795,6394,7943,8713,2759,9126,4856,8927,8354,2215,6917,1348,3786,6728,1225,5544
6122/26,25/04/2026,Sat,7754,2965,2627,8612,1335,3060,6901,1442,9712,8710,4558,2483,5478,0016,1636,1536,8181,4531,8468,4495,5663,3388,0665
6123/26,26/04/2026,Sun,5110,5751,7296,3486,9345,2840,8214,4346,1164,0052,2758,9250,3778,5597,0544,6116,8831,7543,1474,3637,6240,0969,8395
6124/26,29/04/2026,Wed,0372,4195,2762,6398,6898,7215,0322,5589,7789,4276,8551,1682,4321,9874,8730,4169,9435,4234,3399,1750,3918,3774,5390
6125/26,02/05/2026,Sat,6417,1715,8053,8453,4949,2441,5396,1021,5415,3018,3559,7945,5606,0425,5946,6325,8779,7904,4271,2338,3135,2630,9401
6126/26,03/05/2026,Sun,9434,2227,2707,1532,9125,0946,5754,7436,5536,9939,9543,2126,5496,9240,8343,5929,6759,2124,2346,5462,4262,9699,9357
6127/26,06/05/2026,Wed,5396,9186,4828,4411,5941,3134,7896,9527,9212,5476,3554,4729,4036,2506,6516,0574,9973,0957,8119,7334,8106,1413,5839
6128/26,09/05/2026,Sat,4632,2900,7673,8148,0919,1165,8456,5906,0033,5075,3076,1380,4859,8133,0237,0420,4770,5604,1601,7017,6398,1355,0689
6129/26,10/05/2026,Sun,7203,6873,9556,8161,9955,3196,1785,3165,0251,4306,7196,9296,1858,7200,2201,6244,8332,5548,3051,2557,7958,6212,6033
6130/26,13/05/2026,Wed,8142,8308,3075,6962,9106,8536,4235,4059,2212,8306,0200,5261,7647,9445,4032,6881,9885,1224,1817,2152,7247,6872,5546
